 0.00000000e+00  0.00000000e+00  0.00000000e+00  1.10131101e+00 
 1.00000000e-14  1.00000000e-14  1.00000000e-14  1.10132919e+00 
 2.00000000e-14  2.00000000e-14  2.00000000e-14  1.10134552e+00 
 4.00000000e-14  4.00000000e-14  4.00000000e-14  1.10137533e+00 
 8.00000000e-14  8.00000000e-14  8.00000000e-14  1.10142356e+00 
 1.60000000e-13  1.60000000e-13  1.60000000e-13  1.10149974e+00 
 3.20000000e-13  3.20000000e-13  3.20000000e-13  1.10161659e+00 
 6.40000000e-13  6.40000000e-13  6.40000000e-13  1.10177632e+00 
 1.00000000e-12  1.00000000e-12  1.00000000e-12  1.10186739e+00 
 1.06400000e-12  1.06400000e-12  1.06400000e-12  1.10181979e+00 
 1.19200000e-12  1.19200000e-12  1.19200000e-12  1.10176206e+00 
 1.44800000e-12  1.44800000e-12  1.44800000e-12  1.10172491e+00 
 1.96000000e-12  1.96000000e-12  1.96000000e-12  1.10168933e+00 
 2.96333119e-12  2.96333119e-12  2.96333119e-12  1.10165077e+00 
 4.88859144e-12  4.88859144e-12  4.88859144e-12  1.10158447e+00 
 8.10073397e-12  8.10073397e-12  8.10073397e-12  1.10148541e+00 
 1.45250190e-11  1.45250190e-11  1.45250190e-11  1.10130616e+00 
 2.73735891e-11  2.73735891e-11  2.73735891e-11  1.10106462e+00 
 5.30707294e-11  5.30707294e-11  5.30707294e-11  1.10089405e+00 
 7.88116833e-11  7.88116833e-11  7.88116833e-11  1.10099423e+00 
 1.17853568e-10  1.17853568e-10  1.17853568e-10  1.10140133e+00 
 1.79805763e-10  1.79805763e-10  1.79805763e-10  1.10239691e+00 
 3.03710154e-10  3.03710154e-10  3.03710154e-10  1.10498228e+00 
 5.03710154e-10  5.03710154e-10  5.03710154e-10  1.11014246e+00 
 7.03710154e-10  7.03710154e-10  7.03710154e-10  1.11638833e+00 
 9.03710154e-10  9.03710154e-10  9.03710154e-10  1.12384423e+00 
 1.10371015e-09  1.10371015e-09  1.10371015e-09  1.13250408e+00 
 1.30371015e-09  1.30371015e-09  1.30371015e-09  1.14222963e+00 
 1.50371015e-09  1.50371015e-09  1.50371015e-09  1.15280229e+00 
 1.70371015e-09  1.70371015e-09  1.70371015e-09  1.16401907e+00 
 1.90371015e-09  1.90371015e-09  1.90371015e-09  1.17570355e+00 
 2.10371015e-09  2.10371015e-09  2.10371015e-09  1.18773643e+00 
 2.30371015e-09  2.30371015e-09  2.30371015e-09  1.20002266e+00 
 2.50371015e-09  2.50371015e-09  2.50371015e-09  1.21250594e+00 
 2.70371015e-09  2.70371015e-09  2.70371015e-09  1.22513534e+00 
 2.90371015e-09  2.90371015e-09  2.90371015e-09  1.23788323e+00 
 3.10371015e-09  3.10371015e-09  3.10371015e-09  1.25071766e+00 
 3.30371015e-09  3.30371015e-09  3.30371015e-09  1.26362308e+00 
 3.50371015e-09  3.50371015e-09  3.50371015e-09  1.27657530e+00 
 3.70371015e-09  3.70371015e-09  3.70371015e-09  1.28956357e+00 
 3.90371015e-09  3.90371015e-09  3.90371015e-09  1.30256683e+00 
 4.10371015e-09  4.10371015e-09  4.10371015e-09  1.31557602e+00 
 4.30371015e-09  4.30371015e-09  4.30371015e-09  1.32857103e+00 
 4.50371015e-09  4.50371015e-09  4.50371015e-09  1.34154295e+00 
 4.70371015e-09  4.70371015e-09  4.70371015e-09  1.35447153e+00 
 4.90371015e-09  4.90371015e-09  4.90371015e-09  1.36734726e+00 
 5.10371015e-09  5.10371015e-09  5.10371015e-09  1.38014927e+00 
 5.30371015e-09  5.30371015e-09  5.30371015e-09  1.39286722e+00 
 5.50371015e-09  5.50371015e-09  5.50371015e-09  1.40547960e+00 
 5.70371015e-09  5.70371015e-09  5.70371015e-09  1.41797543e+00 
 5.90371015e-09  5.90371015e-09  5.90371015e-09  1.43033292e+00 
 6.10371015e-09  6.10371015e-09  6.10371015e-09  1.44254091e+00 
 6.30371015e-09  6.30371015e-09  6.30371015e-09  1.45457787e+00 
 6.50371015e-09  6.50371015e-09  6.50371015e-09  1.46643308e+00 
 6.70371015e-09  6.70371015e-09  6.70371015e-09  1.47808593e+00 
 6.90371015e-09  6.90371015e-09  6.90371015e-09  1.48952686e+00 
 7.10371015e-09  7.10371015e-09  7.10371015e-09  1.50073696e+00 
 7.30371015e-09  7.30371015e-09  7.30371015e-09  1.51170868e+00 
 7.50371015e-09  7.50371015e-09  7.50371015e-09  1.52242575e+00 
 7.70371015e-09  7.70371015e-09  7.70371015e-09  1.53288361e+00 
 7.90371015e-09  7.90371015e-09  7.90371015e-09  1.54306954e+00 
 8.10371015e-09  8.10371015e-09  8.10371015e-09  1.55298261e+00 
 8.30371015e-09  8.30371015e-09  8.30371015e-09  1.56261415e+00 
 8.50371015e-09  8.50371015e-09  8.50371015e-09  1.57196691e+00 
 8.70371015e-09  8.70371015e-09  8.70371015e-09  1.58103581e+00 
 8.90371015e-09  8.90371015e-09  8.90371015e-09  1.58982661e+00 
 9.10371015e-09  9.10371015e-09  9.10371015e-09  1.59833681e+00 
 9.30371015e-09  9.30371015e-09  9.30371015e-09  1.60657411e+00 
 9.50371015e-09  9.50371015e-09  9.50371015e-09  1.61453776e+00 
 9.70371015e-09  9.70371015e-09  9.70371015e-09  1.62223654e+00 
 9.90371015e-09  9.90371015e-09  9.90371015e-09  1.62967068e+00 
 1.01037102e-08  1.01037102e-08  1.01037102e-08  1.63684953e+00 
 1.03037102e-08  1.03037102e-08  1.03037102e-08  1.64377391e+00 
 1.05037102e-08  1.05037102e-08  1.05037102e-08  1.65045345e+00 
 1.07037102e-08  1.07037102e-08  1.07037102e-08  1.65688932e+00 
 1.09037102e-08  1.09037102e-08  1.09037102e-08  1.66309132e+00 
 1.11037102e-08  1.11037102e-08  1.11037102e-08  1.66906085e+00 
 1.13037102e-08  1.13037102e-08  1.13037102e-08  1.67480781e+00 
 1.15037102e-08  1.15037102e-08  1.15037102e-08  1.68033376e+00 
 1.17037102e-08  1.17037102e-08  1.17037102e-08  1.68564864e+00 
 1.19037102e-08  1.19037102e-08  1.19037102e-08  1.69075412e+00 
 1.21037102e-08  1.21037102e-08  1.21037102e-08  1.69566014e+00 
 1.23037102e-08  1.23037102e-08  1.23037102e-08  1.70036842e+00 
 1.25037102e-08  1.25037102e-08  1.25037102e-08  1.70488886e+00 
 1.27037102e-08  1.27037102e-08  1.27037102e-08  1.70922318e+00 
 1.29037102e-08  1.29037102e-08  1.29037102e-08  1.71338119e+00 
 1.31037102e-08  1.31037102e-08  1.31037102e-08  1.71736456e+00 
 1.33037102e-08  1.33037102e-08  1.33037102e-08  1.72118298e+00 
 1.35037102e-08  1.35037102e-08  1.35037102e-08  1.72483804e+00 
 1.37037102e-08  1.37037102e-08  1.37037102e-08  1.72833923e+00 
 1.39037102e-08  1.39037102e-08  1.39037102e-08  1.73168803e+00 
 1.41037102e-08  1.41037102e-08  1.41037102e-08  1.73489374e+00 
 1.43037102e-08  1.43037102e-08  1.43037102e-08  1.73795766e+00 
 1.45037102e-08  1.45037102e-08  1.45037102e-08  1.74088888e+00 
 1.47037102e-08  1.47037102e-08  1.47037102e-08  1.74368849e+00 
 1.49037102e-08  1.49037102e-08  1.49037102e-08  1.74636536e+00 
 1.51037102e-08  1.51037102e-08  1.51037102e-08  1.74892037e+00 
 1.53037102e-08  1.53037102e-08  1.53037102e-08  1.75136211e+00 
 1.55037102e-08  1.55037102e-08  1.55037102e-08  1.75369125e+00 
 1.57037102e-08  1.57037102e-08  1.57037102e-08  1.75591610e+00 
 1.59037102e-08  1.59037102e-08  1.59037102e-08  1.75803711e+00 
 1.61037102e-08  1.61037102e-08  1.61037102e-08  1.76006232e+00 
 1.63037102e-08  1.63037102e-08  1.63037102e-08  1.76199192e+00 
 1.65037102e-08  1.65037102e-08  1.65037102e-08  1.76383370e+00 
 1.67037102e-08  1.67037102e-08  1.67037102e-08  1.76558761e+00 
 1.69037102e-08  1.69037102e-08  1.69037102e-08  1.76726114e+00 
 1.71037102e-08  1.71037102e-08  1.71037102e-08  1.76885403e+00 
 1.73037102e-08  1.73037102e-08  1.73037102e-08  1.77037351e+00 
 1.75037102e-08  1.75037102e-08  1.75037102e-08  1.77181906e+00 
 1.77037102e-08  1.77037102e-08  1.77037102e-08  1.77319768e+00 
 1.79037102e-08  1.79037102e-08  1.79037102e-08  1.77450861e+00 
 1.81037102e-08  1.81037102e-08  1.81037102e-08  1.77575860e+00 
 1.83037102e-08  1.83037102e-08  1.83037102e-08  1.77694669e+00 
 1.85037102e-08  1.85037102e-08  1.85037102e-08  1.77807939e+00 
 1.87037102e-08  1.87037102e-08  1.87037102e-08  1.77915552e+00 
 1.89037102e-08  1.89037102e-08  1.89037102e-08  1.78018136e+00 
 1.91037102e-08  1.91037102e-08  1.91037102e-08  1.78115556e+00 
 1.93037102e-08  1.93037102e-08  1.93037102e-08  1.78208419e+00 
 1.95037102e-08  1.95037102e-08  1.95037102e-08  1.78296568e+00 
 1.97037102e-08  1.97037102e-08  1.97037102e-08  1.78380592e+00 
 1.99037102e-08  1.99037102e-08  1.99037102e-08  1.78460318e+00 
 2.01037102e-08  2.01037102e-08  2.01037102e-08  1.78536315e+00 
 2.03037102e-08  2.03037102e-08  2.03037102e-08  1.78608393e+00 
 2.05037102e-08  2.05037102e-08  2.05037102e-08  1.78677104e+00 
 2.07037102e-08  2.07037102e-08  2.07037102e-08  1.78742244e+00 
 2.09037102e-08  2.09037102e-08  2.09037102e-08  1.78804349e+00 
 2.11037102e-08  2.11037102e-08  2.11037102e-08  1.78863199e+00 
 2.13037102e-08  2.13037102e-08  2.13037102e-08  1.78919316e+00 
 2.15037102e-08  2.15037102e-08  2.15037102e-08  1.78972468e+00 
 2.17037102e-08  2.17037102e-08  2.17037102e-08  1.79023162e+00 
 2.19037102e-08  2.19037102e-08  2.19037102e-08  1.79071154e+00 
 2.21037102e-08  2.21037102e-08  2.21037102e-08  1.79116938e+00 
 2.23037102e-08  2.23037102e-08  2.23037102e-08  1.79160262e+00 
 2.25037102e-08  2.25037102e-08  2.25037102e-08  1.79201604e+00 
 2.27037102e-08  2.27037102e-08  2.27037102e-08  1.79240704e+00 
 2.29037102e-08  2.29037102e-08  2.29037102e-08  1.79278029e+00 
 2.31037102e-08  2.31037102e-08  2.31037102e-08  1.79313310e+00 
 2.33037102e-08  2.33037102e-08  2.33037102e-08  1.79347004e+00 
 2.35037102e-08  2.35037102e-08  2.35037102e-08  1.79378832e+00 
 2.37037102e-08  2.37037102e-08  2.37037102e-08  1.79409245e+00 
 2.39037102e-08  2.39037102e-08  2.39037102e-08  1.79437955e+00 
 2.41037102e-08  2.41037102e-08  2.41037102e-08  1.79465403e+00 
 2.43037102e-08  2.43037102e-08  2.43037102e-08  1.79491296e+00 
 2.45037102e-08  2.45037102e-08  2.45037102e-08  1.79516067e+00 
 2.47037102e-08  2.47037102e-08  2.47037102e-08  1.79539416e+00 
 2.49037102e-08  2.49037102e-08  2.49037102e-08  1.79561769e+00 
 2.51037102e-08  2.51037102e-08  2.51037102e-08  1.79582822e+00 
 2.53037102e-08  2.53037102e-08  2.53037102e-08  1.79602994e+00 
 2.55037102e-08  2.55037102e-08  2.55037102e-08  1.79621974e+00 
 2.57037102e-08  2.57037102e-08  2.57037102e-08  1.79640177e+00 
 2.59037102e-08  2.59037102e-08  2.59037102e-08  1.79657287e+00 
 2.61037102e-08  2.61037102e-08  2.61037102e-08  1.79673712e+00 
 2.63037102e-08  2.63037102e-08  2.63037102e-08  1.79689135e+00 
 2.65037102e-08  2.65037102e-08  2.65037102e-08  1.79703958e+00 
 2.67037102e-08  2.67037102e-08  2.67037102e-08  1.79717859e+00 
 2.69037102e-08  2.69037102e-08  2.69037102e-08  1.79731235e+00 
 2.71037102e-08  2.71037102e-08  2.71037102e-08  1.79743763e+00 
 2.73037102e-08  2.73037102e-08  2.73037102e-08  1.79755836e+00 
 2.75037102e-08  2.75037102e-08  2.75037102e-08  1.79767126e+00 
 2.77037102e-08  2.77037102e-08  2.77037102e-08  1.79778023e+00 
 2.79037102e-08  2.79037102e-08  2.79037102e-08  1.79788196e+00 
 2.81037102e-08  2.81037102e-08  2.81037102e-08  1.79798032e+00 
 2.83037102e-08  2.83037102e-08  2.83037102e-08  1.79807199e+00 
 2.85037102e-08  2.85037102e-08  2.85037102e-08  1.79816080e+00 
 2.87037102e-08  2.87037102e-08  2.87037102e-08  1.79824339e+00 
 2.89037102e-08  2.89037102e-08  2.89037102e-08  1.79832357e+00 
 2.91037102e-08  2.91037102e-08  2.91037102e-08  1.79839798e+00 
 2.93037102e-08  2.93037102e-08  2.93037102e-08  1.79847039e+00 
 2.95037102e-08  2.95037102e-08  2.95037102e-08  1.79853743e+00 
 2.97037102e-08  2.97037102e-08  2.97037102e-08  1.79860284e+00 
 2.99037102e-08  2.99037102e-08  2.99037102e-08  1.79866322e+00 
 3.01037102e-08  3.01037102e-08  3.01037102e-08  1.79872231e+00 
 3.03037102e-08  3.03037102e-08  3.03037102e-08  1.79877671e+00 
 3.05037102e-08  3.05037102e-08  3.05037102e-08  1.79883011e+00 
 3.07037102e-08  3.07037102e-08  3.07037102e-08  1.79887910e+00 
 3.09037102e-08  3.09037102e-08  3.09037102e-08  1.79892737e+00 
 3.11037102e-08  3.11037102e-08  3.11037102e-08  1.79897149e+00 
 3.13037102e-08  3.13037102e-08  3.13037102e-08  1.79901514e+00 
 3.15037102e-08  3.15037102e-08  3.15037102e-08  1.79905488e+00 
 3.17037102e-08  3.17037102e-08  3.17037102e-08  1.79909435e+00 
 3.19037102e-08  3.19037102e-08  3.19037102e-08  1.79913013e+00 
 3.21037102e-08  3.21037102e-08  3.21037102e-08  1.79916585e+00 
 3.23037102e-08  3.23037102e-08  3.23037102e-08  1.79919807e+00 
 3.25037102e-08  3.25037102e-08  3.25037102e-08  1.79923040e+00 
 3.27037102e-08  3.27037102e-08  3.27037102e-08  1.79925940e+00 
 3.29037102e-08  3.29037102e-08  3.29037102e-08  1.79928868e+00 
 3.31037102e-08  3.31037102e-08  3.31037102e-08  1.79931479e+00 
 3.33037102e-08  3.33037102e-08  3.33037102e-08  1.79934132e+00 
 3.35037102e-08  3.35037102e-08  3.35037102e-08  1.79936482e+00 
 3.37037102e-08  3.37037102e-08  3.37037102e-08  1.79938887e+00 
 3.39037102e-08  3.39037102e-08  3.39037102e-08  1.79941001e+00 
 3.41037102e-08  3.41037102e-08  3.41037102e-08  1.79943182e+00 
 3.43037102e-08  3.43037102e-08  3.43037102e-08  1.79945085e+00 
 3.45037102e-08  3.45037102e-08  3.45037102e-08  1.79947064e+00 
 3.47037102e-08  3.47037102e-08  3.47037102e-08  1.79948776e+00 
 3.49037102e-08  3.49037102e-08  3.49037102e-08  1.79950574e+00 
 3.51037102e-08  3.51037102e-08  3.51037102e-08  1.79952113e+00 
 3.53037102e-08  3.53037102e-08  3.53037102e-08  1.79953747e+00 
 3.55037102e-08  3.55037102e-08  3.55037102e-08  1.79955130e+00 
 3.57037102e-08  3.57037102e-08  3.57037102e-08  1.79956617e+00 
 3.59037102e-08  3.59037102e-08  3.59037102e-08  1.79957861e+00 
 3.61037102e-08  3.61037102e-08  3.61037102e-08  1.79959214e+00 
 3.63037102e-08  3.63037102e-08  3.63037102e-08  1.79960331e+00 
 3.65037102e-08  3.65037102e-08  3.65037102e-08  1.79961564e+00 
 3.67037102e-08  3.67037102e-08  3.67037102e-08  1.79962568e+00 
 3.69037102e-08  3.69037102e-08  3.69037102e-08  1.79963693e+00 
 3.71037102e-08  3.71037102e-08  3.71037102e-08  1.79964594e+00 
 3.73037102e-08  3.73037102e-08  3.73037102e-08  1.79965621e+00 
 3.75037102e-08  3.75037102e-08  3.75037102e-08  1.79966429e+00 
 3.77037102e-08  3.77037102e-08  3.77037102e-08  1.79967368e+00 
 3.79037102e-08  3.79037102e-08  3.79037102e-08  1.79968093e+00 
 3.81037102e-08  3.81037102e-08  3.81037102e-08  1.79968953e+00 
 3.83037102e-08  3.83037102e-08  3.83037102e-08  1.79969603e+00 
 3.85037102e-08  3.85037102e-08  3.85037102e-08  1.79970390e+00 
 3.87037102e-08  3.87037102e-08  3.87037102e-08  1.79970972e+00 
 3.89037102e-08  3.89037102e-08  3.89037102e-08  1.79971695e+00 
 3.91037102e-08  3.91037102e-08  3.91037102e-08  1.79972216e+00 
 3.93037102e-08  3.93037102e-08  3.93037102e-08  1.79972881e+00 
 3.95037102e-08  3.95037102e-08  3.95037102e-08  1.79973346e+00 
 3.97037102e-08  3.97037102e-08  3.97037102e-08  1.79973958e+00 
 3.99037102e-08  3.99037102e-08  3.99037102e-08  1.79974374e+00 
 4.01037102e-08  4.01037102e-08  4.01037102e-08  1.79974938e+00 
 4.03037102e-08  4.03037102e-08  4.03037102e-08  1.79975309e+00 
 4.05037102e-08  4.05037102e-08  4.05037102e-08  1.79975830e+00 
 4.07037102e-08  4.07037102e-08  4.07037102e-08  1.79976161e+00 
 4.09037102e-08  4.09037102e-08  4.09037102e-08  1.79976643e+00 
 4.11037102e-08  4.11037102e-08  4.11037102e-08  1.79976937e+00 
 4.13037102e-08  4.13037102e-08  4.13037102e-08  1.79977384e+00 
 4.15037102e-08  4.15037102e-08  4.15037102e-08  1.79977645e+00 
 4.17037102e-08  4.17037102e-08  4.17037102e-08  1.79978060e+00 
 4.19037102e-08  4.19037102e-08  4.19037102e-08  1.79978291e+00 
 4.21037102e-08  4.21037102e-08  4.21037102e-08  1.79978678e+00 
 4.23037102e-08  4.23037102e-08  4.23037102e-08  1.79978882e+00 
 4.25037102e-08  4.25037102e-08  4.25037102e-08  1.79979243e+00 
 4.27037102e-08  4.27037102e-08  4.27037102e-08  1.79979423e+00 
 4.29037102e-08  4.29037102e-08  4.29037102e-08  1.79979761e+00 
 4.31037102e-08  4.31037102e-08  4.31037102e-08  1.79979918e+00 
 4.33037102e-08  4.33037102e-08  4.33037102e-08  1.79980235e+00 
 4.35037102e-08  4.35037102e-08  4.35037102e-08  1.79980372e+00 
 4.37037102e-08  4.37037102e-08  4.37037102e-08  1.79980670e+00 
 4.39037102e-08  4.39037102e-08  4.39037102e-08  1.79980789e+00 
 4.41037102e-08  4.41037102e-08  4.41037102e-08  1.79981069e+00 
 4.43037102e-08  4.43037102e-08  4.43037102e-08  1.79981173e+00 
 4.45037102e-08  4.45037102e-08  4.45037102e-08  1.79981437e+00 
 4.47037102e-08  4.47037102e-08  4.47037102e-08  1.79981526e+00 
 4.49037102e-08  4.49037102e-08  4.49037102e-08  1.79981776e+00 
 4.51037102e-08  4.51037102e-08  4.51037102e-08  1.79981851e+00 
 4.53037102e-08  4.53037102e-08  4.53037102e-08  1.79982089e+00 
 4.55037102e-08  4.55037102e-08  4.55037102e-08  1.79982152e+00 
 4.57037102e-08  4.57037102e-08  4.57037102e-08  1.79982378e+00 
 4.59037102e-08  4.59037102e-08  4.59037102e-08  1.79982430e+00 
 4.61037102e-08  4.61037102e-08  4.61037102e-08  1.79982646e+00 
 4.63037102e-08  4.63037102e-08  4.63037102e-08  1.79982688e+00 
 4.65037102e-08  4.65037102e-08  4.65037102e-08  1.79982894e+00 
 4.67037102e-08  4.67037102e-08  4.67037102e-08  1.79982927e+00 
 4.69037102e-08  4.69037102e-08  4.69037102e-08  1.79983124e+00 
 4.71037102e-08  4.71037102e-08  4.71037102e-08  1.79983149e+00 
 4.73037102e-08  4.73037102e-08  4.73037102e-08  1.79983338e+00 
 4.75037102e-08  4.75037102e-08  4.75037102e-08  1.79983356e+00 
 4.77037102e-08  4.77037102e-08  4.77037102e-08  1.79983538e+00 
 4.79037102e-08  4.79037102e-08  4.79037102e-08  1.79983550e+00 
 4.81037102e-08  4.81037102e-08  4.81037102e-08  1.79983725e+00 
 4.83037102e-08  4.83037102e-08  4.83037102e-08  1.79983730e+00 
 4.85037102e-08  4.85037102e-08  4.85037102e-08  1.79983899e+00 
 4.87037102e-08  4.87037102e-08  4.87037102e-08  1.79983899e+00 
 4.89037102e-08  4.89037102e-08  4.89037102e-08  1.79984063e+00 
 4.91037102e-08  4.91037102e-08  4.91037102e-08  1.79984058e+00 
 4.93037102e-08  4.93037102e-08  4.93037102e-08  1.79984217e+00 
 4.95037102e-08  4.95037102e-08  4.95037102e-08  1.79984207e+00 
 4.97037102e-08  4.97037102e-08  4.97037102e-08  1.79984361e+00 
 4.99037102e-08  4.99037102e-08  4.99037102e-08  1.79984347e+00 
 5.01037102e-08  5.01037102e-08  5.01037102e-08  1.79984497e+00 
 5.03037102e-08  5.03037102e-08  5.03037102e-08  1.79984480e+00 
 5.05037102e-08  5.05037102e-08  5.05037102e-08  1.79984626e+00 
 5.07037102e-08  5.07037102e-08  5.07037102e-08  1.79984605e+00 
 5.09037102e-08  5.09037102e-08  5.09037102e-08  1.79984748e+00 
 5.11037102e-08  5.11037102e-08  5.11037102e-08  1.79984723e+00 
 5.13037102e-08  5.13037102e-08  5.13037102e-08  1.79984863e+00 
 5.15037102e-08  5.15037102e-08  5.15037102e-08  1.79984836e+00 
 5.17037102e-08  5.17037102e-08  5.17037102e-08  1.79984973e+00 
 5.19037102e-08  5.19037102e-08  5.19037102e-08  1.79984943e+00 
 5.21037102e-08  5.21037102e-08  5.21037102e-08  1.79985077e+00 
 5.23037102e-08  5.23037102e-08  5.23037102e-08  1.79985045e+00 
 5.25037102e-08  5.25037102e-08  5.25037102e-08  1.79985177e+00 
 5.27037102e-08  5.27037102e-08  5.27037102e-08  1.79985142e+00 
 5.29037102e-08  5.29037102e-08  5.29037102e-08  1.79985272e+00 
 5.31037102e-08  5.31037102e-08  5.31037102e-08  1.79985235e+00 
 5.33037102e-08  5.33037102e-08  5.33037102e-08  1.79985362e+00 
 5.35037102e-08  5.35037102e-08  5.35037102e-08  1.79985324e+00 
 5.37037102e-08  5.37037102e-08  5.37037102e-08  1.79985449e+00 
 5.39037102e-08  5.39037102e-08  5.39037102e-08  1.79985409e+00 
 5.41037102e-08  5.41037102e-08  5.41037102e-08  1.79985533e+00 
 5.43037102e-08  5.43037102e-08  5.43037102e-08  1.79985491e+00 
 5.45037102e-08  5.45037102e-08  5.45037102e-08  1.79985613e+00 
 5.47037102e-08  5.47037102e-08  5.47037102e-08  1.79985570e+00 
 5.49037102e-08  5.49037102e-08  5.49037102e-08  1.79985691e+00 
 5.51037102e-08  5.51037102e-08  5.51037102e-08  1.79985646e+00 
 5.53037102e-08  5.53037102e-08  5.53037102e-08  1.79985765e+00 
 5.55037102e-08  5.55037102e-08  5.55037102e-08  1.79985720e+00 
 5.57037102e-08  5.57037102e-08  5.57037102e-08  1.79985837e+00 
 5.59037102e-08  5.59037102e-08  5.59037102e-08  1.79985790e+00 
 5.61037102e-08  5.61037102e-08  5.61037102e-08  1.79985907e+00 
 5.63037102e-08  5.63037102e-08  5.63037102e-08  1.79985859e+00 
 5.65037102e-08  5.65037102e-08  5.65037102e-08  1.79985974e+00 
 5.67037102e-08  5.67037102e-08  5.67037102e-08  1.79985925e+00 
 5.69037102e-08  5.69037102e-08  5.69037102e-08  1.79986039e+00 
 5.71037102e-08  5.71037102e-08  5.71037102e-08  1.79985990e+00 
 5.73037102e-08  5.73037102e-08  5.73037102e-08  1.79986102e+00 
 5.75037102e-08  5.75037102e-08  5.75037102e-08  1.79986052e+00 
 5.77037102e-08  5.77037102e-08  5.77037102e-08  1.79986164e+00 
 5.79037102e-08  5.79037102e-08  5.79037102e-08  1.79986113e+00 
 5.81037102e-08  5.81037102e-08  5.81037102e-08  1.79986224e+00 
 5.83037102e-08  5.83037102e-08  5.83037102e-08  1.79986172e+00 
 5.85037102e-08  5.85037102e-08  5.85037102e-08  1.79986282e+00 
 5.87037102e-08  5.87037102e-08  5.87037102e-08  1.79986229e+00 
 5.89037102e-08  5.89037102e-08  5.89037102e-08  1.79986338e+00 
 5.91037102e-08  5.91037102e-08  5.91037102e-08  1.79986285e+00 
 5.93037102e-08  5.93037102e-08  5.93037102e-08  1.79986393e+00 
 5.95037102e-08  5.95037102e-08  5.95037102e-08  1.79986340e+00 
 5.97037102e-08  5.97037102e-08  5.97037102e-08  1.79986447e+00 
 5.99037102e-08  5.99037102e-08  5.99037102e-08  1.79986393e+00 
 6.01037102e-08  6.01037102e-08  6.01037102e-08  1.79986500e+00 
 6.03037102e-08  6.03037102e-08  6.03037102e-08  1.79986445e+00 
 6.05037102e-08  6.05037102e-08  6.05037102e-08  1.79986551e+00 
 6.07037102e-08  6.07037102e-08  6.07037102e-08  1.79986496e+00 
 6.09037102e-08  6.09037102e-08  6.09037102e-08  1.79986601e+00 
 6.11037102e-08  6.11037102e-08  6.11037102e-08  1.79986546e+00 
 6.13037102e-08  6.13037102e-08  6.13037102e-08  1.79986651e+00 
 6.15037102e-08  6.15037102e-08  6.15037102e-08  1.79986594e+00 
 6.17037102e-08  6.17037102e-08  6.17037102e-08  1.79986699e+00 
 6.19037102e-08  6.19037102e-08  6.19037102e-08  1.79986642e+00 
 6.21037102e-08  6.21037102e-08  6.21037102e-08  1.79986746e+00 
 6.23037102e-08  6.23037102e-08  6.23037102e-08  1.79986689e+00 
 6.25037102e-08  6.25037102e-08  6.25037102e-08  1.79986792e+00 
 6.27037102e-08  6.27037102e-08  6.27037102e-08  1.79986734e+00 
 6.29037102e-08  6.29037102e-08  6.29037102e-08  1.79986837e+00 
 6.31037102e-08  6.31037102e-08  6.31037102e-08  1.79986779e+00 
 6.33037102e-08  6.33037102e-08  6.33037102e-08  1.79986882e+00 
 6.35037102e-08  6.35037102e-08  6.35037102e-08  1.79986823e+00 
 6.37037102e-08  6.37037102e-08  6.37037102e-08  1.79986925e+00 
 6.39037102e-08  6.39037102e-08  6.39037102e-08  1.79986867e+00 
 6.41037102e-08  6.41037102e-08  6.41037102e-08  1.79986968e+00 
 6.43037102e-08  6.43037102e-08  6.43037102e-08  1.79986909e+00 
 6.45037102e-08  6.45037102e-08  6.45037102e-08  1.79987010e+00 
 6.47037102e-08  6.47037102e-08  6.47037102e-08  1.79986951e+00 
 6.49037102e-08  6.49037102e-08  6.49037102e-08  1.79987051e+00 
 6.51037102e-08  6.51037102e-08  6.51037102e-08  1.79986992e+00 
 6.53037102e-08  6.53037102e-08  6.53037102e-08  1.79987091e+00 
 6.55037102e-08  6.55037102e-08  6.55037102e-08  1.79987032e+00 
 6.57037102e-08  6.57037102e-08  6.57037102e-08  1.79987131e+00 
 6.59037102e-08  6.59037102e-08  6.59037102e-08  1.79987071e+00 
 6.61037102e-08  6.61037102e-08  6.61037102e-08  1.79987170e+00 
 6.63037102e-08  6.63037102e-08  6.63037102e-08  1.79987110e+00 
 6.65037102e-08  6.65037102e-08  6.65037102e-08  1.79987209e+00 
 6.67037102e-08  6.67037102e-08  6.67037102e-08  1.79987148e+00 
 6.69037102e-08  6.69037102e-08  6.69037102e-08  1.79987246e+00 
 6.71037102e-08  6.71037102e-08  6.71037102e-08  1.79987186e+00 
 6.73037102e-08  6.73037102e-08  6.73037102e-08  1.79987284e+00 
 6.75037102e-08  6.75037102e-08  6.75037102e-08  1.79987223e+00 
 6.77037102e-08  6.77037102e-08  6.77037102e-08  1.79987320e+00 
 6.79037102e-08  6.79037102e-08  6.79037102e-08  1.79987259e+00 
 6.81037102e-08  6.81037102e-08  6.81037102e-08  1.79987356e+00 
 6.83037102e-08  6.83037102e-08  6.83037102e-08  1.79987295e+00 
 6.85037102e-08  6.85037102e-08  6.85037102e-08  1.79987392e+00 
 6.87037102e-08  6.87037102e-08  6.87037102e-08  1.79987330e+00 
 6.89037102e-08  6.89037102e-08  6.89037102e-08  1.79987427e+00 
 6.91037102e-08  6.91037102e-08  6.91037102e-08  1.79987365e+00 
 6.93037102e-08  6.93037102e-08  6.93037102e-08  1.79987461e+00 
 6.95037102e-08  6.95037102e-08  6.95037102e-08  1.79987399e+00 
 6.97037102e-08  6.97037102e-08  6.97037102e-08  1.79987495e+00 
 6.99037102e-08  6.99037102e-08  6.99037102e-08  1.79987433e+00 
 7.01037102e-08  7.01037102e-08  7.01037102e-08  1.79987528e+00 
 7.03037102e-08  7.03037102e-08  7.03037102e-08  1.79987466e+00 
 7.05037102e-08  7.05037102e-08  7.05037102e-08  1.79987561e+00 
 7.07037102e-08  7.07037102e-08  7.07037102e-08  1.79987499e+00 
 7.09037102e-08  7.09037102e-08  7.09037102e-08  1.79987593e+00 
 7.11037102e-08  7.11037102e-08  7.11037102e-08  1.79987531e+00 
 7.13037102e-08  7.13037102e-08  7.13037102e-08  1.79987625e+00 
 7.15037102e-08  7.15037102e-08  7.15037102e-08  1.79987563e+00 
 7.17037102e-08  7.17037102e-08  7.17037102e-08  1.79987657e+00 
 7.19037102e-08  7.19037102e-08  7.19037102e-08  1.79987594e+00 
 7.21037102e-08  7.21037102e-08  7.21037102e-08  1.79987688e+00 
 7.23037102e-08  7.23037102e-08  7.23037102e-08  1.79987625e+00 
 7.25037102e-08  7.25037102e-08  7.25037102e-08  1.79987718e+00 
 7.27037102e-08  7.27037102e-08  7.27037102e-08  1.79987655e+00 
 7.29037102e-08  7.29037102e-08  7.29037102e-08  1.79987748e+00 
 7.31037102e-08  7.31037102e-08  7.31037102e-08  1.79987685e+00 
 7.33037102e-08  7.33037102e-08  7.33037102e-08  1.79987778e+00 
 7.35037102e-08  7.35037102e-08  7.35037102e-08  1.79987715e+00 
 7.37037102e-08  7.37037102e-08  7.37037102e-08  1.79987807e+00 
 7.39037102e-08  7.39037102e-08  7.39037102e-08  1.79987744e+00 
 7.41037102e-08  7.41037102e-08  7.41037102e-08  1.79987836e+00 
 7.43037102e-08  7.43037102e-08  7.43037102e-08  1.79987772e+00 
 7.45037102e-08  7.45037102e-08  7.45037102e-08  1.79987864e+00 
 7.47037102e-08  7.47037102e-08  7.47037102e-08  1.79987801e+00 
 7.49037102e-08  7.49037102e-08  7.49037102e-08  1.79987892e+00 
 7.51037102e-08  7.51037102e-08  7.51037102e-08  1.79987829e+00 
 7.53037102e-08  7.53037102e-08  7.53037102e-08  1.79987920e+00 
 7.55037102e-08  7.55037102e-08  7.55037102e-08  1.79987856e+00 
 7.57037102e-08  7.57037102e-08  7.57037102e-08  1.79987947e+00 
 7.59037102e-08  7.59037102e-08  7.59037102e-08  1.79987883e+00 
 7.61037102e-08  7.61037102e-08  7.61037102e-08  1.79987974e+00 
 7.63037102e-08  7.63037102e-08  7.63037102e-08  1.79987910e+00 
 7.65037102e-08  7.65037102e-08  7.65037102e-08  1.79988001e+00 
 7.67037102e-08  7.67037102e-08  7.67037102e-08  1.79987937e+00 
 7.69037102e-08  7.69037102e-08  7.69037102e-08  1.79988027e+00 
 7.71037102e-08  7.71037102e-08  7.71037102e-08  1.79987963e+00 
 7.73037102e-08  7.73037102e-08  7.73037102e-08  1.79988053e+00 
 7.75037102e-08  7.75037102e-08  7.75037102e-08  1.79987988e+00 
 7.77037102e-08  7.77037102e-08  7.77037102e-08  1.79988078e+00 
 7.79037102e-08  7.79037102e-08  7.79037102e-08  1.79988014e+00 
 7.81037102e-08  7.81037102e-08  7.81037102e-08  1.79988103e+00 
 7.83037102e-08  7.83037102e-08  7.83037102e-08  1.79988039e+00 
 7.85037102e-08  7.85037102e-08  7.85037102e-08  1.79988128e+00 
 7.87037102e-08  7.87037102e-08  7.87037102e-08  1.79988064e+00 
 7.89037102e-08  7.89037102e-08  7.89037102e-08  1.79988153e+00 
 7.91037102e-08  7.91037102e-08  7.91037102e-08  1.79988088e+00 
 7.93037102e-08  7.93037102e-08  7.93037102e-08  1.79988177e+00 
 7.95037102e-08  7.95037102e-08  7.95037102e-08  1.79988112e+00 
 7.97037102e-08  7.97037102e-08  7.97037102e-08  1.79988201e+00 
 7.99037102e-08  7.99037102e-08  7.99037102e-08  1.79988136e+00 
 8.01037102e-08  8.01037102e-08  8.01037102e-08  1.79988224e+00 
 8.03037102e-08  8.03037102e-08  8.03037102e-08  1.79988159e+00 
 8.05037102e-08  8.05037102e-08  8.05037102e-08  1.79988248e+00 
 8.07037102e-08  8.07037102e-08  8.07037102e-08  1.79988182e+00 
 8.09037102e-08  8.09037102e-08  8.09037102e-08  1.79988270e+00 
 8.11037102e-08  8.11037102e-08  8.11037102e-08  1.79988205e+00 
 8.13037102e-08  8.13037102e-08  8.13037102e-08  1.79988293e+00 
 8.15037102e-08  8.15037102e-08  8.15037102e-08  1.79988228e+00 
 8.17037102e-08  8.17037102e-08  8.17037102e-08  1.79988315e+00 
 8.19037102e-08  8.19037102e-08  8.19037102e-08  1.79988250e+00 
 8.21037102e-08  8.21037102e-08  8.21037102e-08  1.79988337e+00 
 8.23037102e-08  8.23037102e-08  8.23037102e-08  1.79988272e+00 
 8.25037102e-08  8.25037102e-08  8.25037102e-08  1.79988359e+00 
 8.27037102e-08  8.27037102e-08  8.27037102e-08  1.79988294e+00 
 8.29037102e-08  8.29037102e-08  8.29037102e-08  1.79988381e+00 
 8.31037102e-08  8.31037102e-08  8.31037102e-08  1.79988315e+00 
 8.33037102e-08  8.33037102e-08  8.33037102e-08  1.79988402e+00 
 8.35037102e-08  8.35037102e-08  8.35037102e-08  1.79988336e+00 
 8.37037102e-08  8.37037102e-08  8.37037102e-08  1.79988423e+00 
 8.39037102e-08  8.39037102e-08  8.39037102e-08  1.79988357e+00 
 8.41037102e-08  8.41037102e-08  8.41037102e-08  1.79988444e+00 
 8.43037102e-08  8.43037102e-08  8.43037102e-08  1.79988378e+00 
 8.45037102e-08  8.45037102e-08  8.45037102e-08  1.79988464e+00 
 8.47037102e-08  8.47037102e-08  8.47037102e-08  1.79988398e+00 
 8.49037102e-08  8.49037102e-08  8.49037102e-08  1.79988484e+00 
 8.51037102e-08  8.51037102e-08  8.51037102e-08  1.79988418e+00 
 8.53037102e-08  8.53037102e-08  8.53037102e-08  1.79988504e+00 
 8.55037102e-08  8.55037102e-08  8.55037102e-08  1.79988438e+00 
 8.57037102e-08  8.57037102e-08  8.57037102e-08  1.79988524e+00 
 8.59037102e-08  8.59037102e-08  8.59037102e-08  1.79988458e+00 
 8.61037102e-08  8.61037102e-08  8.61037102e-08  1.79988543e+00 
 8.63037102e-08  8.63037102e-08  8.63037102e-08  1.79988477e+00 
 8.65037102e-08  8.65037102e-08  8.65037102e-08  1.79988562e+00 
 8.67037102e-08  8.67037102e-08  8.67037102e-08  1.79988496e+00 
 8.69037102e-08  8.69037102e-08  8.69037102e-08  1.79988581e+00 
 8.71037102e-08  8.71037102e-08  8.71037102e-08  1.79988515e+00 
 8.73037102e-08  8.73037102e-08  8.73037102e-08  1.79988600e+00 
 8.75037102e-08  8.75037102e-08  8.75037102e-08  1.79988534e+00 
 8.77037102e-08  8.77037102e-08  8.77037102e-08  1.79988619e+00 
 8.79037102e-08  8.79037102e-08  8.79037102e-08  1.79988553e+00 
 8.81037102e-08  8.81037102e-08  8.81037102e-08  1.79988637e+00 
 8.83037102e-08  8.83037102e-08  8.83037102e-08  1.79988571e+00 
 8.85037102e-08  8.85037102e-08  8.85037102e-08  1.79988655e+00 
 8.87037102e-08  8.87037102e-08  8.87037102e-08  1.79988589e+00 
 8.89037102e-08  8.89037102e-08  8.89037102e-08  1.79988673e+00 
 8.91037102e-08  8.91037102e-08  8.91037102e-08  1.79988607e+00 
 8.93037102e-08  8.93037102e-08  8.93037102e-08  1.79988690e+00 
 8.95037102e-08  8.95037102e-08  8.95037102e-08  1.79988624e+00 
 8.97037102e-08  8.97037102e-08  8.97037102e-08  1.79988708e+00 
 8.99037102e-08  8.99037102e-08  8.99037102e-08  1.79988641e+00 
 9.01037102e-08  9.01037102e-08  9.01037102e-08  1.79988725e+00 
 9.03037102e-08  9.03037102e-08  9.03037102e-08  1.79988659e+00 
 9.05037102e-08  9.05037102e-08  9.05037102e-08  1.79988742e+00 
 9.07037102e-08  9.07037102e-08  9.07037102e-08  1.79988676e+00 
 9.09037102e-08  9.09037102e-08  9.09037102e-08  1.79988759e+00 
 9.11037102e-08  9.11037102e-08  9.11037102e-08  1.79988692e+00 
 9.13037102e-08  9.13037102e-08  9.13037102e-08  1.79988775e+00 
 9.15037102e-08  9.15037102e-08  9.15037102e-08  1.79988709e+00 
 9.17037102e-08  9.17037102e-08  9.17037102e-08  1.79988792e+00 
 9.19037102e-08  9.19037102e-08  9.19037102e-08  1.79988725e+00 
 9.21037102e-08  9.21037102e-08  9.21037102e-08  1.79988808e+00 
 9.23037102e-08  9.23037102e-08  9.23037102e-08  1.79988741e+00 
 9.25037102e-08  9.25037102e-08  9.25037102e-08  1.79988824e+00 
 9.27037102e-08  9.27037102e-08  9.27037102e-08  1.79988757e+00 
 9.29037102e-08  9.29037102e-08  9.29037102e-08  1.79988840e+00 
 9.31037102e-08  9.31037102e-08  9.31037102e-08  1.79988773e+00 
 9.33037102e-08  9.33037102e-08  9.33037102e-08  1.79988855e+00 
 9.35037102e-08  9.35037102e-08  9.35037102e-08  1.79988789e+00 
 9.37037102e-08  9.37037102e-08  9.37037102e-08  1.79988871e+00 
 9.39037102e-08  9.39037102e-08  9.39037102e-08  1.79988804e+00 
 9.41037102e-08  9.41037102e-08  9.41037102e-08  1.79988886e+00 
 9.43037102e-08  9.43037102e-08  9.43037102e-08  1.79988819e+00 
 9.45037102e-08  9.45037102e-08  9.45037102e-08  1.79988901e+00 
 9.47037102e-08  9.47037102e-08  9.47037102e-08  1.79988834e+00 
 9.49037102e-08  9.49037102e-08  9.49037102e-08  1.79988916e+00 
 9.51037102e-08  9.51037102e-08  9.51037102e-08  1.79988849e+00 
 9.53037102e-08  9.53037102e-08  9.53037102e-08  1.79988930e+00 
 9.55037102e-08  9.55037102e-08  9.55037102e-08  1.79988864e+00 
 9.57037102e-08  9.57037102e-08  9.57037102e-08  1.79988945e+00 
 9.59037102e-08  9.59037102e-08  9.59037102e-08  1.79988878e+00 
 9.61037102e-08  9.61037102e-08  9.61037102e-08  1.79988959e+00 
 9.63037102e-08  9.63037102e-08  9.63037102e-08  1.79988893e+00 
 9.65037102e-08  9.65037102e-08  9.65037102e-08  1.79988974e+00 
 9.67037102e-08  9.67037102e-08  9.67037102e-08  1.79988907e+00 
 9.69037102e-08  9.69037102e-08  9.69037102e-08  1.79988988e+00 
 9.71037102e-08  9.71037102e-08  9.71037102e-08  1.79988921e+00 
 9.73037102e-08  9.73037102e-08  9.73037102e-08  1.79989001e+00 
 9.75037102e-08  9.75037102e-08  9.75037102e-08  1.79988935e+00 
 9.77037102e-08  9.77037102e-08  9.77037102e-08  1.79989015e+00 
 9.79037102e-08  9.79037102e-08  9.79037102e-08  1.79988948e+00 
 9.81037102e-08  9.81037102e-08  9.81037102e-08  1.79989029e+00 
 9.83037102e-08  9.83037102e-08  9.83037102e-08  1.79988962e+00 
 9.85037102e-08  9.85037102e-08  9.85037102e-08  1.79989042e+00 
 9.87037102e-08  9.87037102e-08  9.87037102e-08  1.79988975e+00 
 9.89037102e-08  9.89037102e-08  9.89037102e-08  1.79989055e+00 
 9.91037102e-08  9.91037102e-08  9.91037102e-08  1.79988989e+00 
 9.93037102e-08  9.93037102e-08  9.93037102e-08  1.79989068e+00 
 9.95037102e-08  9.95037102e-08  9.95037102e-08  1.79989002e+00 
 9.97037102e-08  9.97037102e-08  9.97037102e-08  1.79989081e+00 
 9.99037102e-08  9.99037102e-08  9.99037102e-08  1.79989015e+00 
 1.00103710e-07  1.00103710e-07  1.00103710e-07  1.79989094e+00 
 1.00303710e-07  1.00303710e-07  1.00303710e-07  1.79989027e+00 
 1.00503710e-07  1.00503710e-07  1.00503710e-07  1.79989107e+00 
 1.00703710e-07  1.00703710e-07  1.00703710e-07  1.79989040e+00 
 1.00903710e-07  1.00903710e-07  1.00903710e-07  1.79989119e+00 
 1.01103710e-07  1.01103710e-07  1.01103710e-07  1.79989052e+00 
 1.01303710e-07  1.01303710e-07  1.01303710e-07  1.79989132e+00 
 1.01503710e-07  1.01503710e-07  1.01503710e-07  1.79989065e+00 
 1.01703710e-07  1.01703710e-07  1.01703710e-07  1.79989144e+00 
 1.01903710e-07  1.01903710e-07  1.01903710e-07  1.79989077e+00 
 1.02103710e-07  1.02103710e-07  1.02103710e-07  1.79989156e+00 
 1.02303710e-07  1.02303710e-07  1.02303710e-07  1.79989089e+00 
 1.02503710e-07  1.02503710e-07  1.02503710e-07  1.79989168e+00 
 1.02703710e-07  1.02703710e-07  1.02703710e-07  1.79989101e+00 
 1.02903710e-07  1.02903710e-07  1.02903710e-07  1.79989180e+00 
 1.03103710e-07  1.03103710e-07  1.03103710e-07  1.79989113e+00 
 1.03303710e-07  1.03303710e-07  1.03303710e-07  1.79989191e+00 
 1.03503710e-07  1.03503710e-07  1.03503710e-07  1.79989124e+00 
 1.03703710e-07  1.03703710e-07  1.03703710e-07  1.79989203e+00 
 1.03903710e-07  1.03903710e-07  1.03903710e-07  1.79989136e+00 
 1.04103710e-07  1.04103710e-07  1.04103710e-07  1.79989214e+00 
 1.04303710e-07  1.04303710e-07  1.04303710e-07  1.79989147e+00 
 1.04503710e-07  1.04503710e-07  1.04503710e-07  1.79989226e+00 
 1.04703710e-07  1.04703710e-07  1.04703710e-07  1.79989159e+00 
 1.04903710e-07  1.04903710e-07  1.04903710e-07  1.79989237e+00 
 1.05103710e-07  1.05103710e-07  1.05103710e-07  1.79989170e+00 
 1.05303710e-07  1.05303710e-07  1.05303710e-07  1.79989248e+00 
 1.05503710e-07  1.05503710e-07  1.05503710e-07  1.79989181e+00 
 1.05703710e-07  1.05703710e-07  1.05703710e-07  1.79989259e+00 
 1.05903710e-07  1.05903710e-07  1.05903710e-07  1.79989192e+00 
 1.06103710e-07  1.06103710e-07  1.06103710e-07  1.79989269e+00 
 1.06303710e-07  1.06303710e-07  1.06303710e-07  1.79989203e+00 
 1.06503710e-07  1.06503710e-07  1.06503710e-07  1.79989280e+00 
 1.06703710e-07  1.06703710e-07  1.06703710e-07  1.79989213e+00 
 1.06903710e-07  1.06903710e-07  1.06903710e-07  1.79989291e+00 
 1.07103710e-07  1.07103710e-07  1.07103710e-07  1.79989224e+00 
 1.07303710e-07  1.07303710e-07  1.07303710e-07  1.79989301e+00 
 1.07503710e-07  1.07503710e-07  1.07503710e-07  1.79989234e+00 
 1.07703710e-07  1.07703710e-07  1.07703710e-07  1.79989311e+00 
 1.07903710e-07  1.07903710e-07  1.07903710e-07  1.79989244e+00 
 1.08103710e-07  1.08103710e-07  1.08103710e-07  1.79989321e+00 
 1.08303710e-07  1.08303710e-07  1.08303710e-07  1.79989255e+00 
 1.08503710e-07  1.08503710e-07  1.08503710e-07  1.79989332e+00 
 1.08703710e-07  1.08703710e-07  1.08703710e-07  1.79989265e+00 
 1.08903710e-07  1.08903710e-07  1.08903710e-07  1.79989342e+00 
 1.09103710e-07  1.09103710e-07  1.09103710e-07  1.79989275e+00 
 1.09303710e-07  1.09303710e-07  1.09303710e-07  1.79989351e+00 
 1.09503710e-07  1.09503710e-07  1.09503710e-07  1.79989285e+00 
 1.09703710e-07  1.09703710e-07  1.09703710e-07  1.79989361e+00 
 1.09903710e-07  1.09903710e-07  1.09903710e-07  1.79989294e+00 
 1.10103710e-07  1.10103710e-07  1.10103710e-07  1.79989371e+00 
 1.10303710e-07  1.10303710e-07  1.10303710e-07  1.79989304e+00 
 1.10503710e-07  1.10503710e-07  1.10503710e-07  1.79989380e+00 
 1.10703710e-07  1.10703710e-07  1.10703710e-07  1.79989314e+00 
 1.10903710e-07  1.10903710e-07  1.10903710e-07  1.79989390e+00 
 1.11103710e-07  1.11103710e-07  1.11103710e-07  1.79989323e+00 
 1.11303710e-07  1.11303710e-07  1.11303710e-07  1.79989399e+00 
 1.11503710e-07  1.11503710e-07  1.11503710e-07  1.79989332e+00 
 1.11703710e-07  1.11703710e-07  1.11703710e-07  1.79989408e+00 
 1.11903710e-07  1.11903710e-07  1.11903710e-07  1.79989342e+00 
 1.12103710e-07  1.12103710e-07  1.12103710e-07  1.79989417e+00 
 1.12303710e-07  1.12303710e-07  1.12303710e-07  1.79989351e+00 
 1.12503710e-07  1.12503710e-07  1.12503710e-07  1.79989426e+00 
 1.12703710e-07  1.12703710e-07  1.12703710e-07  1.79989360e+00 
 1.12903710e-07  1.12903710e-07  1.12903710e-07  1.79989435e+00 
 1.13103710e-07  1.13103710e-07  1.13103710e-07  1.79989369e+00 
 1.13303710e-07  1.13303710e-07  1.13303710e-07  1.79989444e+00 
 1.13503710e-07  1.13503710e-07  1.13503710e-07  1.79989378e+00 
 1.13703710e-07  1.13703710e-07  1.13703710e-07  1.79989453e+00 
 1.13903710e-07  1.13903710e-07  1.13903710e-07  1.79989386e+00 
 1.14103710e-07  1.14103710e-07  1.14103710e-07  1.79989462e+00 
 1.14303710e-07  1.14303710e-07  1.14303710e-07  1.79989395e+00 
 1.14503710e-07  1.14503710e-07  1.14503710e-07  1.79989470e+00 
 1.14703710e-07  1.14703710e-07  1.14703710e-07  1.79989404e+00 
 1.14903710e-07  1.14903710e-07  1.14903710e-07  1.79989479e+00 
 1.15103710e-07  1.15103710e-07  1.15103710e-07  1.79989412e+00 
 1.15303710e-07  1.15303710e-07  1.15303710e-07  1.79989487e+00 
 1.15503710e-07  1.15503710e-07  1.15503710e-07  1.79989420e+00 
 1.15703710e-07  1.15703710e-07  1.15703710e-07  1.79989495e+00 
 1.15903710e-07  1.15903710e-07  1.15903710e-07  1.79989429e+00 
 1.16103710e-07  1.16103710e-07  1.16103710e-07  1.79989503e+00 
 1.16303710e-07  1.16303710e-07  1.16303710e-07  1.79989437e+00 
 1.16503710e-07  1.16503710e-07  1.16503710e-07  1.79989512e+00 
 1.16703710e-07  1.16703710e-07  1.16703710e-07  1.79989445e+00 
 1.16903710e-07  1.16903710e-07  1.16903710e-07  1.79989520e+00 
 1.17103710e-07  1.17103710e-07  1.17103710e-07  1.79989453e+00 
 1.17303710e-07  1.17303710e-07  1.17303710e-07  1.79989527e+00 
 1.17503710e-07  1.17503710e-07  1.17503710e-07  1.79989461e+00 
 1.17703710e-07  1.17703710e-07  1.17703710e-07  1.79989535e+00 
 1.17903710e-07  1.17903710e-07  1.17903710e-07  1.79989469e+00 
 1.18103710e-07  1.18103710e-07  1.18103710e-07  1.79989543e+00 
 1.18303710e-07  1.18303710e-07  1.18303710e-07  1.79989477e+00 
 1.18503710e-07  1.18503710e-07  1.18503710e-07  1.79989551e+00 
 1.18703710e-07  1.18703710e-07  1.18703710e-07  1.79989484e+00 
 1.18903710e-07  1.18903710e-07  1.18903710e-07  1.79989558e+00 
 1.19103710e-07  1.19103710e-07  1.19103710e-07  1.79989492e+00 
 1.19303710e-07  1.19303710e-07  1.19303710e-07  1.79989566e+00 
 1.19503710e-07  1.19503710e-07  1.19503710e-07  1.79989499e+00 
 1.19703710e-07  1.19703710e-07  1.19703710e-07  1.79989573e+00 
 1.19903710e-07  1.19903710e-07  1.19903710e-07  1.79989507e+00 
 1.20103710e-07  1.20103710e-07  1.20103710e-07  1.79989581e+00 
 1.20303710e-07  1.20303710e-07  1.20303710e-07  1.79989514e+00 
 1.20503710e-07  1.20503710e-07  1.20503710e-07  1.79989588e+00 
 1.20703710e-07  1.20703710e-07  1.20703710e-07  1.79989522e+00 
 1.20903710e-07  1.20903710e-07  1.20903710e-07  1.79989595e+00 
 1.21103710e-07  1.21103710e-07  1.21103710e-07  1.79989529e+00 
 1.21303710e-07  1.21303710e-07  1.21303710e-07  1.79989602e+00 
 1.21503710e-07  1.21503710e-07  1.21503710e-07  1.79989536e+00 
 1.21703710e-07  1.21703710e-07  1.21703710e-07  1.79989609e+00 
 1.21903710e-07  1.21903710e-07  1.21903710e-07  1.79989543e+00 
 1.22103710e-07  1.22103710e-07  1.22103710e-07  1.79989616e+00 
 1.22303710e-07  1.22303710e-07  1.22303710e-07  1.79989550e+00 
 1.22503710e-07  1.22503710e-07  1.22503710e-07  1.79989623e+00 
 1.22703710e-07  1.22703710e-07  1.22703710e-07  1.79989557e+00 
 1.22903710e-07  1.22903710e-07  1.22903710e-07  1.79989630e+00 
 1.23103710e-07  1.23103710e-07  1.23103710e-07  1.79989564e+00 
 1.23303710e-07  1.23303710e-07  1.23303710e-07  1.79989637e+00 
 1.23503710e-07  1.23503710e-07  1.23503710e-07  1.79989570e+00 
 1.23703710e-07  1.23703710e-07  1.23703710e-07  1.79989643e+00 
 1.23903710e-07  1.23903710e-07  1.23903710e-07  1.79989577e+00 
 1.24103710e-07  1.24103710e-07  1.24103710e-07  1.79989650e+00 
 1.24303710e-07  1.24303710e-07  1.24303710e-07  1.79989584e+00 
 1.24503710e-07  1.24503710e-07  1.24503710e-07  1.79989656e+00 
 1.24703710e-07  1.24703710e-07  1.24703710e-07  1.79989590e+00 
 1.24903710e-07  1.24903710e-07  1.24903710e-07  1.79989663e+00 
 1.25103710e-07  1.25103710e-07  1.25103710e-07  1.79989597e+00 
 1.25303710e-07  1.25303710e-07  1.25303710e-07  1.79989669e+00 
 1.25503710e-07  1.25503710e-07  1.25503710e-07  1.79989603e+00 
 1.25703710e-07  1.25703710e-07  1.25703710e-07  1.79989676e+00 
 1.25903710e-07  1.25903710e-07  1.25903710e-07  1.79989610e+00 
 1.26103710e-07  1.26103710e-07  1.26103710e-07  1.79989682e+00 
 1.26303710e-07  1.26303710e-07  1.26303710e-07  1.79989616e+00 
 1.26503710e-07  1.26503710e-07  1.26503710e-07  1.79989688e+00 
 1.26703710e-07  1.26703710e-07  1.26703710e-07  1.79989622e+00 
 1.26903710e-07  1.26903710e-07  1.26903710e-07  1.79989694e+00 
 1.27103710e-07  1.27103710e-07  1.27103710e-07  1.79989628e+00 
 1.27303710e-07  1.27303710e-07  1.27303710e-07  1.79989700e+00 
 1.27503710e-07  1.27503710e-07  1.27503710e-07  1.79989634e+00 
 1.27703710e-07  1.27703710e-07  1.27703710e-07  1.79989706e+00 
 1.27903710e-07  1.27903710e-07  1.27903710e-07  1.79989641e+00 
 1.28103710e-07  1.28103710e-07  1.28103710e-07  1.79989712e+00 
 1.28303710e-07  1.28303710e-07  1.28303710e-07  1.79989646e+00 
 1.28503710e-07  1.28503710e-07  1.28503710e-07  1.79989718e+00 
 1.28703710e-07  1.28703710e-07  1.28703710e-07  1.79989652e+00 
 1.28903710e-07  1.28903710e-07  1.28903710e-07  1.79989724e+00 
 1.29103710e-07  1.29103710e-07  1.29103710e-07  1.79989658e+00 
 1.29303710e-07  1.29303710e-07  1.29303710e-07  1.79989730e+00 
 1.29503710e-07  1.29503710e-07  1.29503710e-07  1.79989664e+00 
 1.29703710e-07  1.29703710e-07  1.29703710e-07  1.79989736e+00 
 1.29903710e-07  1.29903710e-07  1.29903710e-07  1.79989670e+00 
 1.30103710e-07  1.30103710e-07  1.30103710e-07  1.79989741e+00 
 1.30303710e-07  1.30303710e-07  1.30303710e-07  1.79989675e+00 
 1.30503710e-07  1.30503710e-07  1.30503710e-07  1.79989747e+00 
 1.30703710e-07  1.30703710e-07  1.30703710e-07  1.79989681e+00 
 1.30903710e-07  1.30903710e-07  1.30903710e-07  1.79989752e+00 
 1.31103710e-07  1.31103710e-07  1.31103710e-07  1.79989687e+00 
 1.31303710e-07  1.31303710e-07  1.31303710e-07  1.79989758e+00 
 1.31503710e-07  1.31503710e-07  1.31503710e-07  1.79989692e+00 
 1.31703710e-07  1.31703710e-07  1.31703710e-07  1.79989763e+00 
 1.31903710e-07  1.31903710e-07  1.31903710e-07  1.79989698e+00 
 1.32103710e-07  1.32103710e-07  1.32103710e-07  1.79989769e+00 
 1.32303710e-07  1.32303710e-07  1.32303710e-07  1.79989703e+00 
 1.32503710e-07  1.32503710e-07  1.32503710e-07  1.79989774e+00 
 1.32703710e-07  1.32703710e-07  1.32703710e-07  1.79989708e+00 
 1.32903710e-07  1.32903710e-07  1.32903710e-07  1.79989779e+00 
 1.33103710e-07  1.33103710e-07  1.33103710e-07  1.79989714e+00 
 1.33303710e-07  1.33303710e-07  1.33303710e-07  1.79989784e+00 
 1.33503710e-07  1.33503710e-07  1.33503710e-07  1.79989719e+00 
 1.33703710e-07  1.33703710e-07  1.33703710e-07  1.79989789e+00 
 1.33903710e-07  1.33903710e-07  1.33903710e-07  1.79989724e+00 
 1.34103710e-07  1.34103710e-07  1.34103710e-07  1.79989794e+00 
 1.34303710e-07  1.34303710e-07  1.34303710e-07  1.79989729e+00 
 1.34503710e-07  1.34503710e-07  1.34503710e-07  1.79989800e+00 
 1.34703710e-07  1.34703710e-07  1.34703710e-07  1.79989734e+00 
 1.34903710e-07  1.34903710e-07  1.34903710e-07  1.79989805e+00 
 1.35103710e-07  1.35103710e-07  1.35103710e-07  1.79989739e+00 
 1.35303710e-07  1.35303710e-07  1.35303710e-07  1.79989809e+00 
 1.35503710e-07  1.35503710e-07  1.35503710e-07  1.79989744e+00 
 1.35703710e-07  1.35703710e-07  1.35703710e-07  1.79989814e+00 
 1.35903710e-07  1.35903710e-07  1.35903710e-07  1.79989749e+00 
 1.36103710e-07  1.36103710e-07  1.36103710e-07  1.79989819e+00 
 1.36303710e-07  1.36303710e-07  1.36303710e-07  1.79989754e+00 
 1.36503710e-07  1.36503710e-07  1.36503710e-07  1.79989824e+00 
 1.36703710e-07  1.36703710e-07  1.36703710e-07  1.79989759e+00 
 1.36903710e-07  1.36903710e-07  1.36903710e-07  1.79989829e+00 
 1.37103710e-07  1.37103710e-07  1.37103710e-07  1.79989764e+00 
 1.37303710e-07  1.37303710e-07  1.37303710e-07  1.79989833e+00 
 1.37503710e-07  1.37503710e-07  1.37503710e-07  1.79989768e+00 
 1.37703710e-07  1.37703710e-07  1.37703710e-07  1.79989838e+00 
 1.37903710e-07  1.37903710e-07  1.37903710e-07  1.79989773e+00 
 1.38103710e-07  1.38103710e-07  1.38103710e-07  1.79989843e+00 
 1.38303710e-07  1.38303710e-07  1.38303710e-07  1.79989778e+00 
 1.38503710e-07  1.38503710e-07  1.38503710e-07  1.79989847e+00 
 1.38703710e-07  1.38703710e-07  1.38703710e-07  1.79989782e+00 
 1.38903710e-07  1.38903710e-07  1.38903710e-07  1.79989852e+00 
 1.39103710e-07  1.39103710e-07  1.39103710e-07  1.79989787e+00 
 1.39303710e-07  1.39303710e-07  1.39303710e-07  1.79989856e+00 
 1.39503710e-07  1.39503710e-07  1.39503710e-07  1.79989791e+00 
 1.39703710e-07  1.39703710e-07  1.39703710e-07  1.79989860e+00 
 1.39903710e-07  1.39903710e-07  1.39903710e-07  1.79989796e+00 
 1.40103710e-07  1.40103710e-07  1.40103710e-07  1.79989865e+00 
 1.40303710e-07  1.40303710e-07  1.40303710e-07  1.79989800e+00 
 1.40503710e-07  1.40503710e-07  1.40503710e-07  1.79989869e+00 
 1.40703710e-07  1.40703710e-07  1.40703710e-07  1.79989804e+00 
 1.40903710e-07  1.40903710e-07  1.40903710e-07  1.79989873e+00 
 1.41103710e-07  1.41103710e-07  1.41103710e-07  1.79989809e+00 
 1.41303710e-07  1.41303710e-07  1.41303710e-07  1.79989878e+00 
 1.41503710e-07  1.41503710e-07  1.41503710e-07  1.79989813e+00 
 1.41703710e-07  1.41703710e-07  1.41703710e-07  1.79989882e+00 
 1.41903710e-07  1.41903710e-07  1.41903710e-07  1.79989817e+00 
 1.42103710e-07  1.42103710e-07  1.42103710e-07  1.79989886e+00 
 1.42303710e-07  1.42303710e-07  1.42303710e-07  1.79989821e+00 
 1.42503710e-07  1.42503710e-07  1.42503710e-07  1.79989890e+00 
 1.42703710e-07  1.42703710e-07  1.42703710e-07  1.79989825e+00 
 1.42903710e-07  1.42903710e-07  1.42903710e-07  1.79989894e+00 
 1.43103710e-07  1.43103710e-07  1.43103710e-07  1.79989830e+00 
 1.43303710e-07  1.43303710e-07  1.43303710e-07  1.79989898e+00 
 1.43503710e-07  1.43503710e-07  1.43503710e-07  1.79989834e+00 
 1.43703710e-07  1.43703710e-07  1.43703710e-07  1.79989902e+00 
 1.43903710e-07  1.43903710e-07  1.43903710e-07  1.79989838e+00 
 1.44103710e-07  1.44103710e-07  1.44103710e-07  1.79989906e+00 
 1.44303710e-07  1.44303710e-07  1.44303710e-07  1.79989842e+00 
 1.44503710e-07  1.44503710e-07  1.44503710e-07  1.79989910e+00 
 1.44703710e-07  1.44703710e-07  1.44703710e-07  1.79989846e+00 
 1.44903710e-07  1.44903710e-07  1.44903710e-07  1.79989914e+00 
 1.45103710e-07  1.45103710e-07  1.45103710e-07  1.79989849e+00 
 1.45303710e-07  1.45303710e-07  1.45303710e-07  1.79989918e+00 
 1.45503710e-07  1.45503710e-07  1.45503710e-07  1.79989853e+00 
 1.45703710e-07  1.45703710e-07  1.45703710e-07  1.79989921e+00 
 1.45903710e-07  1.45903710e-07  1.45903710e-07  1.79989857e+00 
 1.46103710e-07  1.46103710e-07  1.46103710e-07  1.79989925e+00 
 1.46303710e-07  1.46303710e-07  1.46303710e-07  1.79989861e+00 
 1.46503710e-07  1.46503710e-07  1.46503710e-07  1.79989929e+00 
 1.46703710e-07  1.46703710e-07  1.46703710e-07  1.79989865e+00 
 1.46903710e-07  1.46903710e-07  1.46903710e-07  1.79989933e+00 
 1.47103710e-07  1.47103710e-07  1.47103710e-07  1.79989868e+00 
 1.47303710e-07  1.47303710e-07  1.47303710e-07  1.79989936e+00 
 1.47503710e-07  1.47503710e-07  1.47503710e-07  1.79989872e+00 
 1.47703710e-07  1.47703710e-07  1.47703710e-07  1.79989940e+00 
 1.47903710e-07  1.47903710e-07  1.47903710e-07  1.79989876e+00 
 1.48103710e-07  1.48103710e-07  1.48103710e-07  1.79989943e+00 
 1.48303710e-07  1.48303710e-07  1.48303710e-07  1.79989879e+00 
 1.48503710e-07  1.48503710e-07  1.48503710e-07  1.79989947e+00 
 1.48703710e-07  1.48703710e-07  1.48703710e-07  1.79989883e+00 
 1.48903710e-07  1.48903710e-07  1.48903710e-07  1.79989950e+00 
 1.49103710e-07  1.49103710e-07  1.49103710e-07  1.79989886e+00 
 1.49303710e-07  1.49303710e-07  1.49303710e-07  1.79989954e+00 
 1.49503710e-07  1.49503710e-07  1.49503710e-07  1.79989890e+00 
 1.49703710e-07  1.49703710e-07  1.49703710e-07  1.79989957e+00 
 1.49903710e-07  1.49903710e-07  1.49903710e-07  1.79989893e+00 
 1.50103710e-07  1.50103710e-07  1.50103710e-07  1.79989961e+00 
 1.50303710e-07  1.50303710e-07  1.50303710e-07  1.79989897e+00 
 1.50503710e-07  1.50503710e-07  1.50503710e-07  1.79989964e+00 
 1.50703710e-07  1.50703710e-07  1.50703710e-07  1.79989900e+00 
 1.50903710e-07  1.50903710e-07  1.50903710e-07  1.79989967e+00 
 1.51103710e-07  1.51103710e-07  1.51103710e-07  1.79989903e+00 
 1.51303710e-07  1.51303710e-07  1.51303710e-07  1.79989971e+00 
 1.51503710e-07  1.51503710e-07  1.51503710e-07  1.79989907e+00 
 1.51703710e-07  1.51703710e-07  1.51703710e-07  1.79989974e+00 
 1.51903710e-07  1.51903710e-07  1.51903710e-07  1.79989910e+00 
 1.52103710e-07  1.52103710e-07  1.52103710e-07  1.79989977e+00 
 1.52303710e-07  1.52303710e-07  1.52303710e-07  1.79989913e+00 
 1.52503710e-07  1.52503710e-07  1.52503710e-07  1.79989980e+00 
 1.52703710e-07  1.52703710e-07  1.52703710e-07  1.79989917e+00 
 1.52903710e-07  1.52903710e-07  1.52903710e-07  1.79989983e+00 
 1.53103710e-07  1.53103710e-07  1.53103710e-07  1.79989920e+00 
 1.53303710e-07  1.53303710e-07  1.53303710e-07  1.79989987e+00 
 1.53503710e-07  1.53503710e-07  1.53503710e-07  1.79989923e+00 
 1.53703710e-07  1.53703710e-07  1.53703710e-07  1.79989990e+00 
 1.53903710e-07  1.53903710e-07  1.53903710e-07  1.79989926e+00 
 1.54103710e-07  1.54103710e-07  1.54103710e-07  1.79989993e+00 
 1.54303710e-07  1.54303710e-07  1.54303710e-07  1.79989929e+00 
 1.54503710e-07  1.54503710e-07  1.54503710e-07  1.79989996e+00 
 1.54703710e-07  1.54703710e-07  1.54703710e-07  1.79989932e+00 
 1.54903710e-07  1.54903710e-07  1.54903710e-07  1.79989999e+00 
 1.55103710e-07  1.55103710e-07  1.55103710e-07  1.79989935e+00 
 1.55303710e-07  1.55303710e-07  1.55303710e-07  1.79990002e+00 
 1.55503710e-07  1.55503710e-07  1.55503710e-07  1.79989938e+00 
 1.55703710e-07  1.55703710e-07  1.55703710e-07  1.79990005e+00 
 1.55903710e-07  1.55903710e-07  1.55903710e-07  1.79989941e+00 
 1.56103710e-07  1.56103710e-07  1.56103710e-07  1.79990008e+00 
 1.56303710e-07  1.56303710e-07  1.56303710e-07  1.79989944e+00 
 1.56503710e-07  1.56503710e-07  1.56503710e-07  1.79990010e+00 
 1.56703710e-07  1.56703710e-07  1.56703710e-07  1.79989947e+00 
 1.56903710e-07  1.56903710e-07  1.56903710e-07  1.79990013e+00 
 1.57103710e-07  1.57103710e-07  1.57103710e-07  1.79989950e+00 
 1.57303710e-07  1.57303710e-07  1.57303710e-07  1.79990016e+00 
 1.57503710e-07  1.57503710e-07  1.57503710e-07  1.79989953e+00 
 1.57703710e-07  1.57703710e-07  1.57703710e-07  1.79990019e+00 
 1.57903710e-07  1.57903710e-07  1.57903710e-07  1.79989956e+00 
 1.58103710e-07  1.58103710e-07  1.58103710e-07  1.79990022e+00 
 1.58303710e-07  1.58303710e-07  1.58303710e-07  1.79989959e+00 
 1.58503710e-07  1.58503710e-07  1.58503710e-07  1.79990024e+00 
 1.58703710e-07  1.58703710e-07  1.58703710e-07  1.79989961e+00 
 1.58903710e-07  1.58903710e-07  1.58903710e-07  1.79990027e+00 
 1.59103710e-07  1.59103710e-07  1.59103710e-07  1.79989964e+00 
 1.59303710e-07  1.59303710e-07  1.59303710e-07  1.79990030e+00 
 1.59503710e-07  1.59503710e-07  1.59503710e-07  1.79989967e+00 
 1.59703710e-07  1.59703710e-07  1.59703710e-07  1.79990032e+00 
 1.59903710e-07  1.59903710e-07  1.59903710e-07  1.79989969e+00 
 1.60103710e-07  1.60103710e-07  1.60103710e-07  1.79990035e+00 
 1.60303710e-07  1.60303710e-07  1.60303710e-07  1.79989972e+00 
 1.60503710e-07  1.60503710e-07  1.60503710e-07  1.79990038e+00 
 1.60703710e-07  1.60703710e-07  1.60703710e-07  1.79989975e+00 
 1.60903710e-07  1.60903710e-07  1.60903710e-07  1.79990040e+00 
 1.61103710e-07  1.61103710e-07  1.61103710e-07  1.79989977e+00 
 1.61303710e-07  1.61303710e-07  1.61303710e-07  1.79990043e+00 
 1.61503710e-07  1.61503710e-07  1.61503710e-07  1.79989980e+00 
 1.61703710e-07  1.61703710e-07  1.61703710e-07  1.79990045e+00 
 1.61903710e-07  1.61903710e-07  1.61903710e-07  1.79989983e+00 
 1.62103710e-07  1.62103710e-07  1.62103710e-07  1.79990048e+00 
 1.62303710e-07  1.62303710e-07  1.62303710e-07  1.79989985e+00 
 1.62503710e-07  1.62503710e-07  1.62503710e-07  1.79990050e+00 
 1.62703710e-07  1.62703710e-07  1.62703710e-07  1.79989988e+00 
 1.62903710e-07  1.62903710e-07  1.62903710e-07  1.79990053e+00 
 1.63103710e-07  1.63103710e-07  1.63103710e-07  1.79989990e+00 
 1.63303710e-07  1.63303710e-07  1.63303710e-07  1.79990055e+00 
 1.63503710e-07  1.63503710e-07  1.63503710e-07  1.79989993e+00 
 1.63703710e-07  1.63703710e-07  1.63703710e-07  1.79990058e+00 
 1.63903710e-07  1.63903710e-07  1.63903710e-07  1.79989995e+00 
 1.64103710e-07  1.64103710e-07  1.64103710e-07  1.79990060e+00 
 1.64303710e-07  1.64303710e-07  1.64303710e-07  1.79989998e+00 
 1.64503710e-07  1.64503710e-07  1.64503710e-07  1.79990062e+00 
 1.64703710e-07  1.64703710e-07  1.64703710e-07  1.79990000e+00 
 1.64903710e-07  1.64903710e-07  1.64903710e-07  1.79990065e+00 
 1.65103710e-07  1.65103710e-07  1.65103710e-07  1.79990002e+00 
 1.65303710e-07  1.65303710e-07  1.65303710e-07  1.79990067e+00 
 1.65503710e-07  1.65503710e-07  1.65503710e-07  1.79990005e+00 
 1.65703710e-07  1.65703710e-07  1.65703710e-07  1.79990069e+00 
 1.65903710e-07  1.65903710e-07  1.65903710e-07  1.79990007e+00 
 1.66103710e-07  1.66103710e-07  1.66103710e-07  1.79990072e+00 
 1.66303710e-07  1.66303710e-07  1.66303710e-07  1.79990009e+00 
 1.66503710e-07  1.66503710e-07  1.66503710e-07  1.79990074e+00 
 1.66703710e-07  1.66703710e-07  1.66703710e-07  1.79990012e+00 
 1.66903710e-07  1.66903710e-07  1.66903710e-07  1.79990076e+00 
 1.67103710e-07  1.67103710e-07  1.67103710e-07  1.79990014e+00 
 1.67303710e-07  1.67303710e-07  1.67303710e-07  1.79990078e+00 
 1.67503710e-07  1.67503710e-07  1.67503710e-07  1.79990016e+00 
 1.67703710e-07  1.67703710e-07  1.67703710e-07  1.79990081e+00 
 1.67903710e-07  1.67903710e-07  1.67903710e-07  1.79990018e+00 
 1.68103710e-07  1.68103710e-07  1.68103710e-07  1.79990083e+00 
 1.68303710e-07  1.68303710e-07  1.68303710e-07  1.79990021e+00 
 1.68503710e-07  1.68503710e-07  1.68503710e-07  1.79990085e+00 
 1.68703710e-07  1.68703710e-07  1.68703710e-07  1.79990023e+00 
 1.68903710e-07  1.68903710e-07  1.68903710e-07  1.79990087e+00 
 1.69103710e-07  1.69103710e-07  1.69103710e-07  1.79990025e+00 
 1.69303710e-07  1.69303710e-07  1.69303710e-07  1.79990089e+00 
 1.69503710e-07  1.69503710e-07  1.69503710e-07  1.79990027e+00 
 1.69703710e-07  1.69703710e-07  1.69703710e-07  1.79990091e+00 
 1.69903710e-07  1.69903710e-07  1.69903710e-07  1.79990029e+00 
 1.70103710e-07  1.70103710e-07  1.70103710e-07  1.79990093e+00 
 1.70303710e-07  1.70303710e-07  1.70303710e-07  1.79990031e+00 
 1.70503710e-07  1.70503710e-07  1.70503710e-07  1.79990095e+00 
 1.70703710e-07  1.70703710e-07  1.70703710e-07  1.79990033e+00 
 1.70903710e-07  1.70903710e-07  1.70903710e-07  1.79990097e+00 
 1.71103710e-07  1.71103710e-07  1.71103710e-07  1.79990035e+00 
 1.71303710e-07  1.71303710e-07  1.71303710e-07  1.79990099e+00 
 1.71503710e-07  1.71503710e-07  1.71503710e-07  1.79990037e+00 
 1.71703710e-07  1.71703710e-07  1.71703710e-07  1.79990101e+00 
 1.71903710e-07  1.71903710e-07  1.71903710e-07  1.79990040e+00 
 1.72103710e-07  1.72103710e-07  1.72103710e-07  1.79990103e+00 
 1.72303710e-07  1.72303710e-07  1.72303710e-07  1.79990042e+00 
 1.72503710e-07  1.72503710e-07  1.72503710e-07  1.79990105e+00 
 1.72703710e-07  1.72703710e-07  1.72703710e-07  1.79990044e+00 
 1.72903710e-07  1.72903710e-07  1.72903710e-07  1.79990107e+00 
 1.73103710e-07  1.73103710e-07  1.73103710e-07  1.79990045e+00 
 1.73303710e-07  1.73303710e-07  1.73303710e-07  1.79990109e+00 
 1.73503710e-07  1.73503710e-07  1.73503710e-07  1.79990047e+00 
 1.73703710e-07  1.73703710e-07  1.73703710e-07  1.79990111e+00 
 1.73903710e-07  1.73903710e-07  1.73903710e-07  1.79990049e+00 
 1.74103710e-07  1.74103710e-07  1.74103710e-07  1.79990113e+00 
 1.74303710e-07  1.74303710e-07  1.74303710e-07  1.79990051e+00 
 1.74503710e-07  1.74503710e-07  1.74503710e-07  1.79990115e+00 
 1.74703710e-07  1.74703710e-07  1.74703710e-07  1.79990053e+00 
 1.74903710e-07  1.74903710e-07  1.74903710e-07  1.79990116e+00 
 1.75103710e-07  1.75103710e-07  1.75103710e-07  1.79990055e+00 
 1.75303710e-07  1.75303710e-07  1.75303710e-07  1.79990118e+00 
 1.75503710e-07  1.75503710e-07  1.75503710e-07  1.79990057e+00 
 1.75703710e-07  1.75703710e-07  1.75703710e-07  1.79990120e+00 
 1.75903710e-07  1.75903710e-07  1.75903710e-07  1.79990059e+00 
 1.76103710e-07  1.76103710e-07  1.76103710e-07  1.79990122e+00 
 1.76303710e-07  1.76303710e-07  1.76303710e-07  1.79990061e+00 
 1.76503710e-07  1.76503710e-07  1.76503710e-07  1.79990123e+00 
 1.76703710e-07  1.76703710e-07  1.76703710e-07  1.79990062e+00 
 1.76903710e-07  1.76903710e-07  1.76903710e-07  1.79990125e+00 
 1.77103710e-07  1.77103710e-07  1.77103710e-07  1.79990064e+00 
 1.77303710e-07  1.77303710e-07  1.77303710e-07  1.79990127e+00 
 1.77503710e-07  1.77503710e-07  1.77503710e-07  1.79990066e+00 
 1.77703710e-07  1.77703710e-07  1.77703710e-07  1.79990129e+00 
 1.77903710e-07  1.77903710e-07  1.77903710e-07  1.79990068e+00 
 1.78103710e-07  1.78103710e-07  1.78103710e-07  1.79990130e+00 
 1.78303710e-07  1.78303710e-07  1.78303710e-07  1.79990069e+00 
 1.78503710e-07  1.78503710e-07  1.78503710e-07  1.79990132e+00 
 1.78703710e-07  1.78703710e-07  1.78703710e-07  1.79990071e+00 
 1.78903710e-07  1.78903710e-07  1.78903710e-07  1.79990134e+00 
 1.79103710e-07  1.79103710e-07  1.79103710e-07  1.79990073e+00 
 1.79303710e-07  1.79303710e-07  1.79303710e-07  1.79990135e+00 
 1.79503710e-07  1.79503710e-07  1.79503710e-07  1.79990074e+00 
 1.79703710e-07  1.79703710e-07  1.79703710e-07  1.79990137e+00 
 1.79903710e-07  1.79903710e-07  1.79903710e-07  1.79990076e+00 
 1.80103710e-07  1.80103710e-07  1.80103710e-07  1.79990139e+00 
 1.80303710e-07  1.80303710e-07  1.80303710e-07  1.79990078e+00 
 1.80503710e-07  1.80503710e-07  1.80503710e-07  1.79990140e+00 
 1.80703710e-07  1.80703710e-07  1.80703710e-07  1.79990079e+00 
 1.80903710e-07  1.80903710e-07  1.80903710e-07  1.79990142e+00 
 1.81103710e-07  1.81103710e-07  1.81103710e-07  1.79990081e+00 
 1.81303710e-07  1.81303710e-07  1.81303710e-07  1.79990143e+00 
 1.81503710e-07  1.81503710e-07  1.81503710e-07  1.79990083e+00 
 1.81703710e-07  1.81703710e-07  1.81703710e-07  1.79990145e+00 
 1.81903710e-07  1.81903710e-07  1.81903710e-07  1.79990084e+00 
 1.82103710e-07  1.82103710e-07  1.82103710e-07  1.79990146e+00 
 1.82303710e-07  1.82303710e-07  1.82303710e-07  1.79990086e+00 
 1.82503710e-07  1.82503710e-07  1.82503710e-07  1.79990148e+00 
 1.82703710e-07  1.82703710e-07  1.82703710e-07  1.79990087e+00 
 1.82903710e-07  1.82903710e-07  1.82903710e-07  1.79990149e+00 
 1.83103710e-07  1.83103710e-07  1.83103710e-07  1.79990089e+00 
 1.83303710e-07  1.83303710e-07  1.83303710e-07  1.79990151e+00 
 1.83503710e-07  1.83503710e-07  1.83503710e-07  1.79990090e+00 
 1.83703710e-07  1.83703710e-07  1.83703710e-07  1.79990152e+00 
 1.83903710e-07  1.83903710e-07  1.83903710e-07  1.79990092e+00 
 1.84103710e-07  1.84103710e-07  1.84103710e-07  1.79990154e+00 
 1.84303710e-07  1.84303710e-07  1.84303710e-07  1.79990094e+00 
 1.84503710e-07  1.84503710e-07  1.84503710e-07  1.79990155e+00 
 1.84703710e-07  1.84703710e-07  1.84703710e-07  1.79990095e+00 
 1.84903710e-07  1.84903710e-07  1.84903710e-07  1.79990157e+00 
 1.85103710e-07  1.85103710e-07  1.85103710e-07  1.79990096e+00 
 1.85303710e-07  1.85303710e-07  1.85303710e-07  1.79990158e+00 
 1.85503710e-07  1.85503710e-07  1.85503710e-07  1.79990098e+00 
 1.85703710e-07  1.85703710e-07  1.85703710e-07  1.79990160e+00 
 1.85903710e-07  1.85903710e-07  1.85903710e-07  1.79990099e+00 
 1.86103710e-07  1.86103710e-07  1.86103710e-07  1.79990161e+00 
 1.86303710e-07  1.86303710e-07  1.86303710e-07  1.79990101e+00 
 1.86503710e-07  1.86503710e-07  1.86503710e-07  1.79990162e+00 
 1.86703710e-07  1.86703710e-07  1.86703710e-07  1.79990102e+00 
 1.86903710e-07  1.86903710e-07  1.86903710e-07  1.79990164e+00 
 1.87103710e-07  1.87103710e-07  1.87103710e-07  1.79990104e+00 
 1.87303710e-07  1.87303710e-07  1.87303710e-07  1.79990165e+00 
 1.87503710e-07  1.87503710e-07  1.87503710e-07  1.79990105e+00 
 1.87703710e-07  1.87703710e-07  1.87703710e-07  1.79990166e+00 
 1.87903710e-07  1.87903710e-07  1.87903710e-07  1.79990106e+00 
 1.88103710e-07  1.88103710e-07  1.88103710e-07  1.79990168e+00 
 1.88303710e-07  1.88303710e-07  1.88303710e-07  1.79990108e+00 
 1.88503710e-07  1.88503710e-07  1.88503710e-07  1.79990169e+00 
 1.88703710e-07  1.88703710e-07  1.88703710e-07  1.79990109e+00 
 1.88903710e-07  1.88903710e-07  1.88903710e-07  1.79990170e+00 
 1.89103710e-07  1.89103710e-07  1.89103710e-07  1.79990111e+00 
 1.89303710e-07  1.89303710e-07  1.89303710e-07  1.79990172e+00 
 1.89503710e-07  1.89503710e-07  1.89503710e-07  1.79990112e+00 
 1.89703710e-07  1.89703710e-07  1.89703710e-07  1.79990173e+00 
 1.89903710e-07  1.89903710e-07  1.89903710e-07  1.79990113e+00 
 1.90103710e-07  1.90103710e-07  1.90103710e-07  1.79990174e+00 
 1.90303710e-07  1.90303710e-07  1.90303710e-07  1.79990114e+00 
 1.90503710e-07  1.90503710e-07  1.90503710e-07  1.79990175e+00 
 1.90703710e-07  1.90703710e-07  1.90703710e-07  1.79990116e+00 
 1.90903710e-07  1.90903710e-07  1.90903710e-07  1.79990177e+00 
 1.91103710e-07  1.91103710e-07  1.91103710e-07  1.79990117e+00 
 1.91303710e-07  1.91303710e-07  1.91303710e-07  1.79990178e+00 
 1.91503710e-07  1.91503710e-07  1.91503710e-07  1.79990118e+00 
 1.91703710e-07  1.91703710e-07  1.91703710e-07  1.79990179e+00 
 1.91903710e-07  1.91903710e-07  1.91903710e-07  1.79990120e+00 
 1.92103710e-07  1.92103710e-07  1.92103710e-07  1.79990180e+00 
 1.92303710e-07  1.92303710e-07  1.92303710e-07  1.79990121e+00 
 1.92503710e-07  1.92503710e-07  1.92503710e-07  1.79990181e+00 
 1.92703710e-07  1.92703710e-07  1.92703710e-07  1.79990122e+00 
 1.92903710e-07  1.92903710e-07  1.92903710e-07  1.79990183e+00 
 1.93103710e-07  1.93103710e-07  1.93103710e-07  1.79990123e+00 
 1.93303710e-07  1.93303710e-07  1.93303710e-07  1.79990184e+00 
 1.93503710e-07  1.93503710e-07  1.93503710e-07  1.79990124e+00 
 1.93703710e-07  1.93703710e-07  1.93703710e-07  1.79990185e+00 
 1.93903710e-07  1.93903710e-07  1.93903710e-07  1.79990126e+00 
 1.94103710e-07  1.94103710e-07  1.94103710e-07  1.79990186e+00 
 1.94303710e-07  1.94303710e-07  1.94303710e-07  1.79990127e+00 
 1.94503710e-07  1.94503710e-07  1.94503710e-07  1.79990187e+00 
 1.94703710e-07  1.94703710e-07  1.94703710e-07  1.79990128e+00 
 1.94903710e-07  1.94903710e-07  1.94903710e-07  1.79990188e+00 
 1.95103710e-07  1.95103710e-07  1.95103710e-07  1.79990129e+00 
 1.95303710e-07  1.95303710e-07  1.95303710e-07  1.79990189e+00 
 1.95503710e-07  1.95503710e-07  1.95503710e-07  1.79990130e+00 
 1.95703710e-07  1.95703710e-07  1.95703710e-07  1.79990191e+00 
 1.95903710e-07  1.95903710e-07  1.95903710e-07  1.79990132e+00 
 1.96103710e-07  1.96103710e-07  1.96103710e-07  1.79990192e+00 
 1.96303710e-07  1.96303710e-07  1.96303710e-07  1.79990133e+00 
 1.96503710e-07  1.96503710e-07  1.96503710e-07  1.79990193e+00 
 1.96703710e-07  1.96703710e-07  1.96703710e-07  1.79990134e+00 
 1.96903710e-07  1.96903710e-07  1.96903710e-07  1.79990194e+00 
 1.97103710e-07  1.97103710e-07  1.97103710e-07  1.79990135e+00 
 1.97303710e-07  1.97303710e-07  1.97303710e-07  1.79990195e+00 
 1.97503710e-07  1.97503710e-07  1.97503710e-07  1.79990136e+00 
 1.97703710e-07  1.97703710e-07  1.97703710e-07  1.79990196e+00 
 1.97903710e-07  1.97903710e-07  1.97903710e-07  1.79990137e+00 
 1.98103710e-07  1.98103710e-07  1.98103710e-07  1.79990197e+00 
 1.98303710e-07  1.98303710e-07  1.98303710e-07  1.79990138e+00 
 1.98503710e-07  1.98503710e-07  1.98503710e-07  1.79990198e+00 
 1.98703710e-07  1.98703710e-07  1.98703710e-07  1.79990139e+00 
 1.98903710e-07  1.98903710e-07  1.98903710e-07  1.79990199e+00 
 1.99103710e-07  1.99103710e-07  1.99103710e-07  1.79990140e+00 
 1.99303710e-07  1.99303710e-07  1.99303710e-07  1.79990200e+00 
 1.99503710e-07  1.99503710e-07  1.99503710e-07  1.79990141e+00 
 1.99703710e-07  1.99703710e-07  1.99703710e-07  1.79990201e+00 
 1.99903710e-07  1.99903710e-07  1.99903710e-07  1.79990142e+00 
 2.00103710e-07  2.00103710e-07  2.00103710e-07  1.79990202e+00 
 2.00303710e-07  2.00303710e-07  2.00303710e-07  1.79990143e+00 
 2.00503710e-07  2.00503710e-07  2.00503710e-07  1.79990203e+00 
 2.00703710e-07  2.00703710e-07  2.00703710e-07  1.79990144e+00 
 2.00903710e-07  2.00903710e-07  2.00903710e-07  1.79990204e+00 
 2.01103710e-07  2.01103710e-07  2.01103710e-07  1.79990145e+00 
 2.01303710e-07  2.01303710e-07  2.01303710e-07  1.79990205e+00 
 2.01503710e-07  2.01503710e-07  2.01503710e-07  1.79990146e+00 
 2.01703710e-07  2.01703710e-07  2.01703710e-07  1.79990206e+00 
 2.01903710e-07  2.01903710e-07  2.01903710e-07  1.79990147e+00 
 2.02103710e-07  2.02103710e-07  2.02103710e-07  1.79990207e+00 
 2.02303710e-07  2.02303710e-07  2.02303710e-07  1.79990148e+00 
 2.02503710e-07  2.02503710e-07  2.02503710e-07  1.79990208e+00 
 2.02703710e-07  2.02703710e-07  2.02703710e-07  1.79990149e+00 
 2.02903710e-07  2.02903710e-07  2.02903710e-07  1.79990209e+00 
 2.03103710e-07  2.03103710e-07  2.03103710e-07  1.79990150e+00 
 2.03303710e-07  2.03303710e-07  2.03303710e-07  1.79990209e+00 
 2.03503710e-07  2.03503710e-07  2.03503710e-07  1.79990151e+00 
 2.03703710e-07  2.03703710e-07  2.03703710e-07  1.79990210e+00 
 2.03903710e-07  2.03903710e-07  2.03903710e-07  1.79990152e+00 
 2.04103710e-07  2.04103710e-07  2.04103710e-07  1.79990211e+00 
 2.04303710e-07  2.04303710e-07  2.04303710e-07  1.79990153e+00 
 2.04503710e-07  2.04503710e-07  2.04503710e-07  1.79990212e+00 
 2.04703710e-07  2.04703710e-07  2.04703710e-07  1.79990154e+00 
 2.04903710e-07  2.04903710e-07  2.04903710e-07  1.79990213e+00 
 2.05103710e-07  2.05103710e-07  2.05103710e-07  1.79990155e+00 
 2.05303710e-07  2.05303710e-07  2.05303710e-07  1.79990214e+00 
 2.05503710e-07  2.05503710e-07  2.05503710e-07  1.79990156e+00 
 2.05703710e-07  2.05703710e-07  2.05703710e-07  1.79990215e+00 
 2.05903710e-07  2.05903710e-07  2.05903710e-07  1.79990157e+00 
 2.06103710e-07  2.06103710e-07  2.06103710e-07  1.79990216e+00 
 2.06303710e-07  2.06303710e-07  2.06303710e-07  1.79990158e+00 
 2.06503710e-07  2.06503710e-07  2.06503710e-07  1.79990216e+00 
 2.06703710e-07  2.06703710e-07  2.06703710e-07  1.79990159e+00 
 2.06903710e-07  2.06903710e-07  2.06903710e-07  1.79990217e+00 
 2.07103710e-07  2.07103710e-07  2.07103710e-07  1.79990160e+00 
 2.07303710e-07  2.07303710e-07  2.07303710e-07  1.79990218e+00 
 2.07503710e-07  2.07503710e-07  2.07503710e-07  1.79990160e+00 
 2.07703710e-07  2.07703710e-07  2.07703710e-07  1.79990219e+00 
 2.07903710e-07  2.07903710e-07  2.07903710e-07  1.79990161e+00 
 2.08103710e-07  2.08103710e-07  2.08103710e-07  1.79990220e+00 
 2.08303710e-07  2.08303710e-07  2.08303710e-07  1.79990162e+00 
 2.08503710e-07  2.08503710e-07  2.08503710e-07  1.79990221e+00 
 2.08703710e-07  2.08703710e-07  2.08703710e-07  1.79990163e+00 
 2.08903710e-07  2.08903710e-07  2.08903710e-07  1.79990221e+00 
 2.09103710e-07  2.09103710e-07  2.09103710e-07  1.79990164e+00 
 2.09303710e-07  2.09303710e-07  2.09303710e-07  1.79990222e+00 
 2.09503710e-07  2.09503710e-07  2.09503710e-07  1.79990165e+00 
 2.09703710e-07  2.09703710e-07  2.09703710e-07  1.79990223e+00 
 2.09903710e-07  2.09903710e-07  2.09903710e-07  1.79990166e+00 
 2.10103710e-07  2.10103710e-07  2.10103710e-07  1.79990224e+00 
 2.10303710e-07  2.10303710e-07  2.10303710e-07  1.79990166e+00 
 2.10503710e-07  2.10503710e-07  2.10503710e-07  1.79990225e+00 
 2.10703710e-07  2.10703710e-07  2.10703710e-07  1.79990167e+00 
 2.10903710e-07  2.10903710e-07  2.10903710e-07  1.79990225e+00 
 2.11103710e-07  2.11103710e-07  2.11103710e-07  1.79990168e+00 
 2.11303710e-07  2.11303710e-07  2.11303710e-07  1.79990226e+00 
 2.11503710e-07  2.11503710e-07  2.11503710e-07  1.79990169e+00 
 2.11703710e-07  2.11703710e-07  2.11703710e-07  1.79990227e+00 
 2.11903710e-07  2.11903710e-07  2.11903710e-07  1.79990170e+00 
 2.12103710e-07  2.12103710e-07  2.12103710e-07  1.79990228e+00 
 2.12303710e-07  2.12303710e-07  2.12303710e-07  1.79990170e+00 
 2.12503710e-07  2.12503710e-07  2.12503710e-07  1.79990228e+00 
 2.12703710e-07  2.12703710e-07  2.12703710e-07  1.79990171e+00 
 2.12903710e-07  2.12903710e-07  2.12903710e-07  1.79990229e+00 
 2.13103710e-07  2.13103710e-07  2.13103710e-07  1.79990172e+00 
 2.13303710e-07  2.13303710e-07  2.13303710e-07  1.79990230e+00 
 2.13503710e-07  2.13503710e-07  2.13503710e-07  1.79990173e+00 
 2.13703710e-07  2.13703710e-07  2.13703710e-07  1.79990230e+00 
 2.13903710e-07  2.13903710e-07  2.13903710e-07  1.79990173e+00 
 2.14103710e-07  2.14103710e-07  2.14103710e-07  1.79990231e+00 
 2.14303710e-07  2.14303710e-07  2.14303710e-07  1.79990174e+00 
 2.14503710e-07  2.14503710e-07  2.14503710e-07  1.79990232e+00 
 2.14703710e-07  2.14703710e-07  2.14703710e-07  1.79990175e+00 
 2.14903710e-07  2.14903710e-07  2.14903710e-07  1.79990232e+00 
 2.15103710e-07  2.15103710e-07  2.15103710e-07  1.79990176e+00 
 2.15303710e-07  2.15303710e-07  2.15303710e-07  1.79990233e+00 
 2.15503710e-07  2.15503710e-07  2.15503710e-07  1.79990176e+00 
 2.15703710e-07  2.15703710e-07  2.15703710e-07  1.79990234e+00 
 2.15903710e-07  2.15903710e-07  2.15903710e-07  1.79990177e+00 
 2.16103710e-07  2.16103710e-07  2.16103710e-07  1.79990234e+00 
 2.16303710e-07  2.16303710e-07  2.16303710e-07  1.79990178e+00 
 2.16503710e-07  2.16503710e-07  2.16503710e-07  1.79990235e+00 
 2.16703710e-07  2.16703710e-07  2.16703710e-07  1.79990179e+00 
 2.16903710e-07  2.16903710e-07  2.16903710e-07  1.79990236e+00 
 2.17103710e-07  2.17103710e-07  2.17103710e-07  1.79990179e+00 
 2.17303710e-07  2.17303710e-07  2.17303710e-07  1.79990236e+00 
 2.17503710e-07  2.17503710e-07  2.17503710e-07  1.79990180e+00 
 2.17703710e-07  2.17703710e-07  2.17703710e-07  1.79990237e+00 
 2.17903710e-07  2.17903710e-07  2.17903710e-07  1.79990181e+00 
 2.18103710e-07  2.18103710e-07  2.18103710e-07  1.79990238e+00 
 2.18303710e-07  2.18303710e-07  2.18303710e-07  1.79990181e+00 
 2.18503710e-07  2.18503710e-07  2.18503710e-07  1.79990238e+00 
 2.18703710e-07  2.18703710e-07  2.18703710e-07  1.79990182e+00 
 2.18903710e-07  2.18903710e-07  2.18903710e-07  1.79990239e+00 
 2.19103710e-07  2.19103710e-07  2.19103710e-07  1.79990183e+00 
 2.19303710e-07  2.19303710e-07  2.19303710e-07  1.79990240e+00 
 2.19503710e-07  2.19503710e-07  2.19503710e-07  1.79990183e+00 
 2.19703710e-07  2.19703710e-07  2.19703710e-07  1.79990240e+00 
 2.19903710e-07  2.19903710e-07  2.19903710e-07  1.79990184e+00 
 2.20103710e-07  2.20103710e-07  2.20103710e-07  1.79990241e+00 
 2.20303710e-07  2.20303710e-07  2.20303710e-07  1.79990185e+00 
 2.20503710e-07  2.20503710e-07  2.20503710e-07  1.79990241e+00 
 2.20703710e-07  2.20703710e-07  2.20703710e-07  1.79990185e+00 
 2.20903710e-07  2.20903710e-07  2.20903710e-07  1.79990242e+00 
 2.21103710e-07  2.21103710e-07  2.21103710e-07  1.79990186e+00 
 2.21303710e-07  2.21303710e-07  2.21303710e-07  1.79990243e+00 
 2.21503710e-07  2.21503710e-07  2.21503710e-07  1.79990187e+00 
 2.21703710e-07  2.21703710e-07  2.21703710e-07  1.79990243e+00 
 2.21903710e-07  2.21903710e-07  2.21903710e-07  1.79990187e+00 
 2.22103710e-07  2.22103710e-07  2.22103710e-07  1.79990244e+00 
 2.22303710e-07  2.22303710e-07  2.22303710e-07  1.79990188e+00 
 2.22503710e-07  2.22503710e-07  2.22503710e-07  1.79990244e+00 
 2.22703710e-07  2.22703710e-07  2.22703710e-07  1.79990188e+00 
 2.22903710e-07  2.22903710e-07  2.22903710e-07  1.79990245e+00 
 2.23103710e-07  2.23103710e-07  2.23103710e-07  1.79990189e+00 
 2.23303710e-07  2.23303710e-07  2.23303710e-07  1.79990245e+00 
 2.23503710e-07  2.23503710e-07  2.23503710e-07  1.79990190e+00 
 2.23703710e-07  2.23703710e-07  2.23703710e-07  1.79990246e+00 
 2.23903710e-07  2.23903710e-07  2.23903710e-07  1.79990190e+00 
 2.24103710e-07  2.24103710e-07  2.24103710e-07  1.79990247e+00 
 2.24303710e-07  2.24303710e-07  2.24303710e-07  1.79990191e+00 
 2.24503710e-07  2.24503710e-07  2.24503710e-07  1.79990247e+00 
 2.24703710e-07  2.24703710e-07  2.24703710e-07  1.79990191e+00 
 2.24903710e-07  2.24903710e-07  2.24903710e-07  1.79990248e+00 
 2.25103710e-07  2.25103710e-07  2.25103710e-07  1.79990192e+00 
 2.25303710e-07  2.25303710e-07  2.25303710e-07  1.79990248e+00 
 2.25503710e-07  2.25503710e-07  2.25503710e-07  1.79990193e+00 
 2.25703710e-07  2.25703710e-07  2.25703710e-07  1.79990249e+00 
 2.25903710e-07  2.25903710e-07  2.25903710e-07  1.79990193e+00 
 2.26103710e-07  2.26103710e-07  2.26103710e-07  1.79990249e+00 
 2.26303710e-07  2.26303710e-07  2.26303710e-07  1.79990194e+00 
 2.26503710e-07  2.26503710e-07  2.26503710e-07  1.79990250e+00 
 2.26703710e-07  2.26703710e-07  2.26703710e-07  1.79990194e+00 
 2.26903710e-07  2.26903710e-07  2.26903710e-07  1.79990250e+00 
 2.27103710e-07  2.27103710e-07  2.27103710e-07  1.79990195e+00 
 2.27303710e-07  2.27303710e-07  2.27303710e-07  1.79990251e+00 
 2.27503710e-07  2.27503710e-07  2.27503710e-07  1.79990195e+00 
 2.27703710e-07  2.27703710e-07  2.27703710e-07  1.79990251e+00 
 2.27903710e-07  2.27903710e-07  2.27903710e-07  1.79990196e+00 
 2.28103710e-07  2.28103710e-07  2.28103710e-07  1.79990252e+00 
 2.28303710e-07  2.28303710e-07  2.28303710e-07  1.79990197e+00 
 2.28503710e-07  2.28503710e-07  2.28503710e-07  1.79990252e+00 
 2.28703710e-07  2.28703710e-07  2.28703710e-07  1.79990197e+00 
 2.28903710e-07  2.28903710e-07  2.28903710e-07  1.79990253e+00 
 2.29103710e-07  2.29103710e-07  2.29103710e-07  1.79990198e+00 
 2.29303710e-07  2.29303710e-07  2.29303710e-07  1.79990253e+00 
 2.29503710e-07  2.29503710e-07  2.29503710e-07  1.79990198e+00 
 2.29703710e-07  2.29703710e-07  2.29703710e-07  1.79990254e+00 
 2.29903710e-07  2.29903710e-07  2.29903710e-07  1.79990199e+00 
 2.30103710e-07  2.30103710e-07  2.30103710e-07  1.79990254e+00 
 2.30303710e-07  2.30303710e-07  2.30303710e-07  1.79990199e+00 
 2.30503710e-07  2.30503710e-07  2.30503710e-07  1.79990255e+00 
 2.30703710e-07  2.30703710e-07  2.30703710e-07  1.79990200e+00 
 2.30903710e-07  2.30903710e-07  2.30903710e-07  1.79990255e+00 
 2.31103710e-07  2.31103710e-07  2.31103710e-07  1.79990200e+00 
 2.31303710e-07  2.31303710e-07  2.31303710e-07  1.79990256e+00 
 2.31503710e-07  2.31503710e-07  2.31503710e-07  1.79990201e+00 
 2.31703710e-07  2.31703710e-07  2.31703710e-07  1.79990256e+00 
 2.31903710e-07  2.31903710e-07  2.31903710e-07  1.79990201e+00 
 2.32103710e-07  2.32103710e-07  2.32103710e-07  1.79990257e+00 
 2.32303710e-07  2.32303710e-07  2.32303710e-07  1.79990202e+00 
 2.32503710e-07  2.32503710e-07  2.32503710e-07  1.79990257e+00 
 2.32703710e-07  2.32703710e-07  2.32703710e-07  1.79990202e+00 
 2.32903710e-07  2.32903710e-07  2.32903710e-07  1.79990257e+00 
 2.33103710e-07  2.33103710e-07  2.33103710e-07  1.79990203e+00 
 2.33303710e-07  2.33303710e-07  2.33303710e-07  1.79990258e+00 
 2.33503710e-07  2.33503710e-07  2.33503710e-07  1.79990203e+00 
 2.33703710e-07  2.33703710e-07  2.33703710e-07  1.79990258e+00 
 2.33903710e-07  2.33903710e-07  2.33903710e-07  1.79990204e+00 
 2.34103710e-07  2.34103710e-07  2.34103710e-07  1.79990259e+00 
 2.34303710e-07  2.34303710e-07  2.34303710e-07  1.79990204e+00 
 2.34503710e-07  2.34503710e-07  2.34503710e-07  1.79990259e+00 
 2.34703710e-07  2.34703710e-07  2.34703710e-07  1.79990205e+00 
 2.34903710e-07  2.34903710e-07  2.34903710e-07  1.79990260e+00 
 2.35103710e-07  2.35103710e-07  2.35103710e-07  1.79990205e+00 
 2.35303710e-07  2.35303710e-07  2.35303710e-07  1.79990260e+00 
 2.35503710e-07  2.35503710e-07  2.35503710e-07  1.79990206e+00 
 2.35703710e-07  2.35703710e-07  2.35703710e-07  1.79990260e+00 
 2.35903710e-07  2.35903710e-07  2.35903710e-07  1.79990206e+00 
 2.36103710e-07  2.36103710e-07  2.36103710e-07  1.79990261e+00 
 2.36303710e-07  2.36303710e-07  2.36303710e-07  1.79990206e+00 
 2.36503710e-07  2.36503710e-07  2.36503710e-07  1.79990261e+00 
 2.36703710e-07  2.36703710e-07  2.36703710e-07  1.79990207e+00 
 2.36903710e-07  2.36903710e-07  2.36903710e-07  1.79990262e+00 
 2.37103710e-07  2.37103710e-07  2.37103710e-07  1.79990207e+00 
 2.37303710e-07  2.37303710e-07  2.37303710e-07  1.79990262e+00 
 2.37503710e-07  2.37503710e-07  2.37503710e-07  1.79990208e+00 
 2.37703710e-07  2.37703710e-07  2.37703710e-07  1.79990262e+00 
 2.37903710e-07  2.37903710e-07  2.37903710e-07  1.79990208e+00 
 2.38103710e-07  2.38103710e-07  2.38103710e-07  1.79990263e+00 
 2.38303710e-07  2.38303710e-07  2.38303710e-07  1.79990209e+00 
 2.38503710e-07  2.38503710e-07  2.38503710e-07  1.79990263e+00 
 2.38703710e-07  2.38703710e-07  2.38703710e-07  1.79990209e+00 
 2.38903710e-07  2.38903710e-07  2.38903710e-07  1.79990264e+00 
 2.39103710e-07  2.39103710e-07  2.39103710e-07  1.79990210e+00 
 2.39303710e-07  2.39303710e-07  2.39303710e-07  1.79990264e+00 
 2.39503710e-07  2.39503710e-07  2.39503710e-07  1.79990210e+00 
 2.39703710e-07  2.39703710e-07  2.39703710e-07  1.79990264e+00 
 2.39903710e-07  2.39903710e-07  2.39903710e-07  1.79990210e+00 
 2.40103710e-07  2.40103710e-07  2.40103710e-07  1.79990265e+00 
 2.40303710e-07  2.40303710e-07  2.40303710e-07  1.79990211e+00 
 2.40503710e-07  2.40503710e-07  2.40503710e-07  1.79990265e+00 
 2.40703710e-07  2.40703710e-07  2.40703710e-07  1.79990211e+00 
 2.40903710e-07  2.40903710e-07  2.40903710e-07  1.79990265e+00 
 2.41103710e-07  2.41103710e-07  2.41103710e-07  1.79990212e+00 
 2.41303710e-07  2.41303710e-07  2.41303710e-07  1.79990266e+00 
 2.41503710e-07  2.41503710e-07  2.41503710e-07  1.79990212e+00 
 2.41703710e-07  2.41703710e-07  2.41703710e-07  1.79990266e+00 
 2.41903710e-07  2.41903710e-07  2.41903710e-07  1.79990212e+00 
 2.42103710e-07  2.42103710e-07  2.42103710e-07  1.79990267e+00 
 2.42303710e-07  2.42303710e-07  2.42303710e-07  1.79990213e+00 
 2.42503710e-07  2.42503710e-07  2.42503710e-07  1.79990267e+00 
 2.42703710e-07  2.42703710e-07  2.42703710e-07  1.79990213e+00 
 2.42903710e-07  2.42903710e-07  2.42903710e-07  1.79990267e+00 
 2.43103710e-07  2.43103710e-07  2.43103710e-07  1.79990214e+00 
 2.43303710e-07  2.43303710e-07  2.43303710e-07  1.79990268e+00 
 2.43503710e-07  2.43503710e-07  2.43503710e-07  1.79990214e+00 
 2.43703710e-07  2.43703710e-07  2.43703710e-07  1.79990268e+00 
 2.43903710e-07  2.43903710e-07  2.43903710e-07  1.79990214e+00 
 2.44103710e-07  2.44103710e-07  2.44103710e-07  1.79990268e+00 
 2.44303710e-07  2.44303710e-07  2.44303710e-07  1.79990215e+00 
 2.44503710e-07  2.44503710e-07  2.44503710e-07  1.79990269e+00 
 2.44703710e-07  2.44703710e-07  2.44703710e-07  1.79990215e+00 
 2.44903710e-07  2.44903710e-07  2.44903710e-07  1.79990269e+00 
 2.45103710e-07  2.45103710e-07  2.45103710e-07  1.79990216e+00 
 2.45303710e-07  2.45303710e-07  2.45303710e-07  1.79990269e+00 
 2.45503710e-07  2.45503710e-07  2.45503710e-07  1.79990216e+00 
 2.45703710e-07  2.45703710e-07  2.45703710e-07  1.79990270e+00 
 2.45903710e-07  2.45903710e-07  2.45903710e-07  1.79990216e+00 
 2.46103710e-07  2.46103710e-07  2.46103710e-07  1.79990270e+00 
 2.46303710e-07  2.46303710e-07  2.46303710e-07  1.79990217e+00 
 2.46503710e-07  2.46503710e-07  2.46503710e-07  1.79990270e+00 
 2.46703710e-07  2.46703710e-07  2.46703710e-07  1.79990217e+00 
 2.46903710e-07  2.46903710e-07  2.46903710e-07  1.79990271e+00 
 2.47103710e-07  2.47103710e-07  2.47103710e-07  1.79990217e+00 
 2.47303710e-07  2.47303710e-07  2.47303710e-07  1.79990271e+00 
 2.47503710e-07  2.47503710e-07  2.47503710e-07  1.79990218e+00 
 2.47703710e-07  2.47703710e-07  2.47703710e-07  1.79990271e+00 
 2.47903710e-07  2.47903710e-07  2.47903710e-07  1.79990218e+00 
 2.48103710e-07  2.48103710e-07  2.48103710e-07  1.79990271e+00 
 2.48303710e-07  2.48303710e-07  2.48303710e-07  1.79990218e+00 
 2.48503710e-07  2.48503710e-07  2.48503710e-07  1.79990272e+00 
 2.48703710e-07  2.48703710e-07  2.48703710e-07  1.79990219e+00 
 2.48903710e-07  2.48903710e-07  2.48903710e-07  1.79990272e+00 
 2.49103710e-07  2.49103710e-07  2.49103710e-07  1.79990219e+00 
 2.49303710e-07  2.49303710e-07  2.49303710e-07  1.79990272e+00 
 2.49503710e-07  2.49503710e-07  2.49503710e-07  1.79990219e+00 
 2.49703710e-07  2.49703710e-07  2.49703710e-07  1.79990273e+00 
 2.49903710e-07  2.49903710e-07  2.49903710e-07  1.79990220e+00 
 2.50103710e-07  2.50103710e-07  2.50103710e-07  1.79990273e+00 
 2.50303710e-07  2.50303710e-07  2.50303710e-07  1.79990220e+00 
 2.50503710e-07  2.50503710e-07  2.50503710e-07  1.79990273e+00 
 2.50703710e-07  2.50703710e-07  2.50703710e-07  1.79990220e+00 
 2.50903710e-07  2.50903710e-07  2.50903710e-07  1.79990274e+00 
 2.51103710e-07  2.51103710e-07  2.51103710e-07  1.79990221e+00 
 2.51303710e-07  2.51303710e-07  2.51303710e-07  1.79990274e+00 
 2.51503710e-07  2.51503710e-07  2.51503710e-07  1.79990221e+00 
 2.51703710e-07  2.51703710e-07  2.51703710e-07  1.79990274e+00 
 2.51903710e-07  2.51903710e-07  2.51903710e-07  1.79990221e+00 
 2.52103710e-07  2.52103710e-07  2.52103710e-07  1.79990274e+00 
 2.52303710e-07  2.52303710e-07  2.52303710e-07  1.79990222e+00 
 2.52503710e-07  2.52503710e-07  2.52503710e-07  1.79990275e+00 
 2.52703710e-07  2.52703710e-07  2.52703710e-07  1.79990222e+00 
 2.52903710e-07  2.52903710e-07  2.52903710e-07  1.79990275e+00 
 2.53103710e-07  2.53103710e-07  2.53103710e-07  1.79990222e+00 
 2.53303710e-07  2.53303710e-07  2.53303710e-07  1.79990275e+00 
 2.53503710e-07  2.53503710e-07  2.53503710e-07  1.79990223e+00 
 2.53703710e-07  2.53703710e-07  2.53703710e-07  1.79990275e+00 
 2.53903710e-07  2.53903710e-07  2.53903710e-07  1.79990223e+00 
 2.54103710e-07  2.54103710e-07  2.54103710e-07  1.79990276e+00 
 2.54303710e-07  2.54303710e-07  2.54303710e-07  1.79990223e+00 
 2.54503710e-07  2.54503710e-07  2.54503710e-07  1.79990276e+00 
 2.54703710e-07  2.54703710e-07  2.54703710e-07  1.79990224e+00 
 2.54903710e-07  2.54903710e-07  2.54903710e-07  1.79990276e+00 
 2.55103710e-07  2.55103710e-07  2.55103710e-07  1.79990224e+00 
 2.55303710e-07  2.55303710e-07  2.55303710e-07  1.79990276e+00 
 2.55503710e-07  2.55503710e-07  2.55503710e-07  1.79990224e+00 
 2.55703710e-07  2.55703710e-07  2.55703710e-07  1.79990277e+00 
 2.55903710e-07  2.55903710e-07  2.55903710e-07  1.79990225e+00 
 2.56103710e-07  2.56103710e-07  2.56103710e-07  1.79990277e+00 
 2.56303710e-07  2.56303710e-07  2.56303710e-07  1.79990225e+00 
 2.56503710e-07  2.56503710e-07  2.56503710e-07  1.79990277e+00 
 2.56703710e-07  2.56703710e-07  2.56703710e-07  1.79990225e+00 
 2.56903710e-07  2.56903710e-07  2.56903710e-07  1.79990277e+00 
 2.57103710e-07  2.57103710e-07  2.57103710e-07  1.79990225e+00 
 2.57303710e-07  2.57303710e-07  2.57303710e-07  1.79990278e+00 
 2.57503710e-07  2.57503710e-07  2.57503710e-07  1.79990226e+00 
 2.57703710e-07  2.57703710e-07  2.57703710e-07  1.79990278e+00 
 2.57903710e-07  2.57903710e-07  2.57903710e-07  1.79990226e+00 
 2.58103710e-07  2.58103710e-07  2.58103710e-07  1.79990278e+00 
 2.58303710e-07  2.58303710e-07  2.58303710e-07  1.79990226e+00 
 2.58503710e-07  2.58503710e-07  2.58503710e-07  1.79990278e+00 
 2.58703710e-07  2.58703710e-07  2.58703710e-07  1.79990227e+00 
 2.58903710e-07  2.58903710e-07  2.58903710e-07  1.79990279e+00 
 2.59103710e-07  2.59103710e-07  2.59103710e-07  1.79990227e+00 
 2.59303710e-07  2.59303710e-07  2.59303710e-07  1.79990279e+00 
 2.59503710e-07  2.59503710e-07  2.59503710e-07  1.79990227e+00 
 2.59703710e-07  2.59703710e-07  2.59703710e-07  1.79990279e+00 
 2.59903710e-07  2.59903710e-07  2.59903710e-07  1.79990227e+00 
 2.60103710e-07  2.60103710e-07  2.60103710e-07  1.79990279e+00 
 2.60303710e-07  2.60303710e-07  2.60303710e-07  1.79990228e+00 
 2.60503710e-07  2.60503710e-07  2.60503710e-07  1.79990280e+00 
 2.60703710e-07  2.60703710e-07  2.60703710e-07  1.79990228e+00 
 2.60903710e-07  2.60903710e-07  2.60903710e-07  1.79990280e+00 
 2.61103710e-07  2.61103710e-07  2.61103710e-07  1.79990228e+00 
 2.61303710e-07  2.61303710e-07  2.61303710e-07  1.79990280e+00 
 2.61503710e-07  2.61503710e-07  2.61503710e-07  1.79990228e+00 
 2.61703710e-07  2.61703710e-07  2.61703710e-07  1.79990280e+00 
 2.61903710e-07  2.61903710e-07  2.61903710e-07  1.79990229e+00 
 2.62103710e-07  2.62103710e-07  2.62103710e-07  1.79990280e+00 
 2.62303710e-07  2.62303710e-07  2.62303710e-07  1.79990229e+00 
 2.62503710e-07  2.62503710e-07  2.62503710e-07  1.79990281e+00 
 2.62703710e-07  2.62703710e-07  2.62703710e-07  1.79990229e+00 
 2.62903710e-07  2.62903710e-07  2.62903710e-07  1.79990281e+00 
 2.63103710e-07  2.63103710e-07  2.63103710e-07  1.79990230e+00 
 2.63303710e-07  2.63303710e-07  2.63303710e-07  1.79990281e+00 
 2.63503710e-07  2.63503710e-07  2.63503710e-07  1.79990230e+00 
 2.63703710e-07  2.63703710e-07  2.63703710e-07  1.79990281e+00 
 2.63903710e-07  2.63903710e-07  2.63903710e-07  1.79990230e+00 
 2.64103710e-07  2.64103710e-07  2.64103710e-07  1.79990282e+00 
 2.64303710e-07  2.64303710e-07  2.64303710e-07  1.79990230e+00 
 2.64503710e-07  2.64503710e-07  2.64503710e-07  1.79990282e+00 
 2.64703710e-07  2.64703710e-07  2.64703710e-07  1.79990231e+00 
 2.64903710e-07  2.64903710e-07  2.64903710e-07  1.79990282e+00 
 2.65103710e-07  2.65103710e-07  2.65103710e-07  1.79990231e+00 
 2.65303710e-07  2.65303710e-07  2.65303710e-07  1.79990282e+00 
 2.65503710e-07  2.65503710e-07  2.65503710e-07  1.79990231e+00 
 2.65703710e-07  2.65703710e-07  2.65703710e-07  1.79990282e+00 
 2.65903710e-07  2.65903710e-07  2.65903710e-07  1.79990231e+00 
 2.66103710e-07  2.66103710e-07  2.66103710e-07  1.79990283e+00 
 2.66303710e-07  2.66303710e-07  2.66303710e-07  1.79990231e+00 
 2.66503710e-07  2.66503710e-07  2.66503710e-07  1.79990283e+00 
 2.66703710e-07  2.66703710e-07  2.66703710e-07  1.79990232e+00 
 2.66903710e-07  2.66903710e-07  2.66903710e-07  1.79990283e+00 
 2.67103710e-07  2.67103710e-07  2.67103710e-07  1.79990232e+00 
 2.67303710e-07  2.67303710e-07  2.67303710e-07  1.79990283e+00 
 2.67503710e-07  2.67503710e-07  2.67503710e-07  1.79990232e+00 
 2.67703710e-07  2.67703710e-07  2.67703710e-07  1.79990283e+00 
 2.67903710e-07  2.67903710e-07  2.67903710e-07  1.79990232e+00 
 2.68103710e-07  2.68103710e-07  2.68103710e-07  1.79990283e+00 
 2.68303710e-07  2.68303710e-07  2.68303710e-07  1.79990233e+00 
 2.68503710e-07  2.68503710e-07  2.68503710e-07  1.79990284e+00 
 2.68703710e-07  2.68703710e-07  2.68703710e-07  1.79990233e+00 
 2.68903710e-07  2.68903710e-07  2.68903710e-07  1.79990284e+00 
 2.69103710e-07  2.69103710e-07  2.69103710e-07  1.79990233e+00 
 2.69303710e-07  2.69303710e-07  2.69303710e-07  1.79990284e+00 
 2.69503710e-07  2.69503710e-07  2.69503710e-07  1.79990233e+00 
 2.69703710e-07  2.69703710e-07  2.69703710e-07  1.79990284e+00 
 2.69903710e-07  2.69903710e-07  2.69903710e-07  1.79990234e+00 
 2.70103710e-07  2.70103710e-07  2.70103710e-07  1.79990284e+00 
 2.70303710e-07  2.70303710e-07  2.70303710e-07  1.79990234e+00 
 2.70503710e-07  2.70503710e-07  2.70503710e-07  1.79990285e+00 
 2.70703710e-07  2.70703710e-07  2.70703710e-07  1.79990234e+00 
 2.70903710e-07  2.70903710e-07  2.70903710e-07  1.79990285e+00 
 2.71103710e-07  2.71103710e-07  2.71103710e-07  1.79990234e+00 
 2.71303710e-07  2.71303710e-07  2.71303710e-07  1.79990285e+00 
 2.71503710e-07  2.71503710e-07  2.71503710e-07  1.79990234e+00 
 2.71703710e-07  2.71703710e-07  2.71703710e-07  1.79990285e+00 
 2.71903710e-07  2.71903710e-07  2.71903710e-07  1.79990235e+00 
 2.72103710e-07  2.72103710e-07  2.72103710e-07  1.79990285e+00 
 2.72303710e-07  2.72303710e-07  2.72303710e-07  1.79990235e+00 
 2.72503710e-07  2.72503710e-07  2.72503710e-07  1.79990285e+00 
 2.72703710e-07  2.72703710e-07  2.72703710e-07  1.79990235e+00 
 2.72903710e-07  2.72903710e-07  2.72903710e-07  1.79990286e+00 
 2.73103710e-07  2.73103710e-07  2.73103710e-07  1.79990235e+00 
 2.73303710e-07  2.73303710e-07  2.73303710e-07  1.79990286e+00 
 2.73503710e-07  2.73503710e-07  2.73503710e-07  1.79990235e+00 
 2.73703710e-07  2.73703710e-07  2.73703710e-07  1.79990286e+00 
 2.73903710e-07  2.73903710e-07  2.73903710e-07  1.79990236e+00 
 2.74103710e-07  2.74103710e-07  2.74103710e-07  1.79990286e+00 
 2.74303710e-07  2.74303710e-07  2.74303710e-07  1.79990236e+00 
 2.74503710e-07  2.74503710e-07  2.74503710e-07  1.79990286e+00 
 2.74703710e-07  2.74703710e-07  2.74703710e-07  1.79990236e+00 
 2.74903710e-07  2.74903710e-07  2.74903710e-07  1.79990286e+00 
 2.75103710e-07  2.75103710e-07  2.75103710e-07  1.79990236e+00 
 2.75303710e-07  2.75303710e-07  2.75303710e-07  1.79990286e+00 
 2.75503710e-07  2.75503710e-07  2.75503710e-07  1.79990236e+00 
 2.75703710e-07  2.75703710e-07  2.75703710e-07  1.79990287e+00 
 2.75903710e-07  2.75903710e-07  2.75903710e-07  1.79990237e+00 
 2.76103710e-07  2.76103710e-07  2.76103710e-07  1.79990287e+00 
 2.76303710e-07  2.76303710e-07  2.76303710e-07  1.79990237e+00 
 2.76503710e-07  2.76503710e-07  2.76503710e-07  1.79990287e+00 
 2.76703710e-07  2.76703710e-07  2.76703710e-07  1.79990237e+00 
 2.76903710e-07  2.76903710e-07  2.76903710e-07  1.79990287e+00 
 2.77103710e-07  2.77103710e-07  2.77103710e-07  1.79990237e+00 
 2.77303710e-07  2.77303710e-07  2.77303710e-07  1.79990287e+00 
 2.77503710e-07  2.77503710e-07  2.77503710e-07  1.79990237e+00 
 2.77703710e-07  2.77703710e-07  2.77703710e-07  1.79990287e+00 
 2.77903710e-07  2.77903710e-07  2.77903710e-07  1.79990238e+00 
 2.78103710e-07  2.78103710e-07  2.78103710e-07  1.79990288e+00 
 2.78303710e-07  2.78303710e-07  2.78303710e-07  1.79990238e+00 
 2.78503710e-07  2.78503710e-07  2.78503710e-07  1.79990288e+00 
 2.78703710e-07  2.78703710e-07  2.78703710e-07  1.79990238e+00 
 2.78903710e-07  2.78903710e-07  2.78903710e-07  1.79990288e+00 
 2.79103710e-07  2.79103710e-07  2.79103710e-07  1.79990238e+00 
 2.79303710e-07  2.79303710e-07  2.79303710e-07  1.79990288e+00 
 2.79503710e-07  2.79503710e-07  2.79503710e-07  1.79990238e+00 
 2.79703710e-07  2.79703710e-07  2.79703710e-07  1.79990288e+00 
 2.79903710e-07  2.79903710e-07  2.79903710e-07  1.79990239e+00 
 2.80103710e-07  2.80103710e-07  2.80103710e-07  1.79990288e+00 
 2.80303710e-07  2.80303710e-07  2.80303710e-07  1.79990239e+00 
 2.80503710e-07  2.80503710e-07  2.80503710e-07  1.79990288e+00 
 2.80703710e-07  2.80703710e-07  2.80703710e-07  1.79990239e+00 
 2.80903710e-07  2.80903710e-07  2.80903710e-07  1.79990288e+00 
 2.81103710e-07  2.81103710e-07  2.81103710e-07  1.79990239e+00 
 2.81303710e-07  2.81303710e-07  2.81303710e-07  1.79990289e+00 
 2.81503710e-07  2.81503710e-07  2.81503710e-07  1.79990239e+00 
 2.81703710e-07  2.81703710e-07  2.81703710e-07  1.79990289e+00 
 2.81903710e-07  2.81903710e-07  2.81903710e-07  1.79990239e+00 
 2.82103710e-07  2.82103710e-07  2.82103710e-07  1.79990289e+00 
 2.82303710e-07  2.82303710e-07  2.82303710e-07  1.79990240e+00 
 2.82503710e-07  2.82503710e-07  2.82503710e-07  1.79990289e+00 
 2.82703710e-07  2.82703710e-07  2.82703710e-07  1.79990240e+00 
 2.82903710e-07  2.82903710e-07  2.82903710e-07  1.79990289e+00 
 2.83103710e-07  2.83103710e-07  2.83103710e-07  1.79990240e+00 
 2.83303710e-07  2.83303710e-07  2.83303710e-07  1.79990289e+00 
 2.83503710e-07  2.83503710e-07  2.83503710e-07  1.79990240e+00 
 2.83703710e-07  2.83703710e-07  2.83703710e-07  1.79990289e+00 
 2.83903710e-07  2.83903710e-07  2.83903710e-07  1.79990240e+00 
 2.84103710e-07  2.84103710e-07  2.84103710e-07  1.79990290e+00 
 2.84303710e-07  2.84303710e-07  2.84303710e-07  1.79990240e+00 
 2.84503710e-07  2.84503710e-07  2.84503710e-07  1.79990290e+00 
 2.84703710e-07  2.84703710e-07  2.84703710e-07  1.79990241e+00 
 2.84903710e-07  2.84903710e-07  2.84903710e-07  1.79990290e+00 
 2.85103710e-07  2.85103710e-07  2.85103710e-07  1.79990241e+00 
 2.85303710e-07  2.85303710e-07  2.85303710e-07  1.79990290e+00 
 2.85503710e-07  2.85503710e-07  2.85503710e-07  1.79990241e+00 
 2.85703710e-07  2.85703710e-07  2.85703710e-07  1.79990290e+00 
 2.85903710e-07  2.85903710e-07  2.85903710e-07  1.79990241e+00 
 2.86103710e-07  2.86103710e-07  2.86103710e-07  1.79990290e+00 
 2.86303710e-07  2.86303710e-07  2.86303710e-07  1.79990241e+00 
 2.86503710e-07  2.86503710e-07  2.86503710e-07  1.79990290e+00 
 2.86703710e-07  2.86703710e-07  2.86703710e-07  1.79990241e+00 
 2.86903710e-07  2.86903710e-07  2.86903710e-07  1.79990290e+00 
 2.87103710e-07  2.87103710e-07  2.87103710e-07  1.79990242e+00 
 2.87303710e-07  2.87303710e-07  2.87303710e-07  1.79990290e+00 
 2.87503710e-07  2.87503710e-07  2.87503710e-07  1.79990242e+00 
 2.87703710e-07  2.87703710e-07  2.87703710e-07  1.79990291e+00 
 2.87903710e-07  2.87903710e-07  2.87903710e-07  1.79990242e+00 
 2.88103710e-07  2.88103710e-07  2.88103710e-07  1.79990291e+00 
 2.88303710e-07  2.88303710e-07  2.88303710e-07  1.79990242e+00 
 2.88503710e-07  2.88503710e-07  2.88503710e-07  1.79990291e+00 
 2.88703710e-07  2.88703710e-07  2.88703710e-07  1.79990242e+00 
 2.88903710e-07  2.88903710e-07  2.88903710e-07  1.79990291e+00 
 2.89103710e-07  2.89103710e-07  2.89103710e-07  1.79990242e+00 
 2.89303710e-07  2.89303710e-07  2.89303710e-07  1.79990291e+00 
 2.89503710e-07  2.89503710e-07  2.89503710e-07  1.79990242e+00 
 2.89703710e-07  2.89703710e-07  2.89703710e-07  1.79990291e+00 
 2.89903710e-07  2.89903710e-07  2.89903710e-07  1.79990243e+00 
 2.90103710e-07  2.90103710e-07  2.90103710e-07  1.79990291e+00 
 2.90303710e-07  2.90303710e-07  2.90303710e-07  1.79990243e+00 
 2.90503710e-07  2.90503710e-07  2.90503710e-07  1.79990291e+00 
 2.90703710e-07  2.90703710e-07  2.90703710e-07  1.79990243e+00 
 2.90903710e-07  2.90903710e-07  2.90903710e-07  1.79990291e+00 
 2.91103710e-07  2.91103710e-07  2.91103710e-07  1.79990243e+00 
 2.91303710e-07  2.91303710e-07  2.91303710e-07  1.79990292e+00 
 2.91503710e-07  2.91503710e-07  2.91503710e-07  1.79990243e+00 
 2.91703710e-07  2.91703710e-07  2.91703710e-07  1.79990292e+00 
 2.91903710e-07  2.91903710e-07  2.91903710e-07  1.79990243e+00 
 2.92103710e-07  2.92103710e-07  2.92103710e-07  1.79990292e+00 
 2.92303710e-07  2.92303710e-07  2.92303710e-07  1.79990243e+00 
 2.92503710e-07  2.92503710e-07  2.92503710e-07  1.79990292e+00 
 2.92703710e-07  2.92703710e-07  2.92703710e-07  1.79990244e+00 
 2.92903710e-07  2.92903710e-07  2.92903710e-07  1.79990292e+00 
 2.93103710e-07  2.93103710e-07  2.93103710e-07  1.79990244e+00 
 2.93303710e-07  2.93303710e-07  2.93303710e-07  1.79990292e+00 
 2.93503710e-07  2.93503710e-07  2.93503710e-07  1.79990244e+00 
 2.93703710e-07  2.93703710e-07  2.93703710e-07  1.79990292e+00 
 2.93903710e-07  2.93903710e-07  2.93903710e-07  1.79990244e+00 
 2.94103710e-07  2.94103710e-07  2.94103710e-07  1.79990292e+00 
 2.94303710e-07  2.94303710e-07  2.94303710e-07  1.79990244e+00 
 2.94503710e-07  2.94503710e-07  2.94503710e-07  1.79990292e+00 
 2.94703710e-07  2.94703710e-07  2.94703710e-07  1.79990244e+00 
 2.94903710e-07  2.94903710e-07  2.94903710e-07  1.79990292e+00 
 2.95103710e-07  2.95103710e-07  2.95103710e-07  1.79990244e+00 
 2.95303710e-07  2.95303710e-07  2.95303710e-07  1.79990292e+00 
 2.95503710e-07  2.95503710e-07  2.95503710e-07  1.79990245e+00 
 2.95703710e-07  2.95703710e-07  2.95703710e-07  1.79990293e+00 
 2.95903710e-07  2.95903710e-07  2.95903710e-07  1.79990245e+00 
 2.96103710e-07  2.96103710e-07  2.96103710e-07  1.79990293e+00 
 2.96303710e-07  2.96303710e-07  2.96303710e-07  1.79990245e+00 
 2.96503710e-07  2.96503710e-07  2.96503710e-07  1.79990293e+00 
 2.96703710e-07  2.96703710e-07  2.96703710e-07  1.79990245e+00 
 2.96903710e-07  2.96903710e-07  2.96903710e-07  1.79990293e+00 
 2.97103710e-07  2.97103710e-07  2.97103710e-07  1.79990245e+00 
 2.97303710e-07  2.97303710e-07  2.97303710e-07  1.79990293e+00 
 2.97503710e-07  2.97503710e-07  2.97503710e-07  1.79990245e+00 
 2.97703710e-07  2.97703710e-07  2.97703710e-07  1.79990293e+00 
 2.97903710e-07  2.97903710e-07  2.97903710e-07  1.79990245e+00 
 2.98103710e-07  2.98103710e-07  2.98103710e-07  1.79990293e+00 
 2.98303710e-07  2.98303710e-07  2.98303710e-07  1.79990245e+00 
 2.98503710e-07  2.98503710e-07  2.98503710e-07  1.79990293e+00 
 2.98703710e-07  2.98703710e-07  2.98703710e-07  1.79990246e+00 
 2.98903710e-07  2.98903710e-07  2.98903710e-07  1.79990293e+00 
 2.99103710e-07  2.99103710e-07  2.99103710e-07  1.79990246e+00 
 2.99303710e-07  2.99303710e-07  2.99303710e-07  1.79990293e+00 
 2.99503710e-07  2.99503710e-07  2.99503710e-07  1.79990246e+00 
 2.99703710e-07  2.99703710e-07  2.99703710e-07  1.79990293e+00 
 2.99903710e-07  2.99903710e-07  2.99903710e-07  1.79990246e+00 
 3.00103710e-07  3.00103710e-07  3.00103710e-07  1.79990293e+00 
 3.00303710e-07  3.00303710e-07  3.00303710e-07  1.79990246e+00 
 3.00503710e-07  3.00503710e-07  3.00503710e-07  1.79990294e+00 
 3.00703710e-07  3.00703710e-07  3.00703710e-07  1.79990246e+00 
 3.00903710e-07  3.00903710e-07  3.00903710e-07  1.79990294e+00 
 3.01103710e-07  3.01103710e-07  3.01103710e-07  1.79990246e+00 
 3.01303710e-07  3.01303710e-07  3.01303710e-07  1.79990294e+00 
 3.01503710e-07  3.01503710e-07  3.01503710e-07  1.79990246e+00 
 3.01703710e-07  3.01703710e-07  3.01703710e-07  1.79990294e+00 
 3.01903710e-07  3.01903710e-07  3.01903710e-07  1.79990247e+00 
 3.02103710e-07  3.02103710e-07  3.02103710e-07  1.79990294e+00 
 3.02303710e-07  3.02303710e-07  3.02303710e-07  1.79990247e+00 
 3.02503710e-07  3.02503710e-07  3.02503710e-07  1.79990294e+00 
 3.02703710e-07  3.02703710e-07  3.02703710e-07  1.79990247e+00 
 3.02903710e-07  3.02903710e-07  3.02903710e-07  1.79990294e+00 
 3.03103710e-07  3.03103710e-07  3.03103710e-07  1.79990247e+00 
 3.03303710e-07  3.03303710e-07  3.03303710e-07  1.79990294e+00 
 3.03503710e-07  3.03503710e-07  3.03503710e-07  1.79990247e+00 
 3.03703710e-07  3.03703710e-07  3.03703710e-07  1.79990294e+00 
 3.03903710e-07  3.03903710e-07  3.03903710e-07  1.79990247e+00 
 3.04103710e-07  3.04103710e-07  3.04103710e-07  1.79990294e+00 
 3.04303710e-07  3.04303710e-07  3.04303710e-07  1.79990247e+00 
 3.04503710e-07  3.04503710e-07  3.04503710e-07  1.79990294e+00 
 3.04703710e-07  3.04703710e-07  3.04703710e-07  1.79990247e+00 
 3.04903710e-07  3.04903710e-07  3.04903710e-07  1.79990294e+00 
 3.05103710e-07  3.05103710e-07  3.05103710e-07  1.79990247e+00 
 3.05303710e-07  3.05303710e-07  3.05303710e-07  1.79990294e+00 
 3.05503710e-07  3.05503710e-07  3.05503710e-07  1.79990248e+00 
 3.05703710e-07  3.05703710e-07  3.05703710e-07  1.79990295e+00 
 3.05903710e-07  3.05903710e-07  3.05903710e-07  1.79990248e+00 
 3.06103710e-07  3.06103710e-07  3.06103710e-07  1.79990295e+00 
 3.06303710e-07  3.06303710e-07  3.06303710e-07  1.79990248e+00 
 3.06503710e-07  3.06503710e-07  3.06503710e-07  1.79990295e+00 
 3.06703710e-07  3.06703710e-07  3.06703710e-07  1.79990248e+00 
 3.06903710e-07  3.06903710e-07  3.06903710e-07  1.79990295e+00 
 3.07103710e-07  3.07103710e-07  3.07103710e-07  1.79990248e+00 
 3.07303710e-07  3.07303710e-07  3.07303710e-07  1.79990295e+00 
 3.07503710e-07  3.07503710e-07  3.07503710e-07  1.79990248e+00 
 3.07703710e-07  3.07703710e-07  3.07703710e-07  1.79990295e+00 
 3.07903710e-07  3.07903710e-07  3.07903710e-07  1.79990248e+00 
 3.08103710e-07  3.08103710e-07  3.08103710e-07  1.79990295e+00 
 3.08303710e-07  3.08303710e-07  3.08303710e-07  1.79990248e+00 
 3.08503710e-07  3.08503710e-07  3.08503710e-07  1.79990295e+00 
 3.08703710e-07  3.08703710e-07  3.08703710e-07  1.79990248e+00 
 3.08903710e-07  3.08903710e-07  3.08903710e-07  1.79990295e+00 
 3.09103710e-07  3.09103710e-07  3.09103710e-07  1.79990249e+00 
 3.09303710e-07  3.09303710e-07  3.09303710e-07  1.79990295e+00 
 3.09503710e-07  3.09503710e-07  3.09503710e-07  1.79990249e+00 
 3.09703710e-07  3.09703710e-07  3.09703710e-07  1.79990295e+00 
 3.09903710e-07  3.09903710e-07  3.09903710e-07  1.79990249e+00 
 3.10103710e-07  3.10103710e-07  3.10103710e-07  1.79990295e+00 
 3.10303710e-07  3.10303710e-07  3.10303710e-07  1.79990249e+00 
 3.10503710e-07  3.10503710e-07  3.10503710e-07  1.79990295e+00 
 3.10703710e-07  3.10703710e-07  3.10703710e-07  1.79990249e+00 
 3.10903710e-07  3.10903710e-07  3.10903710e-07  1.79990295e+00 
 3.11103710e-07  3.11103710e-07  3.11103710e-07  1.79990249e+00 
 3.11303710e-07  3.11303710e-07  3.11303710e-07  1.79990295e+00 
 3.11503710e-07  3.11503710e-07  3.11503710e-07  1.79990249e+00 
 3.11703710e-07  3.11703710e-07  3.11703710e-07  1.79990295e+00 
 3.11903710e-07  3.11903710e-07  3.11903710e-07  1.79990249e+00 
 3.12103710e-07  3.12103710e-07  3.12103710e-07  1.79990296e+00 
 3.12303710e-07  3.12303710e-07  3.12303710e-07  1.79990249e+00 
 3.12503710e-07  3.12503710e-07  3.12503710e-07  1.79990296e+00 
 3.12703710e-07  3.12703710e-07  3.12703710e-07  1.79990249e+00 
 3.12903710e-07  3.12903710e-07  3.12903710e-07  1.79990296e+00 
 3.13103710e-07  3.13103710e-07  3.13103710e-07  1.79990250e+00 
 3.13303710e-07  3.13303710e-07  3.13303710e-07  1.79990296e+00 
 3.13503710e-07  3.13503710e-07  3.13503710e-07  1.79990250e+00 
 3.13703710e-07  3.13703710e-07  3.13703710e-07  1.79990296e+00 
 3.13903710e-07  3.13903710e-07  3.13903710e-07  1.79990250e+00 
 3.14103710e-07  3.14103710e-07  3.14103710e-07  1.79990296e+00 
 3.14303710e-07  3.14303710e-07  3.14303710e-07  1.79990250e+00 
 3.14503710e-07  3.14503710e-07  3.14503710e-07  1.79990296e+00 
 3.14703710e-07  3.14703710e-07  3.14703710e-07  1.79990250e+00 
 3.14903710e-07  3.14903710e-07  3.14903710e-07  1.79990296e+00 
 3.15103710e-07  3.15103710e-07  3.15103710e-07  1.79990250e+00 
 3.15303710e-07  3.15303710e-07  3.15303710e-07  1.79990296e+00 
 3.15503710e-07  3.15503710e-07  3.15503710e-07  1.79990250e+00 
 3.15703710e-07  3.15703710e-07  3.15703710e-07  1.79990296e+00 
 3.15903710e-07  3.15903710e-07  3.15903710e-07  1.79990250e+00 
 3.16103710e-07  3.16103710e-07  3.16103710e-07  1.79990296e+00 
 3.16303710e-07  3.16303710e-07  3.16303710e-07  1.79990250e+00 
 3.16503710e-07  3.16503710e-07  3.16503710e-07  1.79990296e+00 
 3.16703710e-07  3.16703710e-07  3.16703710e-07  1.79990250e+00 
 3.16903710e-07  3.16903710e-07  3.16903710e-07  1.79990296e+00 
 3.17103710e-07  3.17103710e-07  3.17103710e-07  1.79990250e+00 
 3.17303710e-07  3.17303710e-07  3.17303710e-07  1.79990296e+00 
 3.17503710e-07  3.17503710e-07  3.17503710e-07  1.79990251e+00 
 3.17703710e-07  3.17703710e-07  3.17703710e-07  1.79990296e+00 
 3.17903710e-07  3.17903710e-07  3.17903710e-07  1.79990251e+00 
 3.18103710e-07  3.18103710e-07  3.18103710e-07  1.79990296e+00 
 3.18303710e-07  3.18303710e-07  3.18303710e-07  1.79990251e+00 
 3.18503710e-07  3.18503710e-07  3.18503710e-07  1.79990296e+00 
 3.18703710e-07  3.18703710e-07  3.18703710e-07  1.79990251e+00 
 3.18903710e-07  3.18903710e-07  3.18903710e-07  1.79990296e+00 
 3.19103710e-07  3.19103710e-07  3.19103710e-07  1.79990251e+00 
 3.19303710e-07  3.19303710e-07  3.19303710e-07  1.79990296e+00 
 3.19503710e-07  3.19503710e-07  3.19503710e-07  1.79990251e+00 
 3.19703710e-07  3.19703710e-07  3.19703710e-07  1.79990297e+00 
 3.19903710e-07  3.19903710e-07  3.19903710e-07  1.79990251e+00 
 3.20103710e-07  3.20103710e-07  3.20103710e-07  1.79990297e+00 
 3.20303710e-07  3.20303710e-07  3.20303710e-07  1.79990251e+00 
 3.20503710e-07  3.20503710e-07  3.20503710e-07  1.79990297e+00 
 3.20703710e-07  3.20703710e-07  3.20703710e-07  1.79990251e+00 
 3.20903710e-07  3.20903710e-07  3.20903710e-07  1.79990297e+00 
 3.21103710e-07  3.21103710e-07  3.21103710e-07  1.79990251e+00 
 3.21303710e-07  3.21303710e-07  3.21303710e-07  1.79990297e+00 
 3.21503710e-07  3.21503710e-07  3.21503710e-07  1.79990251e+00 
 3.21703710e-07  3.21703710e-07  3.21703710e-07  1.79990297e+00 
 3.21903710e-07  3.21903710e-07  3.21903710e-07  1.79990252e+00 
 3.22103710e-07  3.22103710e-07  3.22103710e-07  1.79990297e+00 
 3.22303710e-07  3.22303710e-07  3.22303710e-07  1.79990252e+00 
 3.22503710e-07  3.22503710e-07  3.22503710e-07  1.79990297e+00 
 3.22703710e-07  3.22703710e-07  3.22703710e-07  1.79990252e+00 
 3.22903710e-07  3.22903710e-07  3.22903710e-07  1.79990297e+00 
 3.23103710e-07  3.23103710e-07  3.23103710e-07  1.79990252e+00 
 3.23303710e-07  3.23303710e-07  3.23303710e-07  1.79990297e+00 
 3.23503710e-07  3.23503710e-07  3.23503710e-07  1.79990252e+00 
 3.23703710e-07  3.23703710e-07  3.23703710e-07  1.79990297e+00 
 3.23903710e-07  3.23903710e-07  3.23903710e-07  1.79990252e+00 
 3.24103710e-07  3.24103710e-07  3.24103710e-07  1.79990297e+00 
 3.24303710e-07  3.24303710e-07  3.24303710e-07  1.79990252e+00 
 3.24503710e-07  3.24503710e-07  3.24503710e-07  1.79990297e+00 
 3.24703710e-07  3.24703710e-07  3.24703710e-07  1.79990252e+00 
 3.24903710e-07  3.24903710e-07  3.24903710e-07  1.79990297e+00 
 3.25103710e-07  3.25103710e-07  3.25103710e-07  1.79990252e+00 
 3.25303710e-07  3.25303710e-07  3.25303710e-07  1.79990297e+00 
 3.25503710e-07  3.25503710e-07  3.25503710e-07  1.79990252e+00 
 3.25703710e-07  3.25703710e-07  3.25703710e-07  1.79990297e+00 
 3.25903710e-07  3.25903710e-07  3.25903710e-07  1.79990252e+00 
 3.26103710e-07  3.26103710e-07  3.26103710e-07  1.79990297e+00 
 3.26303710e-07  3.26303710e-07  3.26303710e-07  1.79990252e+00 
 3.26503710e-07  3.26503710e-07  3.26503710e-07  1.79990297e+00 
 3.26703710e-07  3.26703710e-07  3.26703710e-07  1.79990252e+00 
 3.26903710e-07  3.26903710e-07  3.26903710e-07  1.79990297e+00 
 3.27103710e-07  3.27103710e-07  3.27103710e-07  1.79990253e+00 
 3.27303710e-07  3.27303710e-07  3.27303710e-07  1.79990297e+00 
 3.27503710e-07  3.27503710e-07  3.27503710e-07  1.79990253e+00 
 3.27703710e-07  3.27703710e-07  3.27703710e-07  1.79990297e+00 
 3.27903710e-07  3.27903710e-07  3.27903710e-07  1.79990253e+00 
 3.28103710e-07  3.28103710e-07  3.28103710e-07  1.79990297e+00 
 3.28303710e-07  3.28303710e-07  3.28303710e-07  1.79990253e+00 
 3.28503710e-07  3.28503710e-07  3.28503710e-07  1.79990297e+00 
 3.28703710e-07  3.28703710e-07  3.28703710e-07  1.79990253e+00 
 3.28903710e-07  3.28903710e-07  3.28903710e-07  1.79990297e+00 
 3.29103710e-07  3.29103710e-07  3.29103710e-07  1.79990253e+00 
 3.29303710e-07  3.29303710e-07  3.29303710e-07  1.79990297e+00 
 3.29503710e-07  3.29503710e-07  3.29503710e-07  1.79990253e+00 
 3.29703710e-07  3.29703710e-07  3.29703710e-07  1.79990297e+00 
 3.29903710e-07  3.29903710e-07  3.29903710e-07  1.79990253e+00 
 3.30103710e-07  3.30103710e-07  3.30103710e-07  1.79990298e+00 
 3.30303710e-07  3.30303710e-07  3.30303710e-07  1.79990253e+00 
 3.30503710e-07  3.30503710e-07  3.30503710e-07  1.79990298e+00 
 3.30703710e-07  3.30703710e-07  3.30703710e-07  1.79990253e+00 
 3.30903710e-07  3.30903710e-07  3.30903710e-07  1.79990298e+00 
 3.31103710e-07  3.31103710e-07  3.31103710e-07  1.79990253e+00 
 3.31303710e-07  3.31303710e-07  3.31303710e-07  1.79990298e+00 
 3.31503710e-07  3.31503710e-07  3.31503710e-07  1.79990253e+00 
 3.31703710e-07  3.31703710e-07  3.31703710e-07  1.79990298e+00 
 3.31903710e-07  3.31903710e-07  3.31903710e-07  1.79990253e+00 
 3.32103710e-07  3.32103710e-07  3.32103710e-07  1.79990298e+00 
 3.32303710e-07  3.32303710e-07  3.32303710e-07  1.79990253e+00 
 3.32503710e-07  3.32503710e-07  3.32503710e-07  1.79990298e+00 
 3.32703710e-07  3.32703710e-07  3.32703710e-07  1.79990254e+00 
 3.32903710e-07  3.32903710e-07  3.32903710e-07  1.79990298e+00 
 3.33103710e-07  3.33103710e-07  3.33103710e-07  1.79990254e+00 
 3.33303710e-07  3.33303710e-07  3.33303710e-07  1.79990298e+00 
 3.33503710e-07  3.33503710e-07  3.33503710e-07  1.79990254e+00 
 3.33703710e-07  3.33703710e-07  3.33703710e-07  1.79990298e+00 
 3.33903710e-07  3.33903710e-07  3.33903710e-07  1.79990254e+00 
 3.34103710e-07  3.34103710e-07  3.34103710e-07  1.79990298e+00 
 3.34303710e-07  3.34303710e-07  3.34303710e-07  1.79990254e+00 
 3.34503710e-07  3.34503710e-07  3.34503710e-07  1.79990298e+00 
 3.34703710e-07  3.34703710e-07  3.34703710e-07  1.79990254e+00 
 3.34903710e-07  3.34903710e-07  3.34903710e-07  1.79990298e+00 
 3.35103710e-07  3.35103710e-07  3.35103710e-07  1.79990254e+00 
 3.35303710e-07  3.35303710e-07  3.35303710e-07  1.79990298e+00 
 3.35503710e-07  3.35503710e-07  3.35503710e-07  1.79990254e+00 
 3.35703710e-07  3.35703710e-07  3.35703710e-07  1.79990298e+00 
 3.35903710e-07  3.35903710e-07  3.35903710e-07  1.79990254e+00 
 3.36103710e-07  3.36103710e-07  3.36103710e-07  1.79990298e+00 
 3.36303710e-07  3.36303710e-07  3.36303710e-07  1.79990254e+00 
 3.36503710e-07  3.36503710e-07  3.36503710e-07  1.79990298e+00 
 3.36703710e-07  3.36703710e-07  3.36703710e-07  1.79990254e+00 
 3.36903710e-07  3.36903710e-07  3.36903710e-07  1.79990298e+00 
 3.37103710e-07  3.37103710e-07  3.37103710e-07  1.79990254e+00 
 3.37303710e-07  3.37303710e-07  3.37303710e-07  1.79990298e+00 
 3.37503710e-07  3.37503710e-07  3.37503710e-07  1.79990254e+00 
 3.37703710e-07  3.37703710e-07  3.37703710e-07  1.79990298e+00 
 3.37903710e-07  3.37903710e-07  3.37903710e-07  1.79990254e+00 
 3.38103710e-07  3.38103710e-07  3.38103710e-07  1.79990298e+00 
 3.38303710e-07  3.38303710e-07  3.38303710e-07  1.79990254e+00 
 3.38503710e-07  3.38503710e-07  3.38503710e-07  1.79990298e+00 
 3.38703710e-07  3.38703710e-07  3.38703710e-07  1.79990255e+00 
 3.38903710e-07  3.38903710e-07  3.38903710e-07  1.79990298e+00 
 3.39103710e-07  3.39103710e-07  3.39103710e-07  1.79990255e+00 
 3.39303710e-07  3.39303710e-07  3.39303710e-07  1.79990298e+00 
 3.39503710e-07  3.39503710e-07  3.39503710e-07  1.79990255e+00 
 3.39703710e-07  3.39703710e-07  3.39703710e-07  1.79990298e+00 
 3.39903710e-07  3.39903710e-07  3.39903710e-07  1.79990255e+00 
 3.40103710e-07  3.40103710e-07  3.40103710e-07  1.79990298e+00 
 3.40303710e-07  3.40303710e-07  3.40303710e-07  1.79990255e+00 
 3.40503710e-07  3.40503710e-07  3.40503710e-07  1.79990298e+00 
 3.40703710e-07  3.40703710e-07  3.40703710e-07  1.79990255e+00 
 3.40903710e-07  3.40903710e-07  3.40903710e-07  1.79990298e+00 
 3.41103710e-07  3.41103710e-07  3.41103710e-07  1.79990255e+00 
 3.41303710e-07  3.41303710e-07  3.41303710e-07  1.79990298e+00 
 3.41503710e-07  3.41503710e-07  3.41503710e-07  1.79990255e+00 
 3.41703710e-07  3.41703710e-07  3.41703710e-07  1.79990298e+00 
 3.41903710e-07  3.41903710e-07  3.41903710e-07  1.79990255e+00 
 3.42103710e-07  3.42103710e-07  3.42103710e-07  1.79990298e+00 
 3.42303710e-07  3.42303710e-07  3.42303710e-07  1.79990255e+00 
 3.42503710e-07  3.42503710e-07  3.42503710e-07  1.79990298e+00 
 3.42703710e-07  3.42703710e-07  3.42703710e-07  1.79990255e+00 
 3.42903710e-07  3.42903710e-07  3.42903710e-07  1.79990298e+00 
 3.43103710e-07  3.43103710e-07  3.43103710e-07  1.79990255e+00 
 3.43303710e-07  3.43303710e-07  3.43303710e-07  1.79990298e+00 
 3.43503710e-07  3.43503710e-07  3.43503710e-07  1.79990255e+00 
 3.43703710e-07  3.43703710e-07  3.43703710e-07  1.79990298e+00 
 3.43903710e-07  3.43903710e-07  3.43903710e-07  1.79990255e+00 
 3.44103710e-07  3.44103710e-07  3.44103710e-07  1.79990298e+00 
 3.44303710e-07  3.44303710e-07  3.44303710e-07  1.79990255e+00 
 3.44503710e-07  3.44503710e-07  3.44503710e-07  1.79990298e+00 
 3.44703710e-07  3.44703710e-07  3.44703710e-07  1.79990255e+00 
 3.44903710e-07  3.44903710e-07  3.44903710e-07  1.79990298e+00 
 3.45103710e-07  3.45103710e-07  3.45103710e-07  1.79990256e+00 
 3.45303710e-07  3.45303710e-07  3.45303710e-07  1.79990299e+00 
 3.45503710e-07  3.45503710e-07  3.45503710e-07  1.79990256e+00 
 3.45703710e-07  3.45703710e-07  3.45703710e-07  1.79990299e+00 
 3.45903710e-07  3.45903710e-07  3.45903710e-07  1.79990256e+00 
 3.46103710e-07  3.46103710e-07  3.46103710e-07  1.79990299e+00 
 3.46303710e-07  3.46303710e-07  3.46303710e-07  1.79990256e+00 
 3.46503710e-07  3.46503710e-07  3.46503710e-07  1.79990299e+00 
 3.46703710e-07  3.46703710e-07  3.46703710e-07  1.79990256e+00 
 3.46903710e-07  3.46903710e-07  3.46903710e-07  1.79990299e+00 
 3.47103710e-07  3.47103710e-07  3.47103710e-07  1.79990256e+00 
 3.47303710e-07  3.47303710e-07  3.47303710e-07  1.79990299e+00 
 3.47503710e-07  3.47503710e-07  3.47503710e-07  1.79990256e+00 
 3.47703710e-07  3.47703710e-07  3.47703710e-07  1.79990299e+00 
 3.47903710e-07  3.47903710e-07  3.47903710e-07  1.79990256e+00 
 3.48103710e-07  3.48103710e-07  3.48103710e-07  1.79990299e+00 
 3.48303710e-07  3.48303710e-07  3.48303710e-07  1.79990256e+00 
 3.48503710e-07  3.48503710e-07  3.48503710e-07  1.79990299e+00 
 3.48703710e-07  3.48703710e-07  3.48703710e-07  1.79990256e+00 
 3.48903710e-07  3.48903710e-07  3.48903710e-07  1.79990299e+00 
 3.49103710e-07  3.49103710e-07  3.49103710e-07  1.79990256e+00 
 3.49303710e-07  3.49303710e-07  3.49303710e-07  1.79990299e+00 
 3.49503710e-07  3.49503710e-07  3.49503710e-07  1.79990256e+00 
 3.49703710e-07  3.49703710e-07  3.49703710e-07  1.79990299e+00 
 3.49903710e-07  3.49903710e-07  3.49903710e-07  1.79990256e+00 
 3.50103710e-07  3.50103710e-07  3.50103710e-07  1.79990299e+00 
 3.50303710e-07  3.50303710e-07  3.50303710e-07  1.79990256e+00 
 3.50503710e-07  3.50503710e-07  3.50503710e-07  1.79990299e+00 
 3.50703710e-07  3.50703710e-07  3.50703710e-07  1.79990256e+00 
 3.50903710e-07  3.50903710e-07  3.50903710e-07  1.79990299e+00 
 3.51103710e-07  3.51103710e-07  3.51103710e-07  1.79990256e+00 
 3.51303710e-07  3.51303710e-07  3.51303710e-07  1.79990299e+00 
 3.51503710e-07  3.51503710e-07  3.51503710e-07  1.79990256e+00 
 3.51703710e-07  3.51703710e-07  3.51703710e-07  1.79990299e+00 
 3.51903710e-07  3.51903710e-07  3.51903710e-07  1.79990256e+00 
 3.52103710e-07  3.52103710e-07  3.52103710e-07  1.79990299e+00 
 3.52303710e-07  3.52303710e-07  3.52303710e-07  1.79990257e+00 
 3.52503710e-07  3.52503710e-07  3.52503710e-07  1.79990299e+00 
 3.52703710e-07  3.52703710e-07  3.52703710e-07  1.79990257e+00 
 3.52903710e-07  3.52903710e-07  3.52903710e-07  1.79990299e+00 
 3.53103710e-07  3.53103710e-07  3.53103710e-07  1.79990257e+00 
 3.53303710e-07  3.53303710e-07  3.53303710e-07  1.79990299e+00 
 3.53503710e-07  3.53503710e-07  3.53503710e-07  1.79990257e+00 
 3.53703710e-07  3.53703710e-07  3.53703710e-07  1.79990299e+00 
 3.53903710e-07  3.53903710e-07  3.53903710e-07  1.79990257e+00 
 3.54103710e-07  3.54103710e-07  3.54103710e-07  1.79990299e+00 
 3.54303710e-07  3.54303710e-07  3.54303710e-07  1.79990257e+00 
 3.54503710e-07  3.54503710e-07  3.54503710e-07  1.79990299e+00 
 3.54703710e-07  3.54703710e-07  3.54703710e-07  1.79990257e+00 
 3.54903710e-07  3.54903710e-07  3.54903710e-07  1.79990299e+00 
 3.55103710e-07  3.55103710e-07  3.55103710e-07  1.79990257e+00 
 3.55303710e-07  3.55303710e-07  3.55303710e-07  1.79990299e+00 
 3.55503710e-07  3.55503710e-07  3.55503710e-07  1.79990257e+00 
 3.55703710e-07  3.55703710e-07  3.55703710e-07  1.79990299e+00 
 3.55903710e-07  3.55903710e-07  3.55903710e-07  1.79990257e+00 
 3.56103710e-07  3.56103710e-07  3.56103710e-07  1.79990299e+00 
 3.56303710e-07  3.56303710e-07  3.56303710e-07  1.79990257e+00 
 3.56503710e-07  3.56503710e-07  3.56503710e-07  1.79990299e+00 
 3.56703710e-07  3.56703710e-07  3.56703710e-07  1.79990257e+00 
 3.56903710e-07  3.56903710e-07  3.56903710e-07  1.79990299e+00 
 3.57103710e-07  3.57103710e-07  3.57103710e-07  1.79990257e+00 
 3.57303710e-07  3.57303710e-07  3.57303710e-07  1.79990299e+00 
 3.57503710e-07  3.57503710e-07  3.57503710e-07  1.79990257e+00 
 3.57703710e-07  3.57703710e-07  3.57703710e-07  1.79990299e+00 
 3.57903710e-07  3.57903710e-07  3.57903710e-07  1.79990257e+00 
 3.58103710e-07  3.58103710e-07  3.58103710e-07  1.79990299e+00 
 3.58303710e-07  3.58303710e-07  3.58303710e-07  1.79990257e+00 
 3.58503710e-07  3.58503710e-07  3.58503710e-07  1.79990299e+00 
 3.58703710e-07  3.58703710e-07  3.58703710e-07  1.79990257e+00 
 3.58903710e-07  3.58903710e-07  3.58903710e-07  1.79990299e+00 
 3.59103710e-07  3.59103710e-07  3.59103710e-07  1.79990257e+00 
 3.59303710e-07  3.59303710e-07  3.59303710e-07  1.79990299e+00 
 3.59503710e-07  3.59503710e-07  3.59503710e-07  1.79990257e+00 
 3.59703710e-07  3.59703710e-07  3.59703710e-07  1.79990299e+00 
 3.59903710e-07  3.59903710e-07  3.59903710e-07  1.79990257e+00 
 3.60103710e-07  3.60103710e-07  3.60103710e-07  1.79990299e+00 
 3.60303710e-07  3.60303710e-07  3.60303710e-07  1.79990257e+00 
 3.60503710e-07  3.60503710e-07  3.60503710e-07  1.79990299e+00 
 3.60703710e-07  3.60703710e-07  3.60703710e-07  1.79990258e+00 
 3.60903710e-07  3.60903710e-07  3.60903710e-07  1.79990299e+00 
 3.61103710e-07  3.61103710e-07  3.61103710e-07  1.79990258e+00 
 3.61303710e-07  3.61303710e-07  3.61303710e-07  1.79990299e+00 
 3.61503710e-07  3.61503710e-07  3.61503710e-07  1.79990258e+00 
 3.61703710e-07  3.61703710e-07  3.61703710e-07  1.79990299e+00 
 3.61903710e-07  3.61903710e-07  3.61903710e-07  1.79990258e+00 
 3.62103710e-07  3.62103710e-07  3.62103710e-07  1.79990299e+00 
 3.62303710e-07  3.62303710e-07  3.62303710e-07  1.79990258e+00 
 3.62503710e-07  3.62503710e-07  3.62503710e-07  1.79990299e+00 
 3.62703710e-07  3.62703710e-07  3.62703710e-07  1.79990258e+00 
 3.62903710e-07  3.62903710e-07  3.62903710e-07  1.79990299e+00 
 3.63103710e-07  3.63103710e-07  3.63103710e-07  1.79990258e+00 
 3.63303710e-07  3.63303710e-07  3.63303710e-07  1.79990299e+00 
 3.63503710e-07  3.63503710e-07  3.63503710e-07  1.79990258e+00 
 3.63703710e-07  3.63703710e-07  3.63703710e-07  1.79990299e+00 
 3.63903710e-07  3.63903710e-07  3.63903710e-07  1.79990258e+00 
 3.64103710e-07  3.64103710e-07  3.64103710e-07  1.79990299e+00 
 3.64303710e-07  3.64303710e-07  3.64303710e-07  1.79990258e+00 
 3.64503710e-07  3.64503710e-07  3.64503710e-07  1.79990299e+00 
 3.64703710e-07  3.64703710e-07  3.64703710e-07  1.79990258e+00 
 3.64903710e-07  3.64903710e-07  3.64903710e-07  1.79990299e+00 
 3.65103710e-07  3.65103710e-07  3.65103710e-07  1.79990258e+00 
 3.65303710e-07  3.65303710e-07  3.65303710e-07  1.79990299e+00 
 3.65503710e-07  3.65503710e-07  3.65503710e-07  1.79990258e+00 
 3.65703710e-07  3.65703710e-07  3.65703710e-07  1.79990299e+00 
 3.65903710e-07  3.65903710e-07  3.65903710e-07  1.79990258e+00 
 3.66103710e-07  3.66103710e-07  3.66103710e-07  1.79990299e+00 
 3.66303710e-07  3.66303710e-07  3.66303710e-07  1.79990258e+00 
 3.66503710e-07  3.66503710e-07  3.66503710e-07  1.79990299e+00 
 3.66703710e-07  3.66703710e-07  3.66703710e-07  1.79990258e+00 
 3.66903710e-07  3.66903710e-07  3.66903710e-07  1.79990299e+00 
 3.67103710e-07  3.67103710e-07  3.67103710e-07  1.79990258e+00 
 3.67303710e-07  3.67303710e-07  3.67303710e-07  1.79990299e+00 
 3.67503710e-07  3.67503710e-07  3.67503710e-07  1.79990258e+00 
 3.67703710e-07  3.67703710e-07  3.67703710e-07  1.79990299e+00 
 3.67903710e-07  3.67903710e-07  3.67903710e-07  1.79990258e+00 
 3.68103710e-07  3.68103710e-07  3.68103710e-07  1.79990299e+00 
 3.68303710e-07  3.68303710e-07  3.68303710e-07  1.79990258e+00 
 3.68503710e-07  3.68503710e-07  3.68503710e-07  1.79990299e+00 
 3.68703710e-07  3.68703710e-07  3.68703710e-07  1.79990258e+00 
 3.68903710e-07  3.68903710e-07  3.68903710e-07  1.79990299e+00 
 3.69103710e-07  3.69103710e-07  3.69103710e-07  1.79990258e+00 
 3.69303710e-07  3.69303710e-07  3.69303710e-07  1.79990299e+00 
 3.69503710e-07  3.69503710e-07  3.69503710e-07  1.79990259e+00 
 3.69703710e-07  3.69703710e-07  3.69703710e-07  1.79990299e+00 
 3.69903710e-07  3.69903710e-07  3.69903710e-07  1.79990259e+00 
 3.70103710e-07  3.70103710e-07  3.70103710e-07  1.79990299e+00 
 3.70303710e-07  3.70303710e-07  3.70303710e-07  1.79990259e+00 
 3.70503710e-07  3.70503710e-07  3.70503710e-07  1.79990299e+00 
 3.70703710e-07  3.70703710e-07  3.70703710e-07  1.79990259e+00 
 3.70903710e-07  3.70903710e-07  3.70903710e-07  1.79990299e+00 
 3.71103710e-07  3.71103710e-07  3.71103710e-07  1.79990259e+00 
 3.71303710e-07  3.71303710e-07  3.71303710e-07  1.79990299e+00 
 3.71503710e-07  3.71503710e-07  3.71503710e-07  1.79990259e+00 
 3.71703710e-07  3.71703710e-07  3.71703710e-07  1.79990299e+00 
 3.71903710e-07  3.71903710e-07  3.71903710e-07  1.79990259e+00 
 3.72103710e-07  3.72103710e-07  3.72103710e-07  1.79990299e+00 
 3.72303710e-07  3.72303710e-07  3.72303710e-07  1.79990259e+00 
 3.72503710e-07  3.72503710e-07  3.72503710e-07  1.79990299e+00 
 3.72703710e-07  3.72703710e-07  3.72703710e-07  1.79990259e+00 
 3.72903710e-07  3.72903710e-07  3.72903710e-07  1.79990299e+00 
 3.73103710e-07  3.73103710e-07  3.73103710e-07  1.79990259e+00 
 3.73303710e-07  3.73303710e-07  3.73303710e-07  1.79990299e+00 
 3.73503710e-07  3.73503710e-07  3.73503710e-07  1.79990259e+00 
 3.73703710e-07  3.73703710e-07  3.73703710e-07  1.79990299e+00 
 3.73903710e-07  3.73903710e-07  3.73903710e-07  1.79990259e+00 
 3.74103710e-07  3.74103710e-07  3.74103710e-07  1.79990299e+00 
 3.74303710e-07  3.74303710e-07  3.74303710e-07  1.79990259e+00 
 3.74503710e-07  3.74503710e-07  3.74503710e-07  1.79990299e+00 
 3.74703710e-07  3.74703710e-07  3.74703710e-07  1.79990259e+00 
 3.74903710e-07  3.74903710e-07  3.74903710e-07  1.79990299e+00 
 3.75103710e-07  3.75103710e-07  3.75103710e-07  1.79990259e+00 
 3.75303710e-07  3.75303710e-07  3.75303710e-07  1.79990299e+00 
 3.75503710e-07  3.75503710e-07  3.75503710e-07  1.79990259e+00 
 3.75703710e-07  3.75703710e-07  3.75703710e-07  1.79990299e+00 
 3.75903710e-07  3.75903710e-07  3.75903710e-07  1.79990259e+00 
 3.76103710e-07  3.76103710e-07  3.76103710e-07  1.79990299e+00 
 3.76303710e-07  3.76303710e-07  3.76303710e-07  1.79990259e+00 
 3.76503710e-07  3.76503710e-07  3.76503710e-07  1.79990299e+00 
 3.76703710e-07  3.76703710e-07  3.76703710e-07  1.79990259e+00 
 3.76903710e-07  3.76903710e-07  3.76903710e-07  1.79990299e+00 
 3.77103710e-07  3.77103710e-07  3.77103710e-07  1.79990259e+00 
 3.77303710e-07  3.77303710e-07  3.77303710e-07  1.79990299e+00 
 3.77503710e-07  3.77503710e-07  3.77503710e-07  1.79990259e+00 
 3.77703710e-07  3.77703710e-07  3.77703710e-07  1.79990299e+00 
 3.77903710e-07  3.77903710e-07  3.77903710e-07  1.79990259e+00 
 3.78103710e-07  3.78103710e-07  3.78103710e-07  1.79990299e+00 
 3.78303710e-07  3.78303710e-07  3.78303710e-07  1.79990259e+00 
 3.78503710e-07  3.78503710e-07  3.78503710e-07  1.79990299e+00 
 3.78703710e-07  3.78703710e-07  3.78703710e-07  1.79990259e+00 
 3.78903710e-07  3.78903710e-07  3.78903710e-07  1.79990299e+00 
 3.79103710e-07  3.79103710e-07  3.79103710e-07  1.79990259e+00 
 3.79303710e-07  3.79303710e-07  3.79303710e-07  1.79990299e+00 
 3.79503710e-07  3.79503710e-07  3.79503710e-07  1.79990260e+00 
 3.79703710e-07  3.79703710e-07  3.79703710e-07  1.79990299e+00 
 3.79903710e-07  3.79903710e-07  3.79903710e-07  1.79990260e+00 
 3.80103710e-07  3.80103710e-07  3.80103710e-07  1.79990299e+00 
 3.80303710e-07  3.80303710e-07  3.80303710e-07  1.79990260e+00 
 3.80503710e-07  3.80503710e-07  3.80503710e-07  1.79990299e+00 
 3.80703710e-07  3.80703710e-07  3.80703710e-07  1.79990260e+00 
 3.80903710e-07  3.80903710e-07  3.80903710e-07  1.79990299e+00 
 3.81103710e-07  3.81103710e-07  3.81103710e-07  1.79990260e+00 
 3.81303710e-07  3.81303710e-07  3.81303710e-07  1.79990299e+00 
 3.81503710e-07  3.81503710e-07  3.81503710e-07  1.79990260e+00 
 3.81703710e-07  3.81703710e-07  3.81703710e-07  1.79990299e+00 
 3.81903710e-07  3.81903710e-07  3.81903710e-07  1.79990260e+00 
 3.82103710e-07  3.82103710e-07  3.82103710e-07  1.79990299e+00 
 3.82303710e-07  3.82303710e-07  3.82303710e-07  1.79990260e+00 
 3.82503710e-07  3.82503710e-07  3.82503710e-07  1.79990299e+00 
 3.82703710e-07  3.82703710e-07  3.82703710e-07  1.79990260e+00 
 3.82903710e-07  3.82903710e-07  3.82903710e-07  1.79990299e+00 
 3.83103710e-07  3.83103710e-07  3.83103710e-07  1.79990260e+00 
 3.83303710e-07  3.83303710e-07  3.83303710e-07  1.79990299e+00 
 3.83503710e-07  3.83503710e-07  3.83503710e-07  1.79990260e+00 
 3.83703710e-07  3.83703710e-07  3.83703710e-07  1.79990299e+00 
 3.83903710e-07  3.83903710e-07  3.83903710e-07  1.79990260e+00 
 3.84103710e-07  3.84103710e-07  3.84103710e-07  1.79990299e+00 
 3.84303710e-07  3.84303710e-07  3.84303710e-07  1.79990260e+00 
 3.84503710e-07  3.84503710e-07  3.84503710e-07  1.79990299e+00 
 3.84703710e-07  3.84703710e-07  3.84703710e-07  1.79990260e+00 
 3.84903710e-07  3.84903710e-07  3.84903710e-07  1.79990299e+00 
 3.85103710e-07  3.85103710e-07  3.85103710e-07  1.79990260e+00 
 3.85303710e-07  3.85303710e-07  3.85303710e-07  1.79990299e+00 
 3.85503710e-07  3.85503710e-07  3.85503710e-07  1.79990260e+00 
 3.85703710e-07  3.85703710e-07  3.85703710e-07  1.79990299e+00 
 3.85903710e-07  3.85903710e-07  3.85903710e-07  1.79990260e+00 
 3.86103710e-07  3.86103710e-07  3.86103710e-07  1.79990299e+00 
 3.86303710e-07  3.86303710e-07  3.86303710e-07  1.79990260e+00 
 3.86503710e-07  3.86503710e-07  3.86503710e-07  1.79990299e+00 
 3.86703710e-07  3.86703710e-07  3.86703710e-07  1.79990260e+00 
 3.86903710e-07  3.86903710e-07  3.86903710e-07  1.79990299e+00 
 3.87103710e-07  3.87103710e-07  3.87103710e-07  1.79990260e+00 
 3.87303710e-07  3.87303710e-07  3.87303710e-07  1.79990299e+00 
 3.87503710e-07  3.87503710e-07  3.87503710e-07  1.79990260e+00 
 3.87703710e-07  3.87703710e-07  3.87703710e-07  1.79990299e+00 
 3.87903710e-07  3.87903710e-07  3.87903710e-07  1.79990260e+00 
 3.88103710e-07  3.88103710e-07  3.88103710e-07  1.79990299e+00 
 3.88303710e-07  3.88303710e-07  3.88303710e-07  1.79990260e+00 
 3.88503710e-07  3.88503710e-07  3.88503710e-07  1.79990299e+00 
 3.88703710e-07  3.88703710e-07  3.88703710e-07  1.79990260e+00 
 3.88903710e-07  3.88903710e-07  3.88903710e-07  1.79990299e+00 
 3.89103710e-07  3.89103710e-07  3.89103710e-07  1.79990260e+00 
 3.89303710e-07  3.89303710e-07  3.89303710e-07  1.79990299e+00 
 3.89503710e-07  3.89503710e-07  3.89503710e-07  1.79990260e+00 
 3.89703710e-07  3.89703710e-07  3.89703710e-07  1.79990299e+00 
 3.89903710e-07  3.89903710e-07  3.89903710e-07  1.79990260e+00 
 3.90103710e-07  3.90103710e-07  3.90103710e-07  1.79990299e+00 
 3.90303710e-07  3.90303710e-07  3.90303710e-07  1.79990260e+00 
 3.90503710e-07  3.90503710e-07  3.90503710e-07  1.79990299e+00 
 3.90703710e-07  3.90703710e-07  3.90703710e-07  1.79990261e+00 
 3.90903710e-07  3.90903710e-07  3.90903710e-07  1.79990299e+00 
 3.91103710e-07  3.91103710e-07  3.91103710e-07  1.79990261e+00 
 3.91303710e-07  3.91303710e-07  3.91303710e-07  1.79990299e+00 
 3.91503710e-07  3.91503710e-07  3.91503710e-07  1.79990261e+00 
 3.91703710e-07  3.91703710e-07  3.91703710e-07  1.79990299e+00 
 3.91903710e-07  3.91903710e-07  3.91903710e-07  1.79990261e+00 
 3.92103710e-07  3.92103710e-07  3.92103710e-07  1.79990299e+00 
 3.92303710e-07  3.92303710e-07  3.92303710e-07  1.79990261e+00 
 3.92503710e-07  3.92503710e-07  3.92503710e-07  1.79990299e+00 
 3.92703710e-07  3.92703710e-07  3.92703710e-07  1.79990261e+00 
 3.92903710e-07  3.92903710e-07  3.92903710e-07  1.79990299e+00 
 3.93103710e-07  3.93103710e-07  3.93103710e-07  1.79990261e+00 
 3.93303710e-07  3.93303710e-07  3.93303710e-07  1.79990299e+00 
 3.93503710e-07  3.93503710e-07  3.93503710e-07  1.79990261e+00 
 3.93703710e-07  3.93703710e-07  3.93703710e-07  1.79990299e+00 
 3.93903710e-07  3.93903710e-07  3.93903710e-07  1.79990261e+00 
 3.94103710e-07  3.94103710e-07  3.94103710e-07  1.79990299e+00 
 3.94303710e-07  3.94303710e-07  3.94303710e-07  1.79990261e+00 
 3.94503710e-07  3.94503710e-07  3.94503710e-07  1.79990299e+00 
 3.94703710e-07  3.94703710e-07  3.94703710e-07  1.79990261e+00 
 3.94903710e-07  3.94903710e-07  3.94903710e-07  1.79990299e+00 
 3.95103710e-07  3.95103710e-07  3.95103710e-07  1.79990261e+00 
 3.95303710e-07  3.95303710e-07  3.95303710e-07  1.79990299e+00 
 3.95503710e-07  3.95503710e-07  3.95503710e-07  1.79990261e+00 
 3.95703710e-07  3.95703710e-07  3.95703710e-07  1.79990299e+00 
 3.95903710e-07  3.95903710e-07  3.95903710e-07  1.79990261e+00 
 3.96103710e-07  3.96103710e-07  3.96103710e-07  1.79990299e+00 
 3.96303710e-07  3.96303710e-07  3.96303710e-07  1.79990261e+00 
 3.96503710e-07  3.96503710e-07  3.96503710e-07  1.79990299e+00 
 3.96703710e-07  3.96703710e-07  3.96703710e-07  1.79990261e+00 
 3.96903710e-07  3.96903710e-07  3.96903710e-07  1.79990299e+00 
 3.97103710e-07  3.97103710e-07  3.97103710e-07  1.79990261e+00 
 3.97303710e-07  3.97303710e-07  3.97303710e-07  1.79990299e+00 
 3.97503710e-07  3.97503710e-07  3.97503710e-07  1.79990261e+00 
 3.97703710e-07  3.97703710e-07  3.97703710e-07  1.79990299e+00 
 3.97903710e-07  3.97903710e-07  3.97903710e-07  1.79990261e+00 
 3.98103710e-07  3.98103710e-07  3.98103710e-07  1.79990299e+00 
 3.98303710e-07  3.98303710e-07  3.98303710e-07  1.79990261e+00 
 3.98503710e-07  3.98503710e-07  3.98503710e-07  1.79990299e+00 
 3.98703710e-07  3.98703710e-07  3.98703710e-07  1.79990261e+00 
 3.98903710e-07  3.98903710e-07  3.98903710e-07  1.79990299e+00 
 3.99103710e-07  3.99103710e-07  3.99103710e-07  1.79990261e+00 
 3.99303710e-07  3.99303710e-07  3.99303710e-07  1.79990299e+00 
 3.99503710e-07  3.99503710e-07  3.99503710e-07  1.79990261e+00 
 3.99703710e-07  3.99703710e-07  3.99703710e-07  1.79990299e+00 
 3.99903710e-07  3.99903710e-07  3.99903710e-07  1.79990261e+00 
 4.00103710e-07  4.00103710e-07  4.00103710e-07  1.79990299e+00 
 4.00303710e-07  4.00303710e-07  4.00303710e-07  1.79990261e+00 
 4.00503710e-07  4.00503710e-07  4.00503710e-07  1.79990299e+00 
 4.00703710e-07  4.00703710e-07  4.00703710e-07  1.79990261e+00 
 4.00903710e-07  4.00903710e-07  4.00903710e-07  1.79990299e+00 
 4.01103710e-07  4.01103710e-07  4.01103710e-07  1.79990261e+00 
 4.01303710e-07  4.01303710e-07  4.01303710e-07  1.79990299e+00 
 4.01503710e-07  4.01503710e-07  4.01503710e-07  1.79990261e+00 
 4.01703710e-07  4.01703710e-07  4.01703710e-07  1.79990299e+00 
 4.01903710e-07  4.01903710e-07  4.01903710e-07  1.79990261e+00 
 4.02103710e-07  4.02103710e-07  4.02103710e-07  1.79990299e+00 
 4.02303710e-07  4.02303710e-07  4.02303710e-07  1.79990261e+00 
 4.02503710e-07  4.02503710e-07  4.02503710e-07  1.79990299e+00 
 4.02703710e-07  4.02703710e-07  4.02703710e-07  1.79990261e+00 
 4.02903710e-07  4.02903710e-07  4.02903710e-07  1.79990299e+00 
 4.03103710e-07  4.03103710e-07  4.03103710e-07  1.79990262e+00 
 4.03303710e-07  4.03303710e-07  4.03303710e-07  1.79990299e+00 
 4.03503710e-07  4.03503710e-07  4.03503710e-07  1.79990262e+00 
 4.03703710e-07  4.03703710e-07  4.03703710e-07  1.79990299e+00 
 4.03903710e-07  4.03903710e-07  4.03903710e-07  1.79990262e+00 
 4.04103710e-07  4.04103710e-07  4.04103710e-07  1.79990299e+00 
 4.04303710e-07  4.04303710e-07  4.04303710e-07  1.79990262e+00 
 4.04503710e-07  4.04503710e-07  4.04503710e-07  1.79990299e+00 
 4.04703710e-07  4.04703710e-07  4.04703710e-07  1.79990262e+00 
 4.04903710e-07  4.04903710e-07  4.04903710e-07  1.79990299e+00 
 4.05103710e-07  4.05103710e-07  4.05103710e-07  1.79990262e+00 
 4.05303710e-07  4.05303710e-07  4.05303710e-07  1.79990299e+00 
 4.05503710e-07  4.05503710e-07  4.05503710e-07  1.79990262e+00 
 4.05703710e-07  4.05703710e-07  4.05703710e-07  1.79990299e+00 
 4.05903710e-07  4.05903710e-07  4.05903710e-07  1.79990262e+00 
 4.06103710e-07  4.06103710e-07  4.06103710e-07  1.79990299e+00 
 4.06303710e-07  4.06303710e-07  4.06303710e-07  1.79990262e+00 
 4.06503710e-07  4.06503710e-07  4.06503710e-07  1.79990299e+00 
 4.06703710e-07  4.06703710e-07  4.06703710e-07  1.79990262e+00 
 4.06903710e-07  4.06903710e-07  4.06903710e-07  1.79990299e+00 
 4.07103710e-07  4.07103710e-07  4.07103710e-07  1.79990262e+00 
 4.07303710e-07  4.07303710e-07  4.07303710e-07  1.79990299e+00 
 4.07503710e-07  4.07503710e-07  4.07503710e-07  1.79990262e+00 
 4.07703710e-07  4.07703710e-07  4.07703710e-07  1.79990299e+00 
 4.07903710e-07  4.07903710e-07  4.07903710e-07  1.79990262e+00 
 4.08103710e-07  4.08103710e-07  4.08103710e-07  1.79990299e+00 
 4.08303710e-07  4.08303710e-07  4.08303710e-07  1.79990262e+00 
 4.08503710e-07  4.08503710e-07  4.08503710e-07  1.79990299e+00 
 4.08703710e-07  4.08703710e-07  4.08703710e-07  1.79990262e+00 
 4.08903710e-07  4.08903710e-07  4.08903710e-07  1.79990299e+00 
 4.09103710e-07  4.09103710e-07  4.09103710e-07  1.79990262e+00 
 4.09303710e-07  4.09303710e-07  4.09303710e-07  1.79990299e+00 
 4.09503710e-07  4.09503710e-07  4.09503710e-07  1.79990262e+00 
 4.09703710e-07  4.09703710e-07  4.09703710e-07  1.79990299e+00 
 4.09903710e-07  4.09903710e-07  4.09903710e-07  1.79990262e+00 
 4.10103710e-07  4.10103710e-07  4.10103710e-07  1.79990299e+00 
 4.10303710e-07  4.10303710e-07  4.10303710e-07  1.79990262e+00 
 4.10503710e-07  4.10503710e-07  4.10503710e-07  1.79990299e+00 
 4.10703710e-07  4.10703710e-07  4.10703710e-07  1.79990262e+00 
 4.10903710e-07  4.10903710e-07  4.10903710e-07  1.79990299e+00 
 4.11103710e-07  4.11103710e-07  4.11103710e-07  1.79990262e+00 
 4.11303710e-07  4.11303710e-07  4.11303710e-07  1.79990299e+00 
 4.11503710e-07  4.11503710e-07  4.11503710e-07  1.79990262e+00 
 4.11703710e-07  4.11703710e-07  4.11703710e-07  1.79990299e+00 
 4.11903710e-07  4.11903710e-07  4.11903710e-07  1.79990262e+00 
 4.12103710e-07  4.12103710e-07  4.12103710e-07  1.79990299e+00 
 4.12303710e-07  4.12303710e-07  4.12303710e-07  1.79990262e+00 
 4.12503710e-07  4.12503710e-07  4.12503710e-07  1.79990299e+00 
 4.12703710e-07  4.12703710e-07  4.12703710e-07  1.79990262e+00 
 4.12903710e-07  4.12903710e-07  4.12903710e-07  1.79990299e+00 
 4.13103710e-07  4.13103710e-07  4.13103710e-07  1.79990262e+00 
 4.13303710e-07  4.13303710e-07  4.13303710e-07  1.79990299e+00 
 4.13503710e-07  4.13503710e-07  4.13503710e-07  1.79990262e+00 
 4.13703710e-07  4.13703710e-07  4.13703710e-07  1.79990299e+00 
 4.13903710e-07  4.13903710e-07  4.13903710e-07  1.79990262e+00 
 4.14103710e-07  4.14103710e-07  4.14103710e-07  1.79990299e+00 
 4.14303710e-07  4.14303710e-07  4.14303710e-07  1.79990262e+00 
 4.14503710e-07  4.14503710e-07  4.14503710e-07  1.79990299e+00 
 4.14703710e-07  4.14703710e-07  4.14703710e-07  1.79990262e+00 
 4.14903710e-07  4.14903710e-07  4.14903710e-07  1.79990299e+00 
 4.15103710e-07  4.15103710e-07  4.15103710e-07  1.79990262e+00 
 4.15303710e-07  4.15303710e-07  4.15303710e-07  1.79990299e+00 
 4.15503710e-07  4.15503710e-07  4.15503710e-07  1.79990262e+00 
 4.15703710e-07  4.15703710e-07  4.15703710e-07  1.79990299e+00 
 4.15903710e-07  4.15903710e-07  4.15903710e-07  1.79990262e+00 
 4.16103710e-07  4.16103710e-07  4.16103710e-07  1.79990299e+00 
 4.16303710e-07  4.16303710e-07  4.16303710e-07  1.79990262e+00 
 4.16503710e-07  4.16503710e-07  4.16503710e-07  1.79990299e+00 
 4.16703710e-07  4.16703710e-07  4.16703710e-07  1.79990262e+00 
 4.16903710e-07  4.16903710e-07  4.16903710e-07  1.79990299e+00 
 4.17103710e-07  4.17103710e-07  4.17103710e-07  1.79990262e+00 
 4.17303710e-07  4.17303710e-07  4.17303710e-07  1.79990299e+00 
 4.17503710e-07  4.17503710e-07  4.17503710e-07  1.79990263e+00 
 4.17703710e-07  4.17703710e-07  4.17703710e-07  1.79990299e+00 
 4.17903710e-07  4.17903710e-07  4.17903710e-07  1.79990263e+00 
 4.18103710e-07  4.18103710e-07  4.18103710e-07  1.79990299e+00 
 4.18303710e-07  4.18303710e-07  4.18303710e-07  1.79990263e+00 
 4.18503710e-07  4.18503710e-07  4.18503710e-07  1.79990299e+00 
 4.18703710e-07  4.18703710e-07  4.18703710e-07  1.79990263e+00 
 4.18903710e-07  4.18903710e-07  4.18903710e-07  1.79990299e+00 
 4.19103710e-07  4.19103710e-07  4.19103710e-07  1.79990263e+00 
 4.19303710e-07  4.19303710e-07  4.19303710e-07  1.79990299e+00 
 4.19503710e-07  4.19503710e-07  4.19503710e-07  1.79990263e+00 
 4.19703710e-07  4.19703710e-07  4.19703710e-07  1.79990299e+00 
 4.19903710e-07  4.19903710e-07  4.19903710e-07  1.79990263e+00 
 4.20103710e-07  4.20103710e-07  4.20103710e-07  1.79990299e+00 
 4.20303710e-07  4.20303710e-07  4.20303710e-07  1.79990263e+00 
 4.20503710e-07  4.20503710e-07  4.20503710e-07  1.79990299e+00 
 4.20703710e-07  4.20703710e-07  4.20703710e-07  1.79990263e+00 
 4.20903710e-07  4.20903710e-07  4.20903710e-07  1.79990299e+00 
 4.21103710e-07  4.21103710e-07  4.21103710e-07  1.79990263e+00 
 4.21303710e-07  4.21303710e-07  4.21303710e-07  1.79990299e+00 
 4.21503710e-07  4.21503710e-07  4.21503710e-07  1.79990263e+00 
 4.21703710e-07  4.21703710e-07  4.21703710e-07  1.79990299e+00 
 4.21903710e-07  4.21903710e-07  4.21903710e-07  1.79990263e+00 
 4.22103710e-07  4.22103710e-07  4.22103710e-07  1.79990299e+00 
 4.22303710e-07  4.22303710e-07  4.22303710e-07  1.79990263e+00 
 4.22503710e-07  4.22503710e-07  4.22503710e-07  1.79990299e+00 
 4.22703710e-07  4.22703710e-07  4.22703710e-07  1.79990263e+00 
 4.22903710e-07  4.22903710e-07  4.22903710e-07  1.79990299e+00 
 4.23103710e-07  4.23103710e-07  4.23103710e-07  1.79990263e+00 
 4.23303710e-07  4.23303710e-07  4.23303710e-07  1.79990299e+00 
 4.23503710e-07  4.23503710e-07  4.23503710e-07  1.79990263e+00 
 4.23703710e-07  4.23703710e-07  4.23703710e-07  1.79990299e+00 
 4.23903710e-07  4.23903710e-07  4.23903710e-07  1.79990263e+00 
 4.24103710e-07  4.24103710e-07  4.24103710e-07  1.79990299e+00 
 4.24303710e-07  4.24303710e-07  4.24303710e-07  1.79990263e+00 
 4.24503710e-07  4.24503710e-07  4.24503710e-07  1.79990299e+00 
 4.24703710e-07  4.24703710e-07  4.24703710e-07  1.79990263e+00 
 4.24903710e-07  4.24903710e-07  4.24903710e-07  1.79990299e+00 
 4.25103710e-07  4.25103710e-07  4.25103710e-07  1.79990263e+00 
 4.25303710e-07  4.25303710e-07  4.25303710e-07  1.79990299e+00 
 4.25503710e-07  4.25503710e-07  4.25503710e-07  1.79990263e+00 
 4.25703710e-07  4.25703710e-07  4.25703710e-07  1.79990299e+00 
 4.25903710e-07  4.25903710e-07  4.25903710e-07  1.79990263e+00 
 4.26103710e-07  4.26103710e-07  4.26103710e-07  1.79990299e+00 
 4.26303710e-07  4.26303710e-07  4.26303710e-07  1.79990263e+00 
 4.26503710e-07  4.26503710e-07  4.26503710e-07  1.79990299e+00 
 4.26703710e-07  4.26703710e-07  4.26703710e-07  1.79990263e+00 
 4.26903710e-07  4.26903710e-07  4.26903710e-07  1.79990299e+00 
 4.27103710e-07  4.27103710e-07  4.27103710e-07  1.79990263e+00 
 4.27303710e-07  4.27303710e-07  4.27303710e-07  1.79990299e+00 
 4.27503710e-07  4.27503710e-07  4.27503710e-07  1.79990263e+00 
 4.27703710e-07  4.27703710e-07  4.27703710e-07  1.79990299e+00 
 4.27903710e-07  4.27903710e-07  4.27903710e-07  1.79990263e+00 
 4.28103710e-07  4.28103710e-07  4.28103710e-07  1.79990299e+00 
 4.28303710e-07  4.28303710e-07  4.28303710e-07  1.79990263e+00 
 4.28503710e-07  4.28503710e-07  4.28503710e-07  1.79990299e+00 
 4.28703710e-07  4.28703710e-07  4.28703710e-07  1.79990263e+00 
 4.28903710e-07  4.28903710e-07  4.28903710e-07  1.79990299e+00 
 4.29103710e-07  4.29103710e-07  4.29103710e-07  1.79990263e+00 
 4.29303710e-07  4.29303710e-07  4.29303710e-07  1.79990299e+00 
 4.29503710e-07  4.29503710e-07  4.29503710e-07  1.79990263e+00 
 4.29703710e-07  4.29703710e-07  4.29703710e-07  1.79990299e+00 
 4.29903710e-07  4.29903710e-07  4.29903710e-07  1.79990263e+00 
 4.30103710e-07  4.30103710e-07  4.30103710e-07  1.79990299e+00 
 4.30303710e-07  4.30303710e-07  4.30303710e-07  1.79990263e+00 
 4.30503710e-07  4.30503710e-07  4.30503710e-07  1.79990299e+00 
 4.30703710e-07  4.30703710e-07  4.30703710e-07  1.79990263e+00 
 4.30903710e-07  4.30903710e-07  4.30903710e-07  1.79990299e+00 
 4.31103710e-07  4.31103710e-07  4.31103710e-07  1.79990263e+00 
 4.31303710e-07  4.31303710e-07  4.31303710e-07  1.79990299e+00 
 4.31503710e-07  4.31503710e-07  4.31503710e-07  1.79990263e+00 
 4.31703710e-07  4.31703710e-07  4.31703710e-07  1.79990299e+00 
 4.31903710e-07  4.31903710e-07  4.31903710e-07  1.79990263e+00 
 4.32103710e-07  4.32103710e-07  4.32103710e-07  1.79990299e+00 
 4.32303710e-07  4.32303710e-07  4.32303710e-07  1.79990263e+00 
 4.32503710e-07  4.32503710e-07  4.32503710e-07  1.79990299e+00 
 4.32703710e-07  4.32703710e-07  4.32703710e-07  1.79990263e+00 
 4.32903710e-07  4.32903710e-07  4.32903710e-07  1.79990299e+00 
 4.33103710e-07  4.33103710e-07  4.33103710e-07  1.79990264e+00 
 4.33303710e-07  4.33303710e-07  4.33303710e-07  1.79990299e+00 
 4.33503710e-07  4.33503710e-07  4.33503710e-07  1.79990264e+00 
 4.33703710e-07  4.33703710e-07  4.33703710e-07  1.79990299e+00 
 4.33903710e-07  4.33903710e-07  4.33903710e-07  1.79990264e+00 
 4.34103710e-07  4.34103710e-07  4.34103710e-07  1.79990299e+00 
 4.34303710e-07  4.34303710e-07  4.34303710e-07  1.79990264e+00 
 4.34503710e-07  4.34503710e-07  4.34503710e-07  1.79990299e+00 
 4.34703710e-07  4.34703710e-07  4.34703710e-07  1.79990264e+00 
 4.34903710e-07  4.34903710e-07  4.34903710e-07  1.79990299e+00 
 4.35103710e-07  4.35103710e-07  4.35103710e-07  1.79990264e+00 
 4.35303710e-07  4.35303710e-07  4.35303710e-07  1.79990299e+00 
 4.35503710e-07  4.35503710e-07  4.35503710e-07  1.79990264e+00 
 4.35703710e-07  4.35703710e-07  4.35703710e-07  1.79990299e+00 
 4.35903710e-07  4.35903710e-07  4.35903710e-07  1.79990264e+00 
 4.36103710e-07  4.36103710e-07  4.36103710e-07  1.79990299e+00 
 4.36303710e-07  4.36303710e-07  4.36303710e-07  1.79990264e+00 
 4.36503710e-07  4.36503710e-07  4.36503710e-07  1.79990299e+00 
 4.36703710e-07  4.36703710e-07  4.36703710e-07  1.79990264e+00 
 4.36903710e-07  4.36903710e-07  4.36903710e-07  1.79990299e+00 
 4.37103710e-07  4.37103710e-07  4.37103710e-07  1.79990264e+00 
 4.37303710e-07  4.37303710e-07  4.37303710e-07  1.79990299e+00 
 4.37503710e-07  4.37503710e-07  4.37503710e-07  1.79990264e+00 
 4.37703710e-07  4.37703710e-07  4.37703710e-07  1.79990299e+00 
 4.37903710e-07  4.37903710e-07  4.37903710e-07  1.79990264e+00 
 4.38103710e-07  4.38103710e-07  4.38103710e-07  1.79990299e+00 
 4.38303710e-07  4.38303710e-07  4.38303710e-07  1.79990264e+00 
 4.38503710e-07  4.38503710e-07  4.38503710e-07  1.79990299e+00 
 4.38703710e-07  4.38703710e-07  4.38703710e-07  1.79990264e+00 
 4.38903710e-07  4.38903710e-07  4.38903710e-07  1.79990299e+00 
 4.39103710e-07  4.39103710e-07  4.39103710e-07  1.79990264e+00 
 4.39303710e-07  4.39303710e-07  4.39303710e-07  1.79990299e+00 
 4.39503710e-07  4.39503710e-07  4.39503710e-07  1.79990264e+00 
 4.39703710e-07  4.39703710e-07  4.39703710e-07  1.79990299e+00 
 4.39903710e-07  4.39903710e-07  4.39903710e-07  1.79990264e+00 
 4.40103710e-07  4.40103710e-07  4.40103710e-07  1.79990299e+00 
 4.40303710e-07  4.40303710e-07  4.40303710e-07  1.79990264e+00 
 4.40503710e-07  4.40503710e-07  4.40503710e-07  1.79990299e+00 
 4.40703710e-07  4.40703710e-07  4.40703710e-07  1.79990264e+00 
 4.40903710e-07  4.40903710e-07  4.40903710e-07  1.79990299e+00 
 4.41103710e-07  4.41103710e-07  4.41103710e-07  1.79990264e+00 
 4.41303710e-07  4.41303710e-07  4.41303710e-07  1.79990299e+00 
 4.41503710e-07  4.41503710e-07  4.41503710e-07  1.79990264e+00 
 4.41703710e-07  4.41703710e-07  4.41703710e-07  1.79990299e+00 
 4.41903710e-07  4.41903710e-07  4.41903710e-07  1.79990264e+00 
 4.42103710e-07  4.42103710e-07  4.42103710e-07  1.79990299e+00 
 4.42303710e-07  4.42303710e-07  4.42303710e-07  1.79990264e+00 
 4.42503710e-07  4.42503710e-07  4.42503710e-07  1.79990299e+00 
 4.42703710e-07  4.42703710e-07  4.42703710e-07  1.79990264e+00 
 4.42903710e-07  4.42903710e-07  4.42903710e-07  1.79990299e+00 
 4.43103710e-07  4.43103710e-07  4.43103710e-07  1.79990264e+00 
 4.43303710e-07  4.43303710e-07  4.43303710e-07  1.79990299e+00 
 4.43503710e-07  4.43503710e-07  4.43503710e-07  1.79990264e+00 
 4.43703710e-07  4.43703710e-07  4.43703710e-07  1.79990299e+00 
 4.43903710e-07  4.43903710e-07  4.43903710e-07  1.79990264e+00 
 4.44103710e-07  4.44103710e-07  4.44103710e-07  1.79990299e+00 
 4.44303710e-07  4.44303710e-07  4.44303710e-07  1.79990264e+00 
 4.44503710e-07  4.44503710e-07  4.44503710e-07  1.79990299e+00 
 4.44703710e-07  4.44703710e-07  4.44703710e-07  1.79990264e+00 
 4.44903710e-07  4.44903710e-07  4.44903710e-07  1.79990299e+00 
 4.45103710e-07  4.45103710e-07  4.45103710e-07  1.79990264e+00 
 4.45303710e-07  4.45303710e-07  4.45303710e-07  1.79990299e+00 
 4.45503710e-07  4.45503710e-07  4.45503710e-07  1.79990264e+00 
 4.45703710e-07  4.45703710e-07  4.45703710e-07  1.79990299e+00 
 4.45903710e-07  4.45903710e-07  4.45903710e-07  1.79990264e+00 
 4.46103710e-07  4.46103710e-07  4.46103710e-07  1.79990299e+00 
 4.46303710e-07  4.46303710e-07  4.46303710e-07  1.79990264e+00 
 4.46503710e-07  4.46503710e-07  4.46503710e-07  1.79990299e+00 
 4.46703710e-07  4.46703710e-07  4.46703710e-07  1.79990264e+00 
 4.46903710e-07  4.46903710e-07  4.46903710e-07  1.79990299e+00 
 4.47103710e-07  4.47103710e-07  4.47103710e-07  1.79990264e+00 
 4.47303710e-07  4.47303710e-07  4.47303710e-07  1.79990299e+00 
 4.47503710e-07  4.47503710e-07  4.47503710e-07  1.79990264e+00 
 4.47703710e-07  4.47703710e-07  4.47703710e-07  1.79990299e+00 
 4.47903710e-07  4.47903710e-07  4.47903710e-07  1.79990264e+00 
 4.48103710e-07  4.48103710e-07  4.48103710e-07  1.79990299e+00 
 4.48303710e-07  4.48303710e-07  4.48303710e-07  1.79990264e+00 
 4.48503710e-07  4.48503710e-07  4.48503710e-07  1.79990299e+00 
 4.48703710e-07  4.48703710e-07  4.48703710e-07  1.79990264e+00 
 4.48903710e-07  4.48903710e-07  4.48903710e-07  1.79990299e+00 
 4.49103710e-07  4.49103710e-07  4.49103710e-07  1.79990264e+00 
 4.49303710e-07  4.49303710e-07  4.49303710e-07  1.79990299e+00 
 4.49503710e-07  4.49503710e-07  4.49503710e-07  1.79990264e+00 
 4.49703710e-07  4.49703710e-07  4.49703710e-07  1.79990299e+00 
 4.49903710e-07  4.49903710e-07  4.49903710e-07  1.79990264e+00 
 4.50103710e-07  4.50103710e-07  4.50103710e-07  1.79990299e+00 
 4.50303710e-07  4.50303710e-07  4.50303710e-07  1.79990265e+00 
 4.50503710e-07  4.50503710e-07  4.50503710e-07  1.79990298e+00 
 4.50703710e-07  4.50703710e-07  4.50703710e-07  1.79990265e+00 
 4.50903710e-07  4.50903710e-07  4.50903710e-07  1.79990298e+00 
 4.51103710e-07  4.51103710e-07  4.51103710e-07  1.79990265e+00 
 4.51303710e-07  4.51303710e-07  4.51303710e-07  1.79990298e+00 
 4.51503710e-07  4.51503710e-07  4.51503710e-07  1.79990265e+00 
 4.51703710e-07  4.51703710e-07  4.51703710e-07  1.79990298e+00 
 4.51903710e-07  4.51903710e-07  4.51903710e-07  1.79990265e+00 
 4.52103710e-07  4.52103710e-07  4.52103710e-07  1.79990298e+00 
 4.52303710e-07  4.52303710e-07  4.52303710e-07  1.79990265e+00 
 4.52503710e-07  4.52503710e-07  4.52503710e-07  1.79990298e+00 
 4.52703710e-07  4.52703710e-07  4.52703710e-07  1.79990265e+00 
 4.52903710e-07  4.52903710e-07  4.52903710e-07  1.79990298e+00 
 4.53103710e-07  4.53103710e-07  4.53103710e-07  1.79990265e+00 
 4.53303710e-07  4.53303710e-07  4.53303710e-07  1.79990298e+00 
 4.53503710e-07  4.53503710e-07  4.53503710e-07  1.79990265e+00 
 4.53703710e-07  4.53703710e-07  4.53703710e-07  1.79990298e+00 
 4.53903710e-07  4.53903710e-07  4.53903710e-07  1.79990265e+00 
 4.54103710e-07  4.54103710e-07  4.54103710e-07  1.79990298e+00 
 4.54303710e-07  4.54303710e-07  4.54303710e-07  1.79990265e+00 
 4.54503710e-07  4.54503710e-07  4.54503710e-07  1.79990298e+00 
 4.54703710e-07  4.54703710e-07  4.54703710e-07  1.79990265e+00 
 4.54903710e-07  4.54903710e-07  4.54903710e-07  1.79990298e+00 
 4.55103710e-07  4.55103710e-07  4.55103710e-07  1.79990265e+00 
 4.55303710e-07  4.55303710e-07  4.55303710e-07  1.79990298e+00 
 4.55503710e-07  4.55503710e-07  4.55503710e-07  1.79990265e+00 
 4.55703710e-07  4.55703710e-07  4.55703710e-07  1.79990298e+00 
 4.55903710e-07  4.55903710e-07  4.55903710e-07  1.79990265e+00 
 4.56103710e-07  4.56103710e-07  4.56103710e-07  1.79990298e+00 
 4.56303710e-07  4.56303710e-07  4.56303710e-07  1.79990265e+00 
 4.56503710e-07  4.56503710e-07  4.56503710e-07  1.79990298e+00 
 4.56703710e-07  4.56703710e-07  4.56703710e-07  1.79990265e+00 
 4.56903710e-07  4.56903710e-07  4.56903710e-07  1.79990298e+00 
 4.57103710e-07  4.57103710e-07  4.57103710e-07  1.79990265e+00 
 4.57303710e-07  4.57303710e-07  4.57303710e-07  1.79990298e+00 
 4.57503710e-07  4.57503710e-07  4.57503710e-07  1.79990265e+00 
 4.57703710e-07  4.57703710e-07  4.57703710e-07  1.79990298e+00 
 4.57903710e-07  4.57903710e-07  4.57903710e-07  1.79990265e+00 
 4.58103710e-07  4.58103710e-07  4.58103710e-07  1.79990298e+00 
 4.58303710e-07  4.58303710e-07  4.58303710e-07  1.79990265e+00 
 4.58503710e-07  4.58503710e-07  4.58503710e-07  1.79990298e+00 
 4.58703710e-07  4.58703710e-07  4.58703710e-07  1.79990265e+00 
 4.58903710e-07  4.58903710e-07  4.58903710e-07  1.79990298e+00 
 4.59103710e-07  4.59103710e-07  4.59103710e-07  1.79990265e+00 
 4.59303710e-07  4.59303710e-07  4.59303710e-07  1.79990298e+00 
 4.59503710e-07  4.59503710e-07  4.59503710e-07  1.79990265e+00 
 4.59703710e-07  4.59703710e-07  4.59703710e-07  1.79990298e+00 
 4.59903710e-07  4.59903710e-07  4.59903710e-07  1.79990265e+00 
 4.60103710e-07  4.60103710e-07  4.60103710e-07  1.79990298e+00 
 4.60303710e-07  4.60303710e-07  4.60303710e-07  1.79990265e+00 
 4.60503710e-07  4.60503710e-07  4.60503710e-07  1.79990298e+00 
 4.60703710e-07  4.60703710e-07  4.60703710e-07  1.79990265e+00 
 4.60903710e-07  4.60903710e-07  4.60903710e-07  1.79990298e+00 
 4.61103710e-07  4.61103710e-07  4.61103710e-07  1.79990265e+00 
 4.61303710e-07  4.61303710e-07  4.61303710e-07  1.79990298e+00 
 4.61503710e-07  4.61503710e-07  4.61503710e-07  1.79990265e+00 
 4.61703710e-07  4.61703710e-07  4.61703710e-07  1.79990298e+00 
 4.61903710e-07  4.61903710e-07  4.61903710e-07  1.79990265e+00 
 4.62103710e-07  4.62103710e-07  4.62103710e-07  1.79990298e+00 
 4.62303710e-07  4.62303710e-07  4.62303710e-07  1.79990265e+00 
 4.62503710e-07  4.62503710e-07  4.62503710e-07  1.79990298e+00 
 4.62703710e-07  4.62703710e-07  4.62703710e-07  1.79990265e+00 
 4.62903710e-07  4.62903710e-07  4.62903710e-07  1.79990298e+00 
 4.63103710e-07  4.63103710e-07  4.63103710e-07  1.79990265e+00 
 4.63303710e-07  4.63303710e-07  4.63303710e-07  1.79990298e+00 
 4.63503710e-07  4.63503710e-07  4.63503710e-07  1.79990265e+00 
 4.63703710e-07  4.63703710e-07  4.63703710e-07  1.79990298e+00 
 4.63903710e-07  4.63903710e-07  4.63903710e-07  1.79990265e+00 
 4.64103710e-07  4.64103710e-07  4.64103710e-07  1.79990298e+00 
 4.64303710e-07  4.64303710e-07  4.64303710e-07  1.79990265e+00 
 4.64503710e-07  4.64503710e-07  4.64503710e-07  1.79990298e+00 
 4.64703710e-07  4.64703710e-07  4.64703710e-07  1.79990265e+00 
 4.64903710e-07  4.64903710e-07  4.64903710e-07  1.79990298e+00 
 4.65103710e-07  4.65103710e-07  4.65103710e-07  1.79990265e+00 
 4.65303710e-07  4.65303710e-07  4.65303710e-07  1.79990298e+00 
 4.65503710e-07  4.65503710e-07  4.65503710e-07  1.79990265e+00 
 4.65703710e-07  4.65703710e-07  4.65703710e-07  1.79990298e+00 
 4.65903710e-07  4.65903710e-07  4.65903710e-07  1.79990265e+00 
 4.66103710e-07  4.66103710e-07  4.66103710e-07  1.79990298e+00 
 4.66303710e-07  4.66303710e-07  4.66303710e-07  1.79990265e+00 
 4.66503710e-07  4.66503710e-07  4.66503710e-07  1.79990298e+00 
 4.66703710e-07  4.66703710e-07  4.66703710e-07  1.79990265e+00 
 4.66903710e-07  4.66903710e-07  4.66903710e-07  1.79990298e+00 
 4.67103710e-07  4.67103710e-07  4.67103710e-07  1.79990265e+00 
 4.67303710e-07  4.67303710e-07  4.67303710e-07  1.79990298e+00 
 4.67503710e-07  4.67503710e-07  4.67503710e-07  1.79990265e+00 
 4.67703710e-07  4.67703710e-07  4.67703710e-07  1.79990298e+00 
 4.67903710e-07  4.67903710e-07  4.67903710e-07  1.79990265e+00 
 4.68103710e-07  4.68103710e-07  4.68103710e-07  1.79990298e+00 
 4.68303710e-07  4.68303710e-07  4.68303710e-07  1.79990265e+00 
 4.68503710e-07  4.68503710e-07  4.68503710e-07  1.79990298e+00 
 4.68703710e-07  4.68703710e-07  4.68703710e-07  1.79990265e+00 
 4.68903710e-07  4.68903710e-07  4.68903710e-07  1.79990298e+00 
 4.69103710e-07  4.69103710e-07  4.69103710e-07  1.79990266e+00 
 4.69303710e-07  4.69303710e-07  4.69303710e-07  1.79990298e+00 
 4.69503710e-07  4.69503710e-07  4.69503710e-07  1.79990266e+00 
 4.69703710e-07  4.69703710e-07  4.69703710e-07  1.79990298e+00 
 4.69903710e-07  4.69903710e-07  4.69903710e-07  1.79990266e+00 
 4.70103710e-07  4.70103710e-07  4.70103710e-07  1.79990298e+00 
 4.70303710e-07  4.70303710e-07  4.70303710e-07  1.79990266e+00 
 4.70503710e-07  4.70503710e-07  4.70503710e-07  1.79990298e+00 
 4.70703710e-07  4.70703710e-07  4.70703710e-07  1.79990266e+00 
 4.70903710e-07  4.70903710e-07  4.70903710e-07  1.79990298e+00 
 4.71103710e-07  4.71103710e-07  4.71103710e-07  1.79990266e+00 
 4.71303710e-07  4.71303710e-07  4.71303710e-07  1.79990298e+00 
 4.71503710e-07  4.71503710e-07  4.71503710e-07  1.79990266e+00 
 4.71703710e-07  4.71703710e-07  4.71703710e-07  1.79990298e+00 
 4.71903710e-07  4.71903710e-07  4.71903710e-07  1.79990266e+00 
 4.72103710e-07  4.72103710e-07  4.72103710e-07  1.79990298e+00 
 4.72303710e-07  4.72303710e-07  4.72303710e-07  1.79990266e+00 
 4.72503710e-07  4.72503710e-07  4.72503710e-07  1.79990298e+00 
 4.72703710e-07  4.72703710e-07  4.72703710e-07  1.79990266e+00 
 4.72903710e-07  4.72903710e-07  4.72903710e-07  1.79990298e+00 
 4.73103710e-07  4.73103710e-07  4.73103710e-07  1.79990266e+00 
 4.73303710e-07  4.73303710e-07  4.73303710e-07  1.79990298e+00 
 4.73503710e-07  4.73503710e-07  4.73503710e-07  1.79990266e+00 
 4.73703710e-07  4.73703710e-07  4.73703710e-07  1.79990298e+00 
 4.73903710e-07  4.73903710e-07  4.73903710e-07  1.79990266e+00 
 4.74103710e-07  4.74103710e-07  4.74103710e-07  1.79990298e+00 
 4.74303710e-07  4.74303710e-07  4.74303710e-07  1.79990266e+00 
 4.74503710e-07  4.74503710e-07  4.74503710e-07  1.79990298e+00 
 4.74703710e-07  4.74703710e-07  4.74703710e-07  1.79990266e+00 
 4.74903710e-07  4.74903710e-07  4.74903710e-07  1.79990298e+00 
 4.75103710e-07  4.75103710e-07  4.75103710e-07  1.79990266e+00 
 4.75303710e-07  4.75303710e-07  4.75303710e-07  1.79990298e+00 
 4.75503710e-07  4.75503710e-07  4.75503710e-07  1.79990266e+00 
 4.75703710e-07  4.75703710e-07  4.75703710e-07  1.79990298e+00 
 4.75903710e-07  4.75903710e-07  4.75903710e-07  1.79990266e+00 
 4.76103710e-07  4.76103710e-07  4.76103710e-07  1.79990298e+00 
 4.76303710e-07  4.76303710e-07  4.76303710e-07  1.79990266e+00 
 4.76503710e-07  4.76503710e-07  4.76503710e-07  1.79990298e+00 
 4.76703710e-07  4.76703710e-07  4.76703710e-07  1.79990266e+00 
 4.76903710e-07  4.76903710e-07  4.76903710e-07  1.79990298e+00 
 4.77103710e-07  4.77103710e-07  4.77103710e-07  1.79990266e+00 
 4.77303710e-07  4.77303710e-07  4.77303710e-07  1.79990298e+00 
 4.77503710e-07  4.77503710e-07  4.77503710e-07  1.79990266e+00 
 4.77703710e-07  4.77703710e-07  4.77703710e-07  1.79990298e+00 
 4.77903710e-07  4.77903710e-07  4.77903710e-07  1.79990266e+00 
 4.78103710e-07  4.78103710e-07  4.78103710e-07  1.79990298e+00 
 4.78303710e-07  4.78303710e-07  4.78303710e-07  1.79990266e+00 
 4.78503710e-07  4.78503710e-07  4.78503710e-07  1.79990298e+00 
 4.78703710e-07  4.78703710e-07  4.78703710e-07  1.79990266e+00 
 4.78903710e-07  4.78903710e-07  4.78903710e-07  1.79990298e+00 
 4.79103710e-07  4.79103710e-07  4.79103710e-07  1.79990266e+00 
 4.79303710e-07  4.79303710e-07  4.79303710e-07  1.79990298e+00 
 4.79503710e-07  4.79503710e-07  4.79503710e-07  1.79990266e+00 
 4.79703710e-07  4.79703710e-07  4.79703710e-07  1.79990298e+00 
 4.79903710e-07  4.79903710e-07  4.79903710e-07  1.79990266e+00 
 4.80103710e-07  4.80103710e-07  4.80103710e-07  1.79990298e+00 
 4.80303710e-07  4.80303710e-07  4.80303710e-07  1.79990266e+00 
 4.80503710e-07  4.80503710e-07  4.80503710e-07  1.79990298e+00 
 4.80703710e-07  4.80703710e-07  4.80703710e-07  1.79990266e+00 
 4.80903710e-07  4.80903710e-07  4.80903710e-07  1.79990298e+00 
 4.81103710e-07  4.81103710e-07  4.81103710e-07  1.79990266e+00 
 4.81303710e-07  4.81303710e-07  4.81303710e-07  1.79990298e+00 
 4.81503710e-07  4.81503710e-07  4.81503710e-07  1.79990266e+00 
 4.81703710e-07  4.81703710e-07  4.81703710e-07  1.79990298e+00 
 4.81903710e-07  4.81903710e-07  4.81903710e-07  1.79990266e+00 
 4.82103710e-07  4.82103710e-07  4.82103710e-07  1.79990298e+00 
 4.82303710e-07  4.82303710e-07  4.82303710e-07  1.79990266e+00 
 4.82503710e-07  4.82503710e-07  4.82503710e-07  1.79990298e+00 
 4.82703710e-07  4.82703710e-07  4.82703710e-07  1.79990266e+00 
 4.82903710e-07  4.82903710e-07  4.82903710e-07  1.79990298e+00 
 4.83103710e-07  4.83103710e-07  4.83103710e-07  1.79990266e+00 
 4.83303710e-07  4.83303710e-07  4.83303710e-07  1.79990298e+00 
 4.83503710e-07  4.83503710e-07  4.83503710e-07  1.79990266e+00 
 4.83703710e-07  4.83703710e-07  4.83703710e-07  1.79990298e+00 
 4.83903710e-07  4.83903710e-07  4.83903710e-07  1.79990266e+00 
 4.84103710e-07  4.84103710e-07  4.84103710e-07  1.79990298e+00 
 4.84303710e-07  4.84303710e-07  4.84303710e-07  1.79990266e+00 
 4.84503710e-07  4.84503710e-07  4.84503710e-07  1.79990298e+00 
 4.84703710e-07  4.84703710e-07  4.84703710e-07  1.79990266e+00 
 4.84903710e-07  4.84903710e-07  4.84903710e-07  1.79990298e+00 
 4.85103710e-07  4.85103710e-07  4.85103710e-07  1.79990266e+00 
 4.85303710e-07  4.85303710e-07  4.85303710e-07  1.79990298e+00 
 4.85503710e-07  4.85503710e-07  4.85503710e-07  1.79990266e+00 
 4.85703710e-07  4.85703710e-07  4.85703710e-07  1.79990298e+00 
 4.85903710e-07  4.85903710e-07  4.85903710e-07  1.79990266e+00 
 4.86103710e-07  4.86103710e-07  4.86103710e-07  1.79990298e+00 
 4.86303710e-07  4.86303710e-07  4.86303710e-07  1.79990266e+00 
 4.86503710e-07  4.86503710e-07  4.86503710e-07  1.79990298e+00 
 4.86703710e-07  4.86703710e-07  4.86703710e-07  1.79990266e+00 
 4.86903710e-07  4.86903710e-07  4.86903710e-07  1.79990298e+00 
 4.87103710e-07  4.87103710e-07  4.87103710e-07  1.79990266e+00 
 4.87303710e-07  4.87303710e-07  4.87303710e-07  1.79990298e+00 
 4.87503710e-07  4.87503710e-07  4.87503710e-07  1.79990266e+00 
 4.87703710e-07  4.87703710e-07  4.87703710e-07  1.79990298e+00 
 4.87903710e-07  4.87903710e-07  4.87903710e-07  1.79990266e+00 
 4.88103710e-07  4.88103710e-07  4.88103710e-07  1.79990298e+00 
 4.88303710e-07  4.88303710e-07  4.88303710e-07  1.79990266e+00 
 4.88503710e-07  4.88503710e-07  4.88503710e-07  1.79990298e+00 
 4.88703710e-07  4.88703710e-07  4.88703710e-07  1.79990266e+00 
 4.88903710e-07  4.88903710e-07  4.88903710e-07  1.79990298e+00 
 4.89103710e-07  4.89103710e-07  4.89103710e-07  1.79990266e+00 
 4.89303710e-07  4.89303710e-07  4.89303710e-07  1.79990298e+00 
 4.89503710e-07  4.89503710e-07  4.89503710e-07  1.79990266e+00 
 4.89703710e-07  4.89703710e-07  4.89703710e-07  1.79990298e+00 
 4.89903710e-07  4.89903710e-07  4.89903710e-07  1.79990267e+00 
 4.90103710e-07  4.90103710e-07  4.90103710e-07  1.79990298e+00 
 4.90303710e-07  4.90303710e-07  4.90303710e-07  1.79990267e+00 
 4.90503710e-07  4.90503710e-07  4.90503710e-07  1.79990298e+00 
 4.90703710e-07  4.90703710e-07  4.90703710e-07  1.79990267e+00 
 4.90903710e-07  4.90903710e-07  4.90903710e-07  1.79990298e+00 
 4.91103710e-07  4.91103710e-07  4.91103710e-07  1.79990267e+00 
 4.91303710e-07  4.91303710e-07  4.91303710e-07  1.79990298e+00 
 4.91503710e-07  4.91503710e-07  4.91503710e-07  1.79990267e+00 
 4.91703710e-07  4.91703710e-07  4.91703710e-07  1.79990298e+00 
 4.91903710e-07  4.91903710e-07  4.91903710e-07  1.79990267e+00 
 4.92103710e-07  4.92103710e-07  4.92103710e-07  1.79990298e+00 
 4.92303710e-07  4.92303710e-07  4.92303710e-07  1.79990267e+00 
 4.92503710e-07  4.92503710e-07  4.92503710e-07  1.79990298e+00 
 4.92703710e-07  4.92703710e-07  4.92703710e-07  1.79990267e+00 
 4.92903710e-07  4.92903710e-07  4.92903710e-07  1.79990298e+00 
 4.93103710e-07  4.93103710e-07  4.93103710e-07  1.79990267e+00 
 4.93303710e-07  4.93303710e-07  4.93303710e-07  1.79990298e+00 
 4.93503710e-07  4.93503710e-07  4.93503710e-07  1.79990267e+00 
 4.93703710e-07  4.93703710e-07  4.93703710e-07  1.79990298e+00 
 4.93903710e-07  4.93903710e-07  4.93903710e-07  1.79990267e+00 
 4.94103710e-07  4.94103710e-07  4.94103710e-07  1.79990298e+00 
 4.94303710e-07  4.94303710e-07  4.94303710e-07  1.79990267e+00 
 4.94503710e-07  4.94503710e-07  4.94503710e-07  1.79990297e+00 
 4.94703710e-07  4.94703710e-07  4.94703710e-07  1.79990267e+00 
 4.94903710e-07  4.94903710e-07  4.94903710e-07  1.79990297e+00 
 4.95103710e-07  4.95103710e-07  4.95103710e-07  1.79990267e+00 
 4.95303710e-07  4.95303710e-07  4.95303710e-07  1.79990297e+00 
 4.95503710e-07  4.95503710e-07  4.95503710e-07  1.79990267e+00 
 4.95703710e-07  4.95703710e-07  4.95703710e-07  1.79990297e+00 
 4.95903710e-07  4.95903710e-07  4.95903710e-07  1.79990267e+00 
 4.96103710e-07  4.96103710e-07  4.96103710e-07  1.79990297e+00 
 4.96303710e-07  4.96303710e-07  4.96303710e-07  1.79990267e+00 
 4.96503710e-07  4.96503710e-07  4.96503710e-07  1.79990297e+00 
 4.96703710e-07  4.96703710e-07  4.96703710e-07  1.79990267e+00 
 4.96903710e-07  4.96903710e-07  4.96903710e-07  1.79990297e+00 
 4.97103710e-07  4.97103710e-07  4.97103710e-07  1.79990267e+00 
 4.97303710e-07  4.97303710e-07  4.97303710e-07  1.79990297e+00 
 4.97503710e-07  4.97503710e-07  4.97503710e-07  1.79990267e+00 
 4.97703710e-07  4.97703710e-07  4.97703710e-07  1.79990297e+00 
 4.97903710e-07  4.97903710e-07  4.97903710e-07  1.79990267e+00 
 4.98103710e-07  4.98103710e-07  4.98103710e-07  1.79990297e+00 
 4.98303710e-07  4.98303710e-07  4.98303710e-07  1.79990267e+00 
 4.98503710e-07  4.98503710e-07  4.98503710e-07  1.79990297e+00 
 4.98703710e-07  4.98703710e-07  4.98703710e-07  1.79990267e+00 
 4.98903710e-07  4.98903710e-07  4.98903710e-07  1.79990297e+00 
 4.99103710e-07  4.99103710e-07  4.99103710e-07  1.79990267e+00 
 4.99303710e-07  4.99303710e-07  4.99303710e-07  1.79990297e+00 
 4.99503710e-07  4.99503710e-07  4.99503710e-07  1.79990267e+00 
 4.99703710e-07  4.99703710e-07  4.99703710e-07  1.79990297e+00 
 4.99903710e-07  4.99903710e-07  4.99903710e-07  1.79990267e+00 
 5.00103710e-07  5.00103710e-07  5.00103710e-07  1.79990297e+00 
 5.00303710e-07  5.00303710e-07  5.00303710e-07  1.79990267e+00 
 5.00503710e-07  5.00503710e-07  5.00503710e-07  1.79990297e+00 
 5.00703710e-07  5.00703710e-07  5.00703710e-07  1.79990267e+00 
 5.00903710e-07  5.00903710e-07  5.00903710e-07  1.79990297e+00 
 5.01103710e-07  5.01103710e-07  5.01103710e-07  1.79990267e+00 
 5.01303710e-07  5.01303710e-07  5.01303710e-07  1.79990297e+00 
 5.01503710e-07  5.01503710e-07  5.01503710e-07  1.79990267e+00 
 5.01703710e-07  5.01703710e-07  5.01703710e-07  1.79990297e+00 
 5.01903710e-07  5.01903710e-07  5.01903710e-07  1.79990267e+00 
 5.02103710e-07  5.02103710e-07  5.02103710e-07  1.79990297e+00 
 5.02303710e-07  5.02303710e-07  5.02303710e-07  1.79990267e+00 
 5.02503710e-07  5.02503710e-07  5.02503710e-07  1.79990297e+00 
 5.02703710e-07  5.02703710e-07  5.02703710e-07  1.79990267e+00 
 5.02903710e-07  5.02903710e-07  5.02903710e-07  1.79990297e+00 
 5.03103710e-07  5.03103710e-07  5.03103710e-07  1.79990267e+00 
 5.03303710e-07  5.03303710e-07  5.03303710e-07  1.79990297e+00 
 5.03503710e-07  5.03503710e-07  5.03503710e-07  1.79990267e+00 
 5.03703710e-07  5.03703710e-07  5.03703710e-07  1.79990297e+00 
 5.03903710e-07  5.03903710e-07  5.03903710e-07  1.79990267e+00 
 5.04103710e-07  5.04103710e-07  5.04103710e-07  1.79990297e+00 
 5.04303710e-07  5.04303710e-07  5.04303710e-07  1.79990267e+00 
 5.04503710e-07  5.04503710e-07  5.04503710e-07  1.79990297e+00 
 5.04703710e-07  5.04703710e-07  5.04703710e-07  1.79990267e+00 
 5.04903710e-07  5.04903710e-07  5.04903710e-07  1.79990297e+00 
 5.05103710e-07  5.05103710e-07  5.05103710e-07  1.79990267e+00 
 5.05303710e-07  5.05303710e-07  5.05303710e-07  1.79990297e+00 
 5.05503710e-07  5.05503710e-07  5.05503710e-07  1.79990267e+00 
 5.05703710e-07  5.05703710e-07  5.05703710e-07  1.79990297e+00 
 5.05903710e-07  5.05903710e-07  5.05903710e-07  1.79990267e+00 
 5.06103710e-07  5.06103710e-07  5.06103710e-07  1.79990297e+00 
 5.06303710e-07  5.06303710e-07  5.06303710e-07  1.79990267e+00 
 5.06503710e-07  5.06503710e-07  5.06503710e-07  1.79990297e+00 
 5.06703710e-07  5.06703710e-07  5.06703710e-07  1.79990267e+00 
 5.06903710e-07  5.06903710e-07  5.06903710e-07  1.79990297e+00 
 5.07103710e-07  5.07103710e-07  5.07103710e-07  1.79990267e+00 
 5.07303710e-07  5.07303710e-07  5.07303710e-07  1.79990297e+00 
 5.07503710e-07  5.07503710e-07  5.07503710e-07  1.79990267e+00 
 5.07703710e-07  5.07703710e-07  5.07703710e-07  1.79990297e+00 
 5.07903710e-07  5.07903710e-07  5.07903710e-07  1.79990267e+00 
 5.08103710e-07  5.08103710e-07  5.08103710e-07  1.79990297e+00 
 5.08303710e-07  5.08303710e-07  5.08303710e-07  1.79990267e+00 
 5.08503710e-07  5.08503710e-07  5.08503710e-07  1.79990297e+00 
 5.08703710e-07  5.08703710e-07  5.08703710e-07  1.79990267e+00 
 5.08903710e-07  5.08903710e-07  5.08903710e-07  1.79990297e+00 
 5.09103710e-07  5.09103710e-07  5.09103710e-07  1.79990267e+00 
 5.09303710e-07  5.09303710e-07  5.09303710e-07  1.79990297e+00 
 5.09503710e-07  5.09503710e-07  5.09503710e-07  1.79990267e+00 
 5.09703710e-07  5.09703710e-07  5.09703710e-07  1.79990297e+00 
 5.09903710e-07  5.09903710e-07  5.09903710e-07  1.79990267e+00 
 5.10103710e-07  5.10103710e-07  5.10103710e-07  1.79990297e+00 
 5.10303710e-07  5.10303710e-07  5.10303710e-07  1.79990267e+00 
 5.10503710e-07  5.10503710e-07  5.10503710e-07  1.79990297e+00 
 5.10703710e-07  5.10703710e-07  5.10703710e-07  1.79990267e+00 
 5.10903710e-07  5.10903710e-07  5.10903710e-07  1.79990297e+00 
 5.11103710e-07  5.11103710e-07  5.11103710e-07  1.79990267e+00 
 5.11303710e-07  5.11303710e-07  5.11303710e-07  1.79990297e+00 
 5.11503710e-07  5.11503710e-07  5.11503710e-07  1.79990267e+00 
 5.11703710e-07  5.11703710e-07  5.11703710e-07  1.79990297e+00 
 5.11903710e-07  5.11903710e-07  5.11903710e-07  1.79990267e+00 
 5.12103710e-07  5.12103710e-07  5.12103710e-07  1.79990297e+00 
 5.12303710e-07  5.12303710e-07  5.12303710e-07  1.79990268e+00 
 5.12503710e-07  5.12503710e-07  5.12503710e-07  1.79990297e+00 
 5.12703710e-07  5.12703710e-07  5.12703710e-07  1.79990268e+00 
 5.12903710e-07  5.12903710e-07  5.12903710e-07  1.79990297e+00 
 5.13103710e-07  5.13103710e-07  5.13103710e-07  1.79990268e+00 
 5.13303710e-07  5.13303710e-07  5.13303710e-07  1.79990297e+00 
 5.13503710e-07  5.13503710e-07  5.13503710e-07  1.79990268e+00 
 5.13703710e-07  5.13703710e-07  5.13703710e-07  1.79990297e+00 
 5.13903710e-07  5.13903710e-07  5.13903710e-07  1.79990268e+00 
 5.14103710e-07  5.14103710e-07  5.14103710e-07  1.79990297e+00 
 5.14303710e-07  5.14303710e-07  5.14303710e-07  1.79990268e+00 
 5.14503710e-07  5.14503710e-07  5.14503710e-07  1.79990297e+00 
 5.14703710e-07  5.14703710e-07  5.14703710e-07  1.79990268e+00 
 5.14903710e-07  5.14903710e-07  5.14903710e-07  1.79990297e+00 
 5.15103710e-07  5.15103710e-07  5.15103710e-07  1.79990268e+00 
 5.15303710e-07  5.15303710e-07  5.15303710e-07  1.79990297e+00 
 5.15503710e-07  5.15503710e-07  5.15503710e-07  1.79990268e+00 
 5.15703710e-07  5.15703710e-07  5.15703710e-07  1.79990297e+00 
 5.15903710e-07  5.15903710e-07  5.15903710e-07  1.79990268e+00 
 5.16103710e-07  5.16103710e-07  5.16103710e-07  1.79990297e+00 
 5.16303710e-07  5.16303710e-07  5.16303710e-07  1.79990268e+00 
 5.16503710e-07  5.16503710e-07  5.16503710e-07  1.79990297e+00 
 5.16703710e-07  5.16703710e-07  5.16703710e-07  1.79990268e+00 
 5.16903710e-07  5.16903710e-07  5.16903710e-07  1.79990297e+00 
 5.17103710e-07  5.17103710e-07  5.17103710e-07  1.79990268e+00 
 5.17303710e-07  5.17303710e-07  5.17303710e-07  1.79990297e+00 
 5.17503710e-07  5.17503710e-07  5.17503710e-07  1.79990268e+00 
 5.17703710e-07  5.17703710e-07  5.17703710e-07  1.79990297e+00 
 5.17903710e-07  5.17903710e-07  5.17903710e-07  1.79990268e+00 
 5.18103710e-07  5.18103710e-07  5.18103710e-07  1.79990297e+00 
 5.18303710e-07  5.18303710e-07  5.18303710e-07  1.79990268e+00 
 5.18503710e-07  5.18503710e-07  5.18503710e-07  1.79990297e+00 
 5.18703710e-07  5.18703710e-07  5.18703710e-07  1.79990268e+00 
 5.18903710e-07  5.18903710e-07  5.18903710e-07  1.79990297e+00 
 5.19103710e-07  5.19103710e-07  5.19103710e-07  1.79990268e+00 
 5.19303710e-07  5.19303710e-07  5.19303710e-07  1.79990297e+00 
 5.19503710e-07  5.19503710e-07  5.19503710e-07  1.79990268e+00 
 5.19703710e-07  5.19703710e-07  5.19703710e-07  1.79990297e+00 
 5.19903710e-07  5.19903710e-07  5.19903710e-07  1.79990268e+00 
 5.20103710e-07  5.20103710e-07  5.20103710e-07  1.79990297e+00 
 5.20303710e-07  5.20303710e-07  5.20303710e-07  1.79990268e+00 
 5.20503710e-07  5.20503710e-07  5.20503710e-07  1.79990297e+00 
 5.20703710e-07  5.20703710e-07  5.20703710e-07  1.79990268e+00 
 5.20903710e-07  5.20903710e-07  5.20903710e-07  1.79990297e+00 
 5.21103710e-07  5.21103710e-07  5.21103710e-07  1.79990268e+00 
 5.21303710e-07  5.21303710e-07  5.21303710e-07  1.79990297e+00 
 5.21503710e-07  5.21503710e-07  5.21503710e-07  1.79990268e+00 
 5.21703710e-07  5.21703710e-07  5.21703710e-07  1.79990297e+00 
 5.21903710e-07  5.21903710e-07  5.21903710e-07  1.79990268e+00 
 5.22103710e-07  5.22103710e-07  5.22103710e-07  1.79990297e+00 
 5.22303710e-07  5.22303710e-07  5.22303710e-07  1.79990268e+00 
 5.22503710e-07  5.22503710e-07  5.22503710e-07  1.79990297e+00 
 5.22703710e-07  5.22703710e-07  5.22703710e-07  1.79990268e+00 
 5.22903710e-07  5.22903710e-07  5.22903710e-07  1.79990297e+00 
 5.23103710e-07  5.23103710e-07  5.23103710e-07  1.79990268e+00 
 5.23303710e-07  5.23303710e-07  5.23303710e-07  1.79990297e+00 
 5.23503710e-07  5.23503710e-07  5.23503710e-07  1.79990268e+00 
 5.23703710e-07  5.23703710e-07  5.23703710e-07  1.79990297e+00 
 5.23903710e-07  5.23903710e-07  5.23903710e-07  1.79990268e+00 
 5.24103710e-07  5.24103710e-07  5.24103710e-07  1.79990297e+00 
 5.24303710e-07  5.24303710e-07  5.24303710e-07  1.79990268e+00 
 5.24503710e-07  5.24503710e-07  5.24503710e-07  1.79990297e+00 
 5.24703710e-07  5.24703710e-07  5.24703710e-07  1.79990268e+00 
 5.24903710e-07  5.24903710e-07  5.24903710e-07  1.79990297e+00 
 5.25103710e-07  5.25103710e-07  5.25103710e-07  1.79990268e+00 
 5.25303710e-07  5.25303710e-07  5.25303710e-07  1.79990297e+00 
 5.25503710e-07  5.25503710e-07  5.25503710e-07  1.79990268e+00 
 5.25703710e-07  5.25703710e-07  5.25703710e-07  1.79990297e+00 
 5.25903710e-07  5.25903710e-07  5.25903710e-07  1.79990268e+00 
 5.26103710e-07  5.26103710e-07  5.26103710e-07  1.79990297e+00 
 5.26303710e-07  5.26303710e-07  5.26303710e-07  1.79990268e+00 
 5.26503710e-07  5.26503710e-07  5.26503710e-07  1.79990297e+00 
 5.26703710e-07  5.26703710e-07  5.26703710e-07  1.79990268e+00 
 5.26903710e-07  5.26903710e-07  5.26903710e-07  1.79990297e+00 
 5.27103710e-07  5.27103710e-07  5.27103710e-07  1.79990268e+00 
 5.27303710e-07  5.27303710e-07  5.27303710e-07  1.79990297e+00 
 5.27503710e-07  5.27503710e-07  5.27503710e-07  1.79990268e+00 
 5.27703710e-07  5.27703710e-07  5.27703710e-07  1.79990297e+00 
 5.27903710e-07  5.27903710e-07  5.27903710e-07  1.79990268e+00 
 5.28103710e-07  5.28103710e-07  5.28103710e-07  1.79990297e+00 
 5.28303710e-07  5.28303710e-07  5.28303710e-07  1.79990268e+00 
 5.28503710e-07  5.28503710e-07  5.28503710e-07  1.79990297e+00 
 5.28703710e-07  5.28703710e-07  5.28703710e-07  1.79990268e+00 
 5.28903710e-07  5.28903710e-07  5.28903710e-07  1.79990297e+00 
 5.29103710e-07  5.29103710e-07  5.29103710e-07  1.79990268e+00 
 5.29303710e-07  5.29303710e-07  5.29303710e-07  1.79990297e+00 
 5.29503710e-07  5.29503710e-07  5.29503710e-07  1.79990268e+00 
 5.29703710e-07  5.29703710e-07  5.29703710e-07  1.79990297e+00 
 5.29903710e-07  5.29903710e-07  5.29903710e-07  1.79990268e+00 
 5.30103710e-07  5.30103710e-07  5.30103710e-07  1.79990297e+00 
 5.30303710e-07  5.30303710e-07  5.30303710e-07  1.79990268e+00 
 5.30503710e-07  5.30503710e-07  5.30503710e-07  1.79990297e+00 
 5.30703710e-07  5.30703710e-07  5.30703710e-07  1.79990268e+00 
 5.30903710e-07  5.30903710e-07  5.30903710e-07  1.79990297e+00 
 5.31103710e-07  5.31103710e-07  5.31103710e-07  1.79990268e+00 
 5.31303710e-07  5.31303710e-07  5.31303710e-07  1.79990297e+00 
 5.31503710e-07  5.31503710e-07  5.31503710e-07  1.79990268e+00 
 5.31703710e-07  5.31703710e-07  5.31703710e-07  1.79990297e+00 
 5.31903710e-07  5.31903710e-07  5.31903710e-07  1.79990268e+00 
 5.32103710e-07  5.32103710e-07  5.32103710e-07  1.79990297e+00 
 5.32303710e-07  5.32303710e-07  5.32303710e-07  1.79990268e+00 
 5.32503710e-07  5.32503710e-07  5.32503710e-07  1.79990297e+00 
 5.32703710e-07  5.32703710e-07  5.32703710e-07  1.79990268e+00 
 5.32903710e-07  5.32903710e-07  5.32903710e-07  1.79990297e+00 
 5.33103710e-07  5.33103710e-07  5.33103710e-07  1.79990268e+00 
 5.33303710e-07  5.33303710e-07  5.33303710e-07  1.79990297e+00 
 5.33503710e-07  5.33503710e-07  5.33503710e-07  1.79990268e+00 
 5.33703710e-07  5.33703710e-07  5.33703710e-07  1.79990297e+00 
 5.33903710e-07  5.33903710e-07  5.33903710e-07  1.79990268e+00 
 5.34103710e-07  5.34103710e-07  5.34103710e-07  1.79990297e+00 
 5.34303710e-07  5.34303710e-07  5.34303710e-07  1.79990268e+00 
 5.34503710e-07  5.34503710e-07  5.34503710e-07  1.79990297e+00 
 5.34703710e-07  5.34703710e-07  5.34703710e-07  1.79990268e+00 
 5.34903710e-07  5.34903710e-07  5.34903710e-07  1.79990297e+00 
 5.35103710e-07  5.35103710e-07  5.35103710e-07  1.79990268e+00 
 5.35303710e-07  5.35303710e-07  5.35303710e-07  1.79990297e+00 
 5.35503710e-07  5.35503710e-07  5.35503710e-07  1.79990268e+00 
 5.35703710e-07  5.35703710e-07  5.35703710e-07  1.79990297e+00 
 5.35903710e-07  5.35903710e-07  5.35903710e-07  1.79990268e+00 
 5.36103710e-07  5.36103710e-07  5.36103710e-07  1.79990297e+00 
 5.36303710e-07  5.36303710e-07  5.36303710e-07  1.79990268e+00 
 5.36503710e-07  5.36503710e-07  5.36503710e-07  1.79990297e+00 
 5.36703710e-07  5.36703710e-07  5.36703710e-07  1.79990269e+00 
 5.36903710e-07  5.36903710e-07  5.36903710e-07  1.79990296e+00 
 5.37103710e-07  5.37103710e-07  5.37103710e-07  1.79990269e+00 
 5.37303710e-07  5.37303710e-07  5.37303710e-07  1.79990296e+00 
 5.37503710e-07  5.37503710e-07  5.37503710e-07  1.79990269e+00 
 5.37703710e-07  5.37703710e-07  5.37703710e-07  1.79990296e+00 
 5.37903710e-07  5.37903710e-07  5.37903710e-07  1.79990269e+00 
 5.38103710e-07  5.38103710e-07  5.38103710e-07  1.79990296e+00 
 5.38303710e-07  5.38303710e-07  5.38303710e-07  1.79990269e+00 
 5.38503710e-07  5.38503710e-07  5.38503710e-07  1.79990296e+00 
 5.38703710e-07  5.38703710e-07  5.38703710e-07  1.79990269e+00 
 5.38903710e-07  5.38903710e-07  5.38903710e-07  1.79990296e+00 
 5.39103710e-07  5.39103710e-07  5.39103710e-07  1.79990269e+00 
 5.39303710e-07  5.39303710e-07  5.39303710e-07  1.79990296e+00 
 5.39503710e-07  5.39503710e-07  5.39503710e-07  1.79990269e+00 
 5.39703710e-07  5.39703710e-07  5.39703710e-07  1.79990296e+00 
 5.39903710e-07  5.39903710e-07  5.39903710e-07  1.79990269e+00 
 5.40103710e-07  5.40103710e-07  5.40103710e-07  1.79990296e+00 
 5.40303710e-07  5.40303710e-07  5.40303710e-07  1.79990269e+00 
 5.40503710e-07  5.40503710e-07  5.40503710e-07  1.79990296e+00 
 5.40703710e-07  5.40703710e-07  5.40703710e-07  1.79990269e+00 
 5.40903710e-07  5.40903710e-07  5.40903710e-07  1.79990296e+00 
 5.41103710e-07  5.41103710e-07  5.41103710e-07  1.79990269e+00 
 5.41303710e-07  5.41303710e-07  5.41303710e-07  1.79990296e+00 
 5.41503710e-07  5.41503710e-07  5.41503710e-07  1.79990269e+00 
 5.41703710e-07  5.41703710e-07  5.41703710e-07  1.79990296e+00 
 5.41903710e-07  5.41903710e-07  5.41903710e-07  1.79990269e+00 
 5.42103710e-07  5.42103710e-07  5.42103710e-07  1.79990296e+00 
 5.42303710e-07  5.42303710e-07  5.42303710e-07  1.79990269e+00 
 5.42503710e-07  5.42503710e-07  5.42503710e-07  1.79990296e+00 
 5.42703710e-07  5.42703710e-07  5.42703710e-07  1.79990269e+00 
 5.42903710e-07  5.42903710e-07  5.42903710e-07  1.79990296e+00 
 5.43103710e-07  5.43103710e-07  5.43103710e-07  1.79990269e+00 
 5.43303710e-07  5.43303710e-07  5.43303710e-07  1.79990296e+00 
 5.43503710e-07  5.43503710e-07  5.43503710e-07  1.79990269e+00 
 5.43703710e-07  5.43703710e-07  5.43703710e-07  1.79990296e+00 
 5.43903710e-07  5.43903710e-07  5.43903710e-07  1.79990269e+00 
 5.44103710e-07  5.44103710e-07  5.44103710e-07  1.79990296e+00 
 5.44303710e-07  5.44303710e-07  5.44303710e-07  1.79990269e+00 
 5.44503710e-07  5.44503710e-07  5.44503710e-07  1.79990296e+00 
 5.44703710e-07  5.44703710e-07  5.44703710e-07  1.79990269e+00 
 5.44903710e-07  5.44903710e-07  5.44903710e-07  1.79990296e+00 
 5.45103710e-07  5.45103710e-07  5.45103710e-07  1.79990269e+00 
 5.45303710e-07  5.45303710e-07  5.45303710e-07  1.79990296e+00 
 5.45503710e-07  5.45503710e-07  5.45503710e-07  1.79990269e+00 
 5.45703710e-07  5.45703710e-07  5.45703710e-07  1.79990296e+00 
 5.45903710e-07  5.45903710e-07  5.45903710e-07  1.79990269e+00 
 5.46103710e-07  5.46103710e-07  5.46103710e-07  1.79990296e+00 
 5.46303710e-07  5.46303710e-07  5.46303710e-07  1.79990269e+00 
 5.46503710e-07  5.46503710e-07  5.46503710e-07  1.79990296e+00 
 5.46703710e-07  5.46703710e-07  5.46703710e-07  1.79990269e+00 
 5.46903710e-07  5.46903710e-07  5.46903710e-07  1.79990296e+00 
 5.47103710e-07  5.47103710e-07  5.47103710e-07  1.79990269e+00 
 5.47303710e-07  5.47303710e-07  5.47303710e-07  1.79990296e+00 
 5.47503710e-07  5.47503710e-07  5.47503710e-07  1.79990269e+00 
 5.47703710e-07  5.47703710e-07  5.47703710e-07  1.79990296e+00 
 5.47903710e-07  5.47903710e-07  5.47903710e-07  1.79990269e+00 
 5.48103710e-07  5.48103710e-07  5.48103710e-07  1.79990296e+00 
 5.48303710e-07  5.48303710e-07  5.48303710e-07  1.79990269e+00 
 5.48503710e-07  5.48503710e-07  5.48503710e-07  1.79990296e+00 
 5.48703710e-07  5.48703710e-07  5.48703710e-07  1.79990269e+00 
 5.48903710e-07  5.48903710e-07  5.48903710e-07  1.79990296e+00 
 5.49103710e-07  5.49103710e-07  5.49103710e-07  1.79990269e+00 
 5.49303710e-07  5.49303710e-07  5.49303710e-07  1.79990296e+00 
 5.49503710e-07  5.49503710e-07  5.49503710e-07  1.79990269e+00 
 5.49703710e-07  5.49703710e-07  5.49703710e-07  1.79990296e+00 
 5.49903710e-07  5.49903710e-07  5.49903710e-07  1.79990269e+00 
 5.50103710e-07  5.50103710e-07  5.50103710e-07  1.79990296e+00 
 5.50303710e-07  5.50303710e-07  5.50303710e-07  1.79990269e+00 
 5.50503710e-07  5.50503710e-07  5.50503710e-07  1.79990296e+00 
 5.50703710e-07  5.50703710e-07  5.50703710e-07  1.79990269e+00 
 5.50903710e-07  5.50903710e-07  5.50903710e-07  1.79990296e+00 
 5.51103710e-07  5.51103710e-07  5.51103710e-07  1.79990269e+00 
 5.51303710e-07  5.51303710e-07  5.51303710e-07  1.79990296e+00 
 5.51503710e-07  5.51503710e-07  5.51503710e-07  1.79990269e+00 
 5.51703710e-07  5.51703710e-07  5.51703710e-07  1.79990296e+00 
 5.51903710e-07  5.51903710e-07  5.51903710e-07  1.79990269e+00 
 5.52103710e-07  5.52103710e-07  5.52103710e-07  1.79990296e+00 
 5.52303710e-07  5.52303710e-07  5.52303710e-07  1.79990269e+00 
 5.52503710e-07  5.52503710e-07  5.52503710e-07  1.79990296e+00 
 5.52703710e-07  5.52703710e-07  5.52703710e-07  1.79990269e+00 
 5.52903710e-07  5.52903710e-07  5.52903710e-07  1.79990296e+00 
 5.53103710e-07  5.53103710e-07  5.53103710e-07  1.79990269e+00 
 5.53303710e-07  5.53303710e-07  5.53303710e-07  1.79990296e+00 
 5.53503710e-07  5.53503710e-07  5.53503710e-07  1.79990269e+00 
 5.53703710e-07  5.53703710e-07  5.53703710e-07  1.79990296e+00 
 5.53903710e-07  5.53903710e-07  5.53903710e-07  1.79990269e+00 
 5.54103710e-07  5.54103710e-07  5.54103710e-07  1.79990296e+00 
 5.54303710e-07  5.54303710e-07  5.54303710e-07  1.79990269e+00 
 5.54503710e-07  5.54503710e-07  5.54503710e-07  1.79990296e+00 
 5.54703710e-07  5.54703710e-07  5.54703710e-07  1.79990269e+00 
 5.54903710e-07  5.54903710e-07  5.54903710e-07  1.79990296e+00 
 5.55103710e-07  5.55103710e-07  5.55103710e-07  1.79990269e+00 
 5.55303710e-07  5.55303710e-07  5.55303710e-07  1.79990296e+00 
 5.55503710e-07  5.55503710e-07  5.55503710e-07  1.79990269e+00 
 5.55703710e-07  5.55703710e-07  5.55703710e-07  1.79990296e+00 
 5.55903710e-07  5.55903710e-07  5.55903710e-07  1.79990269e+00 
 5.56103710e-07  5.56103710e-07  5.56103710e-07  1.79990296e+00 
 5.56303710e-07  5.56303710e-07  5.56303710e-07  1.79990269e+00 
 5.56503710e-07  5.56503710e-07  5.56503710e-07  1.79990296e+00 
 5.56703710e-07  5.56703710e-07  5.56703710e-07  1.79990269e+00 
 5.56903710e-07  5.56903710e-07  5.56903710e-07  1.79990296e+00 
 5.57103710e-07  5.57103710e-07  5.57103710e-07  1.79990269e+00 
 5.57303710e-07  5.57303710e-07  5.57303710e-07  1.79990296e+00 
 5.57503710e-07  5.57503710e-07  5.57503710e-07  1.79990269e+00 
 5.57703710e-07  5.57703710e-07  5.57703710e-07  1.79990296e+00 
 5.57903710e-07  5.57903710e-07  5.57903710e-07  1.79990269e+00 
 5.58103710e-07  5.58103710e-07  5.58103710e-07  1.79990296e+00 
 5.58303710e-07  5.58303710e-07  5.58303710e-07  1.79990269e+00 
 5.58503710e-07  5.58503710e-07  5.58503710e-07  1.79990296e+00 
 5.58703710e-07  5.58703710e-07  5.58703710e-07  1.79990269e+00 
 5.58903710e-07  5.58903710e-07  5.58903710e-07  1.79990296e+00 
 5.59103710e-07  5.59103710e-07  5.59103710e-07  1.79990269e+00 
 5.59303710e-07  5.59303710e-07  5.59303710e-07  1.79990296e+00 
 5.59503710e-07  5.59503710e-07  5.59503710e-07  1.79990269e+00 
 5.59703710e-07  5.59703710e-07  5.59703710e-07  1.79990296e+00 
 5.59903710e-07  5.59903710e-07  5.59903710e-07  1.79990269e+00 
 5.60103710e-07  5.60103710e-07  5.60103710e-07  1.79990296e+00 
 5.60303710e-07  5.60303710e-07  5.60303710e-07  1.79990269e+00 
 5.60503710e-07  5.60503710e-07  5.60503710e-07  1.79990296e+00 
 5.60703710e-07  5.60703710e-07  5.60703710e-07  1.79990269e+00 
 5.60903710e-07  5.60903710e-07  5.60903710e-07  1.79990296e+00 
 5.61103710e-07  5.61103710e-07  5.61103710e-07  1.79990269e+00 
 5.61303710e-07  5.61303710e-07  5.61303710e-07  1.79990296e+00 
 5.61503710e-07  5.61503710e-07  5.61503710e-07  1.79990269e+00 
 5.61703710e-07  5.61703710e-07  5.61703710e-07  1.79990296e+00 
 5.61903710e-07  5.61903710e-07  5.61903710e-07  1.79990269e+00 
 5.62103710e-07  5.62103710e-07  5.62103710e-07  1.79990296e+00 
 5.62303710e-07  5.62303710e-07  5.62303710e-07  1.79990269e+00 
 5.62503710e-07  5.62503710e-07  5.62503710e-07  1.79990296e+00 
 5.62703710e-07  5.62703710e-07  5.62703710e-07  1.79990269e+00 
 5.62903710e-07  5.62903710e-07  5.62903710e-07  1.79990296e+00 
 5.63103710e-07  5.63103710e-07  5.63103710e-07  1.79990270e+00 
 5.63303710e-07  5.63303710e-07  5.63303710e-07  1.79990296e+00 
 5.63503710e-07  5.63503710e-07  5.63503710e-07  1.79990270e+00 
 5.63703710e-07  5.63703710e-07  5.63703710e-07  1.79990296e+00 
 5.63903710e-07  5.63903710e-07  5.63903710e-07  1.79990270e+00 
 5.64103710e-07  5.64103710e-07  5.64103710e-07  1.79990296e+00 
 5.64303710e-07  5.64303710e-07  5.64303710e-07  1.79990270e+00 
 5.64503710e-07  5.64503710e-07  5.64503710e-07  1.79990296e+00 
 5.64703710e-07  5.64703710e-07  5.64703710e-07  1.79990270e+00 
 5.64903710e-07  5.64903710e-07  5.64903710e-07  1.79990296e+00 
 5.65103710e-07  5.65103710e-07  5.65103710e-07  1.79990270e+00 
 5.65303710e-07  5.65303710e-07  5.65303710e-07  1.79990296e+00 
 5.65503710e-07  5.65503710e-07  5.65503710e-07  1.79990270e+00 
 5.65703710e-07  5.65703710e-07  5.65703710e-07  1.79990296e+00 
 5.65903710e-07  5.65903710e-07  5.65903710e-07  1.79990270e+00 
 5.66103710e-07  5.66103710e-07  5.66103710e-07  1.79990296e+00 
 5.66303710e-07  5.66303710e-07  5.66303710e-07  1.79990270e+00 
 5.66503710e-07  5.66503710e-07  5.66503710e-07  1.79990296e+00 
 5.66703710e-07  5.66703710e-07  5.66703710e-07  1.79990270e+00 
 5.66903710e-07  5.66903710e-07  5.66903710e-07  1.79990296e+00 
 5.67103710e-07  5.67103710e-07  5.67103710e-07  1.79990270e+00 
 5.67303710e-07  5.67303710e-07  5.67303710e-07  1.79990296e+00 
 5.67503710e-07  5.67503710e-07  5.67503710e-07  1.79990270e+00 
 5.67703710e-07  5.67703710e-07  5.67703710e-07  1.79990296e+00 
 5.67903710e-07  5.67903710e-07  5.67903710e-07  1.79990270e+00 
 5.68103710e-07  5.68103710e-07  5.68103710e-07  1.79990296e+00 
 5.68303710e-07  5.68303710e-07  5.68303710e-07  1.79990270e+00 
 5.68503710e-07  5.68503710e-07  5.68503710e-07  1.79990296e+00 
 5.68703710e-07  5.68703710e-07  5.68703710e-07  1.79990270e+00 
 5.68903710e-07  5.68903710e-07  5.68903710e-07  1.79990296e+00 
 5.69103710e-07  5.69103710e-07  5.69103710e-07  1.79990270e+00 
 5.69303710e-07  5.69303710e-07  5.69303710e-07  1.79990296e+00 
 5.69503710e-07  5.69503710e-07  5.69503710e-07  1.79990270e+00 
 5.69703710e-07  5.69703710e-07  5.69703710e-07  1.79990296e+00 
 5.69903710e-07  5.69903710e-07  5.69903710e-07  1.79990270e+00 
 5.70103710e-07  5.70103710e-07  5.70103710e-07  1.79990296e+00 
 5.70303710e-07  5.70303710e-07  5.70303710e-07  1.79990270e+00 
 5.70503710e-07  5.70503710e-07  5.70503710e-07  1.79990296e+00 
 5.70703710e-07  5.70703710e-07  5.70703710e-07  1.79990270e+00 
 5.70903710e-07  5.70903710e-07  5.70903710e-07  1.79990296e+00 
 5.71103710e-07  5.71103710e-07  5.71103710e-07  1.79990270e+00 
 5.71303710e-07  5.71303710e-07  5.71303710e-07  1.79990296e+00 
 5.71503710e-07  5.71503710e-07  5.71503710e-07  1.79990270e+00 
 5.71703710e-07  5.71703710e-07  5.71703710e-07  1.79990296e+00 
 5.71903710e-07  5.71903710e-07  5.71903710e-07  1.79990270e+00 
 5.72103710e-07  5.72103710e-07  5.72103710e-07  1.79990296e+00 
 5.72303710e-07  5.72303710e-07  5.72303710e-07  1.79990270e+00 
 5.72503710e-07  5.72503710e-07  5.72503710e-07  1.79990296e+00 
 5.72703710e-07  5.72703710e-07  5.72703710e-07  1.79990270e+00 
 5.72903710e-07  5.72903710e-07  5.72903710e-07  1.79990296e+00 
 5.73103710e-07  5.73103710e-07  5.73103710e-07  1.79990270e+00 
 5.73303710e-07  5.73303710e-07  5.73303710e-07  1.79990296e+00 
 5.73503710e-07  5.73503710e-07  5.73503710e-07  1.79990270e+00 
 5.73703710e-07  5.73703710e-07  5.73703710e-07  1.79990296e+00 
 5.73903710e-07  5.73903710e-07  5.73903710e-07  1.79990270e+00 
 5.74103710e-07  5.74103710e-07  5.74103710e-07  1.79990296e+00 
 5.74303710e-07  5.74303710e-07  5.74303710e-07  1.79990270e+00 
 5.74503710e-07  5.74503710e-07  5.74503710e-07  1.79990296e+00 
 5.74703710e-07  5.74703710e-07  5.74703710e-07  1.79990270e+00 
 5.74903710e-07  5.74903710e-07  5.74903710e-07  1.79990296e+00 
 5.75103710e-07  5.75103710e-07  5.75103710e-07  1.79990270e+00 
 5.75303710e-07  5.75303710e-07  5.75303710e-07  1.79990296e+00 
 5.75503710e-07  5.75503710e-07  5.75503710e-07  1.79990270e+00 
 5.75703710e-07  5.75703710e-07  5.75703710e-07  1.79990296e+00 
 5.75903710e-07  5.75903710e-07  5.75903710e-07  1.79990270e+00 
 5.76103710e-07  5.76103710e-07  5.76103710e-07  1.79990296e+00 
 5.76303710e-07  5.76303710e-07  5.76303710e-07  1.79990270e+00 
 5.76503710e-07  5.76503710e-07  5.76503710e-07  1.79990296e+00 
 5.76703710e-07  5.76703710e-07  5.76703710e-07  1.79990270e+00 
 5.76903710e-07  5.76903710e-07  5.76903710e-07  1.79990296e+00 
 5.77103710e-07  5.77103710e-07  5.77103710e-07  1.79990270e+00 
 5.77303710e-07  5.77303710e-07  5.77303710e-07  1.79990296e+00 
 5.77503710e-07  5.77503710e-07  5.77503710e-07  1.79990270e+00 
 5.77703710e-07  5.77703710e-07  5.77703710e-07  1.79990296e+00 
 5.77903710e-07  5.77903710e-07  5.77903710e-07  1.79990270e+00 
 5.78103710e-07  5.78103710e-07  5.78103710e-07  1.79990296e+00 
 5.78303710e-07  5.78303710e-07  5.78303710e-07  1.79990270e+00 
 5.78503710e-07  5.78503710e-07  5.78503710e-07  1.79990296e+00 
 5.78703710e-07  5.78703710e-07  5.78703710e-07  1.79990270e+00 
 5.78903710e-07  5.78903710e-07  5.78903710e-07  1.79990296e+00 
 5.79103710e-07  5.79103710e-07  5.79103710e-07  1.79990270e+00 
 5.79303710e-07  5.79303710e-07  5.79303710e-07  1.79990296e+00 
 5.79503710e-07  5.79503710e-07  5.79503710e-07  1.79990270e+00 
 5.79703710e-07  5.79703710e-07  5.79703710e-07  1.79990296e+00 
 5.79903710e-07  5.79903710e-07  5.79903710e-07  1.79990270e+00 
 5.80103710e-07  5.80103710e-07  5.80103710e-07  1.79990296e+00 
 5.80303710e-07  5.80303710e-07  5.80303710e-07  1.79990270e+00 
 5.80503710e-07  5.80503710e-07  5.80503710e-07  1.79990295e+00 
 5.80703710e-07  5.80703710e-07  5.80703710e-07  1.79990270e+00 
 5.80903710e-07  5.80903710e-07  5.80903710e-07  1.79990295e+00 
 5.81103710e-07  5.81103710e-07  5.81103710e-07  1.79990270e+00 
 5.81303710e-07  5.81303710e-07  5.81303710e-07  1.79990295e+00 
 5.81503710e-07  5.81503710e-07  5.81503710e-07  1.79990270e+00 
 5.81703710e-07  5.81703710e-07  5.81703710e-07  1.79990295e+00 
 5.81903710e-07  5.81903710e-07  5.81903710e-07  1.79990270e+00 
 5.82103710e-07  5.82103710e-07  5.82103710e-07  1.79990295e+00 
 5.82303710e-07  5.82303710e-07  5.82303710e-07  1.79990270e+00 
 5.82503710e-07  5.82503710e-07  5.82503710e-07  1.79990295e+00 
 5.82703710e-07  5.82703710e-07  5.82703710e-07  1.79990270e+00 
 5.82903710e-07  5.82903710e-07  5.82903710e-07  1.79990295e+00 
 5.83103710e-07  5.83103710e-07  5.83103710e-07  1.79990270e+00 
 5.83303710e-07  5.83303710e-07  5.83303710e-07  1.79990295e+00 
 5.83503710e-07  5.83503710e-07  5.83503710e-07  1.79990270e+00 
 5.83703710e-07  5.83703710e-07  5.83703710e-07  1.79990295e+00 
 5.83903710e-07  5.83903710e-07  5.83903710e-07  1.79990270e+00 
 5.84103710e-07  5.84103710e-07  5.84103710e-07  1.79990295e+00 
 5.84303710e-07  5.84303710e-07  5.84303710e-07  1.79990270e+00 
 5.84503710e-07  5.84503710e-07  5.84503710e-07  1.79990295e+00 
 5.84703710e-07  5.84703710e-07  5.84703710e-07  1.79990270e+00 
 5.84903710e-07  5.84903710e-07  5.84903710e-07  1.79990295e+00 
 5.85103710e-07  5.85103710e-07  5.85103710e-07  1.79990270e+00 
 5.85303710e-07  5.85303710e-07  5.85303710e-07  1.79990295e+00 
 5.85503710e-07  5.85503710e-07  5.85503710e-07  1.79990270e+00 
 5.85703710e-07  5.85703710e-07  5.85703710e-07  1.79990295e+00 
 5.85903710e-07  5.85903710e-07  5.85903710e-07  1.79990270e+00 
 5.86103710e-07  5.86103710e-07  5.86103710e-07  1.79990295e+00 
 5.86303710e-07  5.86303710e-07  5.86303710e-07  1.79990270e+00 
 5.86503710e-07  5.86503710e-07  5.86503710e-07  1.79990295e+00 
 5.86703710e-07  5.86703710e-07  5.86703710e-07  1.79990270e+00 
 5.86903710e-07  5.86903710e-07  5.86903710e-07  1.79990295e+00 
 5.87103710e-07  5.87103710e-07  5.87103710e-07  1.79990270e+00 
 5.87303710e-07  5.87303710e-07  5.87303710e-07  1.79990295e+00 
 5.87503710e-07  5.87503710e-07  5.87503710e-07  1.79990270e+00 
 5.87703710e-07  5.87703710e-07  5.87703710e-07  1.79990295e+00 
 5.87903710e-07  5.87903710e-07  5.87903710e-07  1.79990270e+00 
 5.88103710e-07  5.88103710e-07  5.88103710e-07  1.79990295e+00 
 5.88303710e-07  5.88303710e-07  5.88303710e-07  1.79990270e+00 
 5.88503710e-07  5.88503710e-07  5.88503710e-07  1.79990295e+00 
 5.88703710e-07  5.88703710e-07  5.88703710e-07  1.79990270e+00 
 5.88903710e-07  5.88903710e-07  5.88903710e-07  1.79990295e+00 
 5.89103710e-07  5.89103710e-07  5.89103710e-07  1.79990270e+00 
 5.89303710e-07  5.89303710e-07  5.89303710e-07  1.79990295e+00 
 5.89503710e-07  5.89503710e-07  5.89503710e-07  1.79990270e+00 
 5.89703710e-07  5.89703710e-07  5.89703710e-07  1.79990295e+00 
 5.89903710e-07  5.89903710e-07  5.89903710e-07  1.79990270e+00 
 5.90103710e-07  5.90103710e-07  5.90103710e-07  1.79990295e+00 
 5.90303710e-07  5.90303710e-07  5.90303710e-07  1.79990270e+00 
 5.90503710e-07  5.90503710e-07  5.90503710e-07  1.79990295e+00 
 5.90703710e-07  5.90703710e-07  5.90703710e-07  1.79990270e+00 
 5.90903710e-07  5.90903710e-07  5.90903710e-07  1.79990295e+00 
 5.91103710e-07  5.91103710e-07  5.91103710e-07  1.79990270e+00 
 5.91303710e-07  5.91303710e-07  5.91303710e-07  1.79990295e+00 
 5.91503710e-07  5.91503710e-07  5.91503710e-07  1.79990271e+00 
 5.91703710e-07  5.91703710e-07  5.91703710e-07  1.79990295e+00 
 5.91903710e-07  5.91903710e-07  5.91903710e-07  1.79990271e+00 
 5.92103710e-07  5.92103710e-07  5.92103710e-07  1.79990295e+00 
 5.92303710e-07  5.92303710e-07  5.92303710e-07  1.79990271e+00 
 5.92503710e-07  5.92503710e-07  5.92503710e-07  1.79990295e+00 
 5.92703710e-07  5.92703710e-07  5.92703710e-07  1.79990271e+00 
 5.92903710e-07  5.92903710e-07  5.92903710e-07  1.79990295e+00 
 5.93103710e-07  5.93103710e-07  5.93103710e-07  1.79990271e+00 
 5.93303710e-07  5.93303710e-07  5.93303710e-07  1.79990295e+00 
 5.93503710e-07  5.93503710e-07  5.93503710e-07  1.79990271e+00 
 5.93703710e-07  5.93703710e-07  5.93703710e-07  1.79990295e+00 
 5.93903710e-07  5.93903710e-07  5.93903710e-07  1.79990271e+00 
 5.94103710e-07  5.94103710e-07  5.94103710e-07  1.79990295e+00 
 5.94303710e-07  5.94303710e-07  5.94303710e-07  1.79990271e+00 
 5.94503710e-07  5.94503710e-07  5.94503710e-07  1.79990295e+00 
 5.94703710e-07  5.94703710e-07  5.94703710e-07  1.79990271e+00 
 5.94903710e-07  5.94903710e-07  5.94903710e-07  1.79990295e+00 
 5.95103710e-07  5.95103710e-07  5.95103710e-07  1.79990271e+00 
 5.95303710e-07  5.95303710e-07  5.95303710e-07  1.79990295e+00 
 5.95503710e-07  5.95503710e-07  5.95503710e-07  1.79990271e+00 
 5.95703710e-07  5.95703710e-07  5.95703710e-07  1.79990295e+00 
 5.95903710e-07  5.95903710e-07  5.95903710e-07  1.79990271e+00 
 5.96103710e-07  5.96103710e-07  5.96103710e-07  1.79990295e+00 
 5.96303710e-07  5.96303710e-07  5.96303710e-07  1.79990271e+00 
 5.96503710e-07  5.96503710e-07  5.96503710e-07  1.79990295e+00 
 5.96703710e-07  5.96703710e-07  5.96703710e-07  1.79990271e+00 
 5.96903710e-07  5.96903710e-07  5.96903710e-07  1.79990295e+00 
 5.97103710e-07  5.97103710e-07  5.97103710e-07  1.79990271e+00 
 5.97303710e-07  5.97303710e-07  5.97303710e-07  1.79990295e+00 
 5.97503710e-07  5.97503710e-07  5.97503710e-07  1.79990271e+00 
 5.97703710e-07  5.97703710e-07  5.97703710e-07  1.79990295e+00 
 5.97903710e-07  5.97903710e-07  5.97903710e-07  1.79990271e+00 
 5.98103710e-07  5.98103710e-07  5.98103710e-07  1.79990295e+00 
 5.98303710e-07  5.98303710e-07  5.98303710e-07  1.79990271e+00 
 5.98503710e-07  5.98503710e-07  5.98503710e-07  1.79990295e+00 
 5.98703710e-07  5.98703710e-07  5.98703710e-07  1.79990271e+00 
 5.98903710e-07  5.98903710e-07  5.98903710e-07  1.79990295e+00 
 5.99103710e-07  5.99103710e-07  5.99103710e-07  1.79990271e+00 
 5.99303710e-07  5.99303710e-07  5.99303710e-07  1.79990295e+00 
 5.99503710e-07  5.99503710e-07  5.99503710e-07  1.79990271e+00 
 5.99703710e-07  5.99703710e-07  5.99703710e-07  1.79990295e+00 
 5.99903710e-07  5.99903710e-07  5.99903710e-07  1.79990271e+00 
 6.00103710e-07  6.00103710e-07  6.00103710e-07  1.79990295e+00 
 6.00303710e-07  6.00303710e-07  6.00303710e-07  1.79990271e+00 
 6.00503710e-07  6.00503710e-07  6.00503710e-07  1.79990295e+00 
 6.00703710e-07  6.00703710e-07  6.00703710e-07  1.79990271e+00 
 6.00903710e-07  6.00903710e-07  6.00903710e-07  1.79990295e+00 
 6.01103710e-07  6.01103710e-07  6.01103710e-07  1.79990271e+00 
 6.01303710e-07  6.01303710e-07  6.01303710e-07  1.79990295e+00 
 6.01503710e-07  6.01503710e-07  6.01503710e-07  1.79990271e+00 
 6.01703710e-07  6.01703710e-07  6.01703710e-07  1.79990295e+00 
 6.01903710e-07  6.01903710e-07  6.01903710e-07  1.79990271e+00 
 6.02103710e-07  6.02103710e-07  6.02103710e-07  1.79990295e+00 
 6.02303710e-07  6.02303710e-07  6.02303710e-07  1.79990271e+00 
 6.02503710e-07  6.02503710e-07  6.02503710e-07  1.79990295e+00 
 6.02703710e-07  6.02703710e-07  6.02703710e-07  1.79990271e+00 
 6.02903710e-07  6.02903710e-07  6.02903710e-07  1.79990295e+00 
 6.03103710e-07  6.03103710e-07  6.03103710e-07  1.79990271e+00 
 6.03303710e-07  6.03303710e-07  6.03303710e-07  1.79990295e+00 
 6.03503710e-07  6.03503710e-07  6.03503710e-07  1.79990271e+00 
 6.03703710e-07  6.03703710e-07  6.03703710e-07  1.79990295e+00 
 6.03903710e-07  6.03903710e-07  6.03903710e-07  1.79990271e+00 
 6.04103710e-07  6.04103710e-07  6.04103710e-07  1.79990295e+00 
 6.04303710e-07  6.04303710e-07  6.04303710e-07  1.79990271e+00 
 6.04503710e-07  6.04503710e-07  6.04503710e-07  1.79990295e+00 
 6.04703710e-07  6.04703710e-07  6.04703710e-07  1.79990271e+00 
 6.04903710e-07  6.04903710e-07  6.04903710e-07  1.79990295e+00 
 6.05103710e-07  6.05103710e-07  6.05103710e-07  1.79990271e+00 
 6.05303710e-07  6.05303710e-07  6.05303710e-07  1.79990295e+00 
 6.05503710e-07  6.05503710e-07  6.05503710e-07  1.79990271e+00 
 6.05703710e-07  6.05703710e-07  6.05703710e-07  1.79990295e+00 
 6.05903710e-07  6.05903710e-07  6.05903710e-07  1.79990271e+00 
 6.06103710e-07  6.06103710e-07  6.06103710e-07  1.79990295e+00 
 6.06303710e-07  6.06303710e-07  6.06303710e-07  1.79990271e+00 
 6.06503710e-07  6.06503710e-07  6.06503710e-07  1.79990295e+00 
 6.06703710e-07  6.06703710e-07  6.06703710e-07  1.79990271e+00 
 6.06903710e-07  6.06903710e-07  6.06903710e-07  1.79990295e+00 
 6.07103710e-07  6.07103710e-07  6.07103710e-07  1.79990271e+00 
 6.07303710e-07  6.07303710e-07  6.07303710e-07  1.79990295e+00 
 6.07503710e-07  6.07503710e-07  6.07503710e-07  1.79990271e+00 
 6.07703710e-07  6.07703710e-07  6.07703710e-07  1.79990295e+00 
 6.07903710e-07  6.07903710e-07  6.07903710e-07  1.79990271e+00 
 6.08103710e-07  6.08103710e-07  6.08103710e-07  1.79990295e+00 
 6.08303710e-07  6.08303710e-07  6.08303710e-07  1.79990271e+00 
 6.08503710e-07  6.08503710e-07  6.08503710e-07  1.79990295e+00 
 6.08703710e-07  6.08703710e-07  6.08703710e-07  1.79990271e+00 
 6.08903710e-07  6.08903710e-07  6.08903710e-07  1.79990295e+00 
 6.09103710e-07  6.09103710e-07  6.09103710e-07  1.79990271e+00 
 6.09303710e-07  6.09303710e-07  6.09303710e-07  1.79990295e+00 
 6.09503710e-07  6.09503710e-07  6.09503710e-07  1.79990271e+00 
 6.09703710e-07  6.09703710e-07  6.09703710e-07  1.79990295e+00 
 6.09903710e-07  6.09903710e-07  6.09903710e-07  1.79990271e+00 
 6.10103710e-07  6.10103710e-07  6.10103710e-07  1.79990295e+00 
 6.10303710e-07  6.10303710e-07  6.10303710e-07  1.79990271e+00 
 6.10503710e-07  6.10503710e-07  6.10503710e-07  1.79990295e+00 
 6.10703710e-07  6.10703710e-07  6.10703710e-07  1.79990271e+00 
 6.10903710e-07  6.10903710e-07  6.10903710e-07  1.79990295e+00 
 6.11103710e-07  6.11103710e-07  6.11103710e-07  1.79990271e+00 
 6.11303710e-07  6.11303710e-07  6.11303710e-07  1.79990295e+00 
 6.11503710e-07  6.11503710e-07  6.11503710e-07  1.79990271e+00 
 6.11703710e-07  6.11703710e-07  6.11703710e-07  1.79990295e+00 
 6.11903710e-07  6.11903710e-07  6.11903710e-07  1.79990271e+00 
 6.12103710e-07  6.12103710e-07  6.12103710e-07  1.79990295e+00 
 6.12303710e-07  6.12303710e-07  6.12303710e-07  1.79990271e+00 
 6.12503710e-07  6.12503710e-07  6.12503710e-07  1.79990295e+00 
 6.12703710e-07  6.12703710e-07  6.12703710e-07  1.79990271e+00 
 6.12903710e-07  6.12903710e-07  6.12903710e-07  1.79990295e+00 
 6.13103710e-07  6.13103710e-07  6.13103710e-07  1.79990271e+00 
 6.13303710e-07  6.13303710e-07  6.13303710e-07  1.79990295e+00 
 6.13503710e-07  6.13503710e-07  6.13503710e-07  1.79990271e+00 
 6.13703710e-07  6.13703710e-07  6.13703710e-07  1.79990295e+00 
 6.13903710e-07  6.13903710e-07  6.13903710e-07  1.79990271e+00 
 6.14103710e-07  6.14103710e-07  6.14103710e-07  1.79990295e+00 
 6.14303710e-07  6.14303710e-07  6.14303710e-07  1.79990271e+00 
 6.14503710e-07  6.14503710e-07  6.14503710e-07  1.79990295e+00 
 6.14703710e-07  6.14703710e-07  6.14703710e-07  1.79990271e+00 
 6.14903710e-07  6.14903710e-07  6.14903710e-07  1.79990295e+00 
 6.15103710e-07  6.15103710e-07  6.15103710e-07  1.79990271e+00 
 6.15303710e-07  6.15303710e-07  6.15303710e-07  1.79990295e+00 
 6.15503710e-07  6.15503710e-07  6.15503710e-07  1.79990271e+00 
 6.15703710e-07  6.15703710e-07  6.15703710e-07  1.79990295e+00 
 6.15903710e-07  6.15903710e-07  6.15903710e-07  1.79990271e+00 
 6.16103710e-07  6.16103710e-07  6.16103710e-07  1.79990295e+00 
 6.16303710e-07  6.16303710e-07  6.16303710e-07  1.79990271e+00 
 6.16503710e-07  6.16503710e-07  6.16503710e-07  1.79990295e+00 
 6.16703710e-07  6.16703710e-07  6.16703710e-07  1.79990271e+00 
 6.16903710e-07  6.16903710e-07  6.16903710e-07  1.79990295e+00 
 6.17103710e-07  6.17103710e-07  6.17103710e-07  1.79990271e+00 
 6.17303710e-07  6.17303710e-07  6.17303710e-07  1.79990295e+00 
 6.17503710e-07  6.17503710e-07  6.17503710e-07  1.79990271e+00 
 6.17703710e-07  6.17703710e-07  6.17703710e-07  1.79990295e+00 
 6.17903710e-07  6.17903710e-07  6.17903710e-07  1.79990271e+00 
 6.18103710e-07  6.18103710e-07  6.18103710e-07  1.79990295e+00 
 6.18303710e-07  6.18303710e-07  6.18303710e-07  1.79990271e+00 
 6.18503710e-07  6.18503710e-07  6.18503710e-07  1.79990295e+00 
 6.18703710e-07  6.18703710e-07  6.18703710e-07  1.79990271e+00 
 6.18903710e-07  6.18903710e-07  6.18903710e-07  1.79990295e+00 
 6.19103710e-07  6.19103710e-07  6.19103710e-07  1.79990271e+00 
 6.19303710e-07  6.19303710e-07  6.19303710e-07  1.79990295e+00 
 6.19503710e-07  6.19503710e-07  6.19503710e-07  1.79990271e+00 
 6.19703710e-07  6.19703710e-07  6.19703710e-07  1.79990295e+00 
 6.19903710e-07  6.19903710e-07  6.19903710e-07  1.79990271e+00 
 6.20103710e-07  6.20103710e-07  6.20103710e-07  1.79990295e+00 
 6.20303710e-07  6.20303710e-07  6.20303710e-07  1.79990271e+00 
 6.20503710e-07  6.20503710e-07  6.20503710e-07  1.79990295e+00 
 6.20703710e-07  6.20703710e-07  6.20703710e-07  1.79990271e+00 
 6.20903710e-07  6.20903710e-07  6.20903710e-07  1.79990295e+00 
 6.21103710e-07  6.21103710e-07  6.21103710e-07  1.79990271e+00 
 6.21303710e-07  6.21303710e-07  6.21303710e-07  1.79990295e+00 
 6.21503710e-07  6.21503710e-07  6.21503710e-07  1.79990271e+00 
 6.21703710e-07  6.21703710e-07  6.21703710e-07  1.79990295e+00 
 6.21903710e-07  6.21903710e-07  6.21903710e-07  1.79990271e+00 
 6.22103710e-07  6.22103710e-07  6.22103710e-07  1.79990295e+00 
 6.22303710e-07  6.22303710e-07  6.22303710e-07  1.79990271e+00 
 6.22503710e-07  6.22503710e-07  6.22503710e-07  1.79990295e+00 
 6.22703710e-07  6.22703710e-07  6.22703710e-07  1.79990272e+00 
 6.22903710e-07  6.22903710e-07  6.22903710e-07  1.79990295e+00 
 6.23103710e-07  6.23103710e-07  6.23103710e-07  1.79990272e+00 
 6.23303710e-07  6.23303710e-07  6.23303710e-07  1.79990295e+00 
 6.23503710e-07  6.23503710e-07  6.23503710e-07  1.79990272e+00 
 6.23703710e-07  6.23703710e-07  6.23703710e-07  1.79990295e+00 
 6.23903710e-07  6.23903710e-07  6.23903710e-07  1.79990272e+00 
 6.24103710e-07  6.24103710e-07  6.24103710e-07  1.79990295e+00 
 6.24303710e-07  6.24303710e-07  6.24303710e-07  1.79990272e+00 
 6.24503710e-07  6.24503710e-07  6.24503710e-07  1.79990295e+00 
 6.24703710e-07  6.24703710e-07  6.24703710e-07  1.79990272e+00 
 6.24903710e-07  6.24903710e-07  6.24903710e-07  1.79990295e+00 
 6.25103710e-07  6.25103710e-07  6.25103710e-07  1.79990272e+00 
 6.25303710e-07  6.25303710e-07  6.25303710e-07  1.79990295e+00 
 6.25503710e-07  6.25503710e-07  6.25503710e-07  1.79990272e+00 
 6.25703710e-07  6.25703710e-07  6.25703710e-07  1.79990295e+00 
 6.25903710e-07  6.25903710e-07  6.25903710e-07  1.79990272e+00 
 6.26103710e-07  6.26103710e-07  6.26103710e-07  1.79990295e+00 
 6.26303710e-07  6.26303710e-07  6.26303710e-07  1.79990272e+00 
 6.26503710e-07  6.26503710e-07  6.26503710e-07  1.79990295e+00 
 6.26703710e-07  6.26703710e-07  6.26703710e-07  1.79990272e+00 
 6.26903710e-07  6.26903710e-07  6.26903710e-07  1.79990294e+00 
 6.27103710e-07  6.27103710e-07  6.27103710e-07  1.79990272e+00 
 6.27303710e-07  6.27303710e-07  6.27303710e-07  1.79990294e+00 
 6.27503710e-07  6.27503710e-07  6.27503710e-07  1.79990272e+00 
 6.27703710e-07  6.27703710e-07  6.27703710e-07  1.79990294e+00 
 6.27903710e-07  6.27903710e-07  6.27903710e-07  1.79990272e+00 
 6.28103710e-07  6.28103710e-07  6.28103710e-07  1.79990294e+00 
 6.28303710e-07  6.28303710e-07  6.28303710e-07  1.79990272e+00 
 6.28503710e-07  6.28503710e-07  6.28503710e-07  1.79990294e+00 
 6.28703710e-07  6.28703710e-07  6.28703710e-07  1.79990272e+00 
 6.28903710e-07  6.28903710e-07  6.28903710e-07  1.79990294e+00 
 6.29103710e-07  6.29103710e-07  6.29103710e-07  1.79990272e+00 
 6.29303710e-07  6.29303710e-07  6.29303710e-07  1.79990294e+00 
 6.29503710e-07  6.29503710e-07  6.29503710e-07  1.79990272e+00 
 6.29703710e-07  6.29703710e-07  6.29703710e-07  1.79990294e+00 
 6.29903710e-07  6.29903710e-07  6.29903710e-07  1.79990272e+00 
 6.30103710e-07  6.30103710e-07  6.30103710e-07  1.79990294e+00 
 6.30303710e-07  6.30303710e-07  6.30303710e-07  1.79990272e+00 
 6.30503710e-07  6.30503710e-07  6.30503710e-07  1.79990294e+00 
 6.30703710e-07  6.30703710e-07  6.30703710e-07  1.79990272e+00 
 6.30903710e-07  6.30903710e-07  6.30903710e-07  1.79990294e+00 
 6.31103710e-07  6.31103710e-07  6.31103710e-07  1.79990272e+00 
 6.31303710e-07  6.31303710e-07  6.31303710e-07  1.79990294e+00 
 6.31503710e-07  6.31503710e-07  6.31503710e-07  1.79990272e+00 
 6.31703710e-07  6.31703710e-07  6.31703710e-07  1.79990294e+00 
 6.31903710e-07  6.31903710e-07  6.31903710e-07  1.79990272e+00 
 6.32103710e-07  6.32103710e-07  6.32103710e-07  1.79990294e+00 
 6.32303710e-07  6.32303710e-07  6.32303710e-07  1.79990272e+00 
 6.32503710e-07  6.32503710e-07  6.32503710e-07  1.79990294e+00 
 6.32703710e-07  6.32703710e-07  6.32703710e-07  1.79990272e+00 
 6.32903710e-07  6.32903710e-07  6.32903710e-07  1.79990294e+00 
 6.33103710e-07  6.33103710e-07  6.33103710e-07  1.79990272e+00 
 6.33303710e-07  6.33303710e-07  6.33303710e-07  1.79990294e+00 
 6.33503710e-07  6.33503710e-07  6.33503710e-07  1.79990272e+00 
 6.33703710e-07  6.33703710e-07  6.33703710e-07  1.79990294e+00 
 6.33903710e-07  6.33903710e-07  6.33903710e-07  1.79990272e+00 
 6.34103710e-07  6.34103710e-07  6.34103710e-07  1.79990294e+00 
 6.34303710e-07  6.34303710e-07  6.34303710e-07  1.79990272e+00 
 6.34503710e-07  6.34503710e-07  6.34503710e-07  1.79990294e+00 
 6.34703710e-07  6.34703710e-07  6.34703710e-07  1.79990272e+00 
 6.34903710e-07  6.34903710e-07  6.34903710e-07  1.79990294e+00 
 6.35103710e-07  6.35103710e-07  6.35103710e-07  1.79990272e+00 
 6.35303710e-07  6.35303710e-07  6.35303710e-07  1.79990294e+00 
 6.35503710e-07  6.35503710e-07  6.35503710e-07  1.79990272e+00 
 6.35703710e-07  6.35703710e-07  6.35703710e-07  1.79990294e+00 
 6.35903710e-07  6.35903710e-07  6.35903710e-07  1.79990272e+00 
 6.36103710e-07  6.36103710e-07  6.36103710e-07  1.79990294e+00 
 6.36303710e-07  6.36303710e-07  6.36303710e-07  1.79990272e+00 
 6.36503710e-07  6.36503710e-07  6.36503710e-07  1.79990294e+00 
 6.36703710e-07  6.36703710e-07  6.36703710e-07  1.79990272e+00 
 6.36903710e-07  6.36903710e-07  6.36903710e-07  1.79990294e+00 
 6.37103710e-07  6.37103710e-07  6.37103710e-07  1.79990272e+00 
 6.37303710e-07  6.37303710e-07  6.37303710e-07  1.79990294e+00 
 6.37503710e-07  6.37503710e-07  6.37503710e-07  1.79990272e+00 
 6.37703710e-07  6.37703710e-07  6.37703710e-07  1.79990294e+00 
 6.37903710e-07  6.37903710e-07  6.37903710e-07  1.79990272e+00 
 6.38103710e-07  6.38103710e-07  6.38103710e-07  1.79990294e+00 
 6.38303710e-07  6.38303710e-07  6.38303710e-07  1.79990272e+00 
 6.38503710e-07  6.38503710e-07  6.38503710e-07  1.79990294e+00 
 6.38703710e-07  6.38703710e-07  6.38703710e-07  1.79990272e+00 
 6.38903710e-07  6.38903710e-07  6.38903710e-07  1.79990294e+00 
 6.39103710e-07  6.39103710e-07  6.39103710e-07  1.79990272e+00 
 6.39303710e-07  6.39303710e-07  6.39303710e-07  1.79990294e+00 
 6.39503710e-07  6.39503710e-07  6.39503710e-07  1.79990272e+00 
 6.39703710e-07  6.39703710e-07  6.39703710e-07  1.79990294e+00 
 6.39903710e-07  6.39903710e-07  6.39903710e-07  1.79990272e+00 
 6.40103710e-07  6.40103710e-07  6.40103710e-07  1.79990294e+00 
 6.40303710e-07  6.40303710e-07  6.40303710e-07  1.79990272e+00 
 6.40503710e-07  6.40503710e-07  6.40503710e-07  1.79990294e+00 
 6.40703710e-07  6.40703710e-07  6.40703710e-07  1.79990272e+00 
 6.40903710e-07  6.40903710e-07  6.40903710e-07  1.79990294e+00 
 6.41103710e-07  6.41103710e-07  6.41103710e-07  1.79990272e+00 
 6.41303710e-07  6.41303710e-07  6.41303710e-07  1.79990294e+00 
 6.41503710e-07  6.41503710e-07  6.41503710e-07  1.79990272e+00 
 6.41703710e-07  6.41703710e-07  6.41703710e-07  1.79990294e+00 
 6.41903710e-07  6.41903710e-07  6.41903710e-07  1.79990272e+00 
 6.42103710e-07  6.42103710e-07  6.42103710e-07  1.79990294e+00 
 6.42303710e-07  6.42303710e-07  6.42303710e-07  1.79990272e+00 
 6.42503710e-07  6.42503710e-07  6.42503710e-07  1.79990294e+00 
 6.42703710e-07  6.42703710e-07  6.42703710e-07  1.79990272e+00 
 6.42903710e-07  6.42903710e-07  6.42903710e-07  1.79990294e+00 
 6.43103710e-07  6.43103710e-07  6.43103710e-07  1.79990272e+00 
 6.43303710e-07  6.43303710e-07  6.43303710e-07  1.79990294e+00 
 6.43503710e-07  6.43503710e-07  6.43503710e-07  1.79990272e+00 
 6.43703710e-07  6.43703710e-07  6.43703710e-07  1.79990294e+00 
 6.43903710e-07  6.43903710e-07  6.43903710e-07  1.79990272e+00 
 6.44103710e-07  6.44103710e-07  6.44103710e-07  1.79990294e+00 
 6.44303710e-07  6.44303710e-07  6.44303710e-07  1.79990272e+00 
 6.44503710e-07  6.44503710e-07  6.44503710e-07  1.79990294e+00 
 6.44703710e-07  6.44703710e-07  6.44703710e-07  1.79990272e+00 
 6.44903710e-07  6.44903710e-07  6.44903710e-07  1.79990294e+00 
 6.45103710e-07  6.45103710e-07  6.45103710e-07  1.79990272e+00 
 6.45303710e-07  6.45303710e-07  6.45303710e-07  1.79990294e+00 
 6.45503710e-07  6.45503710e-07  6.45503710e-07  1.79990272e+00 
 6.45703710e-07  6.45703710e-07  6.45703710e-07  1.79990294e+00 
 6.45903710e-07  6.45903710e-07  6.45903710e-07  1.79990272e+00 
 6.46103710e-07  6.46103710e-07  6.46103710e-07  1.79990294e+00 
 6.46303710e-07  6.46303710e-07  6.46303710e-07  1.79990272e+00 
 6.46503710e-07  6.46503710e-07  6.46503710e-07  1.79990294e+00 
 6.46703710e-07  6.46703710e-07  6.46703710e-07  1.79990272e+00 
 6.46903710e-07  6.46903710e-07  6.46903710e-07  1.79990294e+00 
 6.47103710e-07  6.47103710e-07  6.47103710e-07  1.79990272e+00 
 6.47303710e-07  6.47303710e-07  6.47303710e-07  1.79990294e+00 
 6.47503710e-07  6.47503710e-07  6.47503710e-07  1.79990272e+00 
 6.47703710e-07  6.47703710e-07  6.47703710e-07  1.79990294e+00 
 6.47903710e-07  6.47903710e-07  6.47903710e-07  1.79990272e+00 
 6.48103710e-07  6.48103710e-07  6.48103710e-07  1.79990294e+00 
 6.48303710e-07  6.48303710e-07  6.48303710e-07  1.79990272e+00 
 6.48503710e-07  6.48503710e-07  6.48503710e-07  1.79990294e+00 
 6.48703710e-07  6.48703710e-07  6.48703710e-07  1.79990272e+00 
 6.48903710e-07  6.48903710e-07  6.48903710e-07  1.79990294e+00 
 6.49103710e-07  6.49103710e-07  6.49103710e-07  1.79990272e+00 
 6.49303710e-07  6.49303710e-07  6.49303710e-07  1.79990294e+00 
 6.49503710e-07  6.49503710e-07  6.49503710e-07  1.79990272e+00 
 6.49703710e-07  6.49703710e-07  6.49703710e-07  1.79990294e+00 
 6.49903710e-07  6.49903710e-07  6.49903710e-07  1.79990272e+00 
 6.50103710e-07  6.50103710e-07  6.50103710e-07  1.79990294e+00 
 6.50303710e-07  6.50303710e-07  6.50303710e-07  1.79990272e+00 
 6.50503710e-07  6.50503710e-07  6.50503710e-07  1.79990294e+00 
 6.50703710e-07  6.50703710e-07  6.50703710e-07  1.79990272e+00 
 6.50903710e-07  6.50903710e-07  6.50903710e-07  1.79990294e+00 
 6.51103710e-07  6.51103710e-07  6.51103710e-07  1.79990272e+00 
 6.51303710e-07  6.51303710e-07  6.51303710e-07  1.79990294e+00 
 6.51503710e-07  6.51503710e-07  6.51503710e-07  1.79990272e+00 
 6.51703710e-07  6.51703710e-07  6.51703710e-07  1.79990294e+00 
 6.51903710e-07  6.51903710e-07  6.51903710e-07  1.79990272e+00 
 6.52103710e-07  6.52103710e-07  6.52103710e-07  1.79990294e+00 
 6.52303710e-07  6.52303710e-07  6.52303710e-07  1.79990272e+00 
 6.52503710e-07  6.52503710e-07  6.52503710e-07  1.79990294e+00 
 6.52703710e-07  6.52703710e-07  6.52703710e-07  1.79990272e+00 
 6.52903710e-07  6.52903710e-07  6.52903710e-07  1.79990294e+00 
 6.53103710e-07  6.53103710e-07  6.53103710e-07  1.79990272e+00 
 6.53303710e-07  6.53303710e-07  6.53303710e-07  1.79990294e+00 
 6.53503710e-07  6.53503710e-07  6.53503710e-07  1.79990272e+00 
 6.53703710e-07  6.53703710e-07  6.53703710e-07  1.79990294e+00 
 6.53903710e-07  6.53903710e-07  6.53903710e-07  1.79990272e+00 
 6.54103710e-07  6.54103710e-07  6.54103710e-07  1.79990294e+00 
 6.54303710e-07  6.54303710e-07  6.54303710e-07  1.79990272e+00 
 6.54503710e-07  6.54503710e-07  6.54503710e-07  1.79990294e+00 
 6.54703710e-07  6.54703710e-07  6.54703710e-07  1.79990272e+00 
 6.54903710e-07  6.54903710e-07  6.54903710e-07  1.79990294e+00 
 6.55103710e-07  6.55103710e-07  6.55103710e-07  1.79990272e+00 
 6.55303710e-07  6.55303710e-07  6.55303710e-07  1.79990294e+00 
 6.55503710e-07  6.55503710e-07  6.55503710e-07  1.79990272e+00 
 6.55703710e-07  6.55703710e-07  6.55703710e-07  1.79990294e+00 
 6.55903710e-07  6.55903710e-07  6.55903710e-07  1.79990272e+00 
 6.56103710e-07  6.56103710e-07  6.56103710e-07  1.79990294e+00 
 6.56303710e-07  6.56303710e-07  6.56303710e-07  1.79990273e+00 
 6.56503710e-07  6.56503710e-07  6.56503710e-07  1.79990294e+00 
 6.56703710e-07  6.56703710e-07  6.56703710e-07  1.79990273e+00 
 6.56903710e-07  6.56903710e-07  6.56903710e-07  1.79990294e+00 
 6.57103710e-07  6.57103710e-07  6.57103710e-07  1.79990273e+00 
 6.57303710e-07  6.57303710e-07  6.57303710e-07  1.79990294e+00 
 6.57503710e-07  6.57503710e-07  6.57503710e-07  1.79990273e+00 
 6.57703710e-07  6.57703710e-07  6.57703710e-07  1.79990294e+00 
 6.57903710e-07  6.57903710e-07  6.57903710e-07  1.79990273e+00 
 6.58103710e-07  6.58103710e-07  6.58103710e-07  1.79990294e+00 
 6.58303710e-07  6.58303710e-07  6.58303710e-07  1.79990273e+00 
 6.58503710e-07  6.58503710e-07  6.58503710e-07  1.79990294e+00 
 6.58703710e-07  6.58703710e-07  6.58703710e-07  1.79990273e+00 
 6.58903710e-07  6.58903710e-07  6.58903710e-07  1.79990294e+00 
 6.59103710e-07  6.59103710e-07  6.59103710e-07  1.79990273e+00 
 6.59303710e-07  6.59303710e-07  6.59303710e-07  1.79990294e+00 
 6.59503710e-07  6.59503710e-07  6.59503710e-07  1.79990273e+00 
 6.59703710e-07  6.59703710e-07  6.59703710e-07  1.79990294e+00 
 6.59903710e-07  6.59903710e-07  6.59903710e-07  1.79990273e+00 
 6.60103710e-07  6.60103710e-07  6.60103710e-07  1.79990294e+00 
 6.60303710e-07  6.60303710e-07  6.60303710e-07  1.79990273e+00 
 6.60503710e-07  6.60503710e-07  6.60503710e-07  1.79990294e+00 
 6.60703710e-07  6.60703710e-07  6.60703710e-07  1.79990273e+00 
 6.60903710e-07  6.60903710e-07  6.60903710e-07  1.79990294e+00 
 6.61103710e-07  6.61103710e-07  6.61103710e-07  1.79990273e+00 
 6.61303710e-07  6.61303710e-07  6.61303710e-07  1.79990294e+00 
 6.61503710e-07  6.61503710e-07  6.61503710e-07  1.79990273e+00 
 6.61703710e-07  6.61703710e-07  6.61703710e-07  1.79990294e+00 
 6.61903710e-07  6.61903710e-07  6.61903710e-07  1.79990273e+00 
 6.62103710e-07  6.62103710e-07  6.62103710e-07  1.79990294e+00 
 6.62303710e-07  6.62303710e-07  6.62303710e-07  1.79990273e+00 
 6.62503710e-07  6.62503710e-07  6.62503710e-07  1.79990294e+00 
 6.62703710e-07  6.62703710e-07  6.62703710e-07  1.79990273e+00 
 6.62903710e-07  6.62903710e-07  6.62903710e-07  1.79990294e+00 
 6.63103710e-07  6.63103710e-07  6.63103710e-07  1.79990273e+00 
 6.63303710e-07  6.63303710e-07  6.63303710e-07  1.79990294e+00 
 6.63503710e-07  6.63503710e-07  6.63503710e-07  1.79990273e+00 
 6.63703710e-07  6.63703710e-07  6.63703710e-07  1.79990294e+00 
 6.63903710e-07  6.63903710e-07  6.63903710e-07  1.79990273e+00 
 6.64103710e-07  6.64103710e-07  6.64103710e-07  1.79990294e+00 
 6.64303710e-07  6.64303710e-07  6.64303710e-07  1.79990273e+00 
 6.64503710e-07  6.64503710e-07  6.64503710e-07  1.79990294e+00 
 6.64703710e-07  6.64703710e-07  6.64703710e-07  1.79990273e+00 
 6.64903710e-07  6.64903710e-07  6.64903710e-07  1.79990294e+00 
 6.65103710e-07  6.65103710e-07  6.65103710e-07  1.79990273e+00 
 6.65303710e-07  6.65303710e-07  6.65303710e-07  1.79990294e+00 
 6.65503710e-07  6.65503710e-07  6.65503710e-07  1.79990273e+00 
 6.65703710e-07  6.65703710e-07  6.65703710e-07  1.79990294e+00 
 6.65903710e-07  6.65903710e-07  6.65903710e-07  1.79990273e+00 
 6.66103710e-07  6.66103710e-07  6.66103710e-07  1.79990294e+00 
 6.66303710e-07  6.66303710e-07  6.66303710e-07  1.79990273e+00 
 6.66503710e-07  6.66503710e-07  6.66503710e-07  1.79990294e+00 
 6.66703710e-07  6.66703710e-07  6.66703710e-07  1.79990273e+00 
 6.66903710e-07  6.66903710e-07  6.66903710e-07  1.79990294e+00 
 6.67103710e-07  6.67103710e-07  6.67103710e-07  1.79990273e+00 
 6.67303710e-07  6.67303710e-07  6.67303710e-07  1.79990294e+00 
 6.67503710e-07  6.67503710e-07  6.67503710e-07  1.79990273e+00 
 6.67703710e-07  6.67703710e-07  6.67703710e-07  1.79990294e+00 
 6.67903710e-07  6.67903710e-07  6.67903710e-07  1.79990273e+00 
 6.68103710e-07  6.68103710e-07  6.68103710e-07  1.79990294e+00 
 6.68303710e-07  6.68303710e-07  6.68303710e-07  1.79990273e+00 
 6.68503710e-07  6.68503710e-07  6.68503710e-07  1.79990294e+00 
 6.68703710e-07  6.68703710e-07  6.68703710e-07  1.79990273e+00 
 6.68903710e-07  6.68903710e-07  6.68903710e-07  1.79990294e+00 
 6.69103710e-07  6.69103710e-07  6.69103710e-07  1.79990273e+00 
 6.69303710e-07  6.69303710e-07  6.69303710e-07  1.79990294e+00 
 6.69503710e-07  6.69503710e-07  6.69503710e-07  1.79990273e+00 
 6.69703710e-07  6.69703710e-07  6.69703710e-07  1.79990294e+00 
 6.69903710e-07  6.69903710e-07  6.69903710e-07  1.79990273e+00 
 6.70103710e-07  6.70103710e-07  6.70103710e-07  1.79990294e+00 
 6.70303710e-07  6.70303710e-07  6.70303710e-07  1.79990273e+00 
 6.70503710e-07  6.70503710e-07  6.70503710e-07  1.79990294e+00 
 6.70703710e-07  6.70703710e-07  6.70703710e-07  1.79990273e+00 
 6.70903710e-07  6.70903710e-07  6.70903710e-07  1.79990294e+00 
 6.71103710e-07  6.71103710e-07  6.71103710e-07  1.79990273e+00 
 6.71303710e-07  6.71303710e-07  6.71303710e-07  1.79990294e+00 
 6.71503710e-07  6.71503710e-07  6.71503710e-07  1.79990273e+00 
 6.71703710e-07  6.71703710e-07  6.71703710e-07  1.79990294e+00 
 6.71903710e-07  6.71903710e-07  6.71903710e-07  1.79990273e+00 
 6.72103710e-07  6.72103710e-07  6.72103710e-07  1.79990294e+00 
 6.72303710e-07  6.72303710e-07  6.72303710e-07  1.79990273e+00 
 6.72503710e-07  6.72503710e-07  6.72503710e-07  1.79990294e+00 
 6.72703710e-07  6.72703710e-07  6.72703710e-07  1.79990273e+00 
 6.72903710e-07  6.72903710e-07  6.72903710e-07  1.79990294e+00 
 6.73103710e-07  6.73103710e-07  6.73103710e-07  1.79990273e+00 
 6.73303710e-07  6.73303710e-07  6.73303710e-07  1.79990294e+00 
 6.73503710e-07  6.73503710e-07  6.73503710e-07  1.79990273e+00 
 6.73703710e-07  6.73703710e-07  6.73703710e-07  1.79990294e+00 
 6.73903710e-07  6.73903710e-07  6.73903710e-07  1.79990273e+00 
 6.74103710e-07  6.74103710e-07  6.74103710e-07  1.79990294e+00 
 6.74303710e-07  6.74303710e-07  6.74303710e-07  1.79990273e+00 
 6.74503710e-07  6.74503710e-07  6.74503710e-07  1.79990294e+00 
 6.74703710e-07  6.74703710e-07  6.74703710e-07  1.79990273e+00 
 6.74903710e-07  6.74903710e-07  6.74903710e-07  1.79990294e+00 
 6.75103710e-07  6.75103710e-07  6.75103710e-07  1.79990273e+00 
 6.75303710e-07  6.75303710e-07  6.75303710e-07  1.79990294e+00 
 6.75503710e-07  6.75503710e-07  6.75503710e-07  1.79990273e+00 
 6.75703710e-07  6.75703710e-07  6.75703710e-07  1.79990294e+00 
 6.75903710e-07  6.75903710e-07  6.75903710e-07  1.79990273e+00 
 6.76103710e-07  6.76103710e-07  6.76103710e-07  1.79990294e+00 
 6.76303710e-07  6.76303710e-07  6.76303710e-07  1.79990273e+00 
 6.76503710e-07  6.76503710e-07  6.76503710e-07  1.79990294e+00 
 6.76703710e-07  6.76703710e-07  6.76703710e-07  1.79990273e+00 
 6.76903710e-07  6.76903710e-07  6.76903710e-07  1.79990294e+00 
 6.77103710e-07  6.77103710e-07  6.77103710e-07  1.79990273e+00 
 6.77303710e-07  6.77303710e-07  6.77303710e-07  1.79990293e+00 
 6.77503710e-07  6.77503710e-07  6.77503710e-07  1.79990273e+00 
 6.77703710e-07  6.77703710e-07  6.77703710e-07  1.79990293e+00 
 6.77903710e-07  6.77903710e-07  6.77903710e-07  1.79990273e+00 
 6.78103710e-07  6.78103710e-07  6.78103710e-07  1.79990293e+00 
 6.78303710e-07  6.78303710e-07  6.78303710e-07  1.79990273e+00 
 6.78503710e-07  6.78503710e-07  6.78503710e-07  1.79990293e+00 
 6.78703710e-07  6.78703710e-07  6.78703710e-07  1.79990273e+00 
 6.78903710e-07  6.78903710e-07  6.78903710e-07  1.79990293e+00 
 6.79103710e-07  6.79103710e-07  6.79103710e-07  1.79990273e+00 
 6.79303710e-07  6.79303710e-07  6.79303710e-07  1.79990293e+00 
 6.79503710e-07  6.79503710e-07  6.79503710e-07  1.79990273e+00 
 6.79703710e-07  6.79703710e-07  6.79703710e-07  1.79990293e+00 
 6.79903710e-07  6.79903710e-07  6.79903710e-07  1.79990273e+00 
 6.80103710e-07  6.80103710e-07  6.80103710e-07  1.79990293e+00 
 6.80303710e-07  6.80303710e-07  6.80303710e-07  1.79990273e+00 
 6.80503710e-07  6.80503710e-07  6.80503710e-07  1.79990293e+00 
 6.80703710e-07  6.80703710e-07  6.80703710e-07  1.79990273e+00 
 6.80903710e-07  6.80903710e-07  6.80903710e-07  1.79990293e+00 
 6.81103710e-07  6.81103710e-07  6.81103710e-07  1.79990273e+00 
 6.81303710e-07  6.81303710e-07  6.81303710e-07  1.79990293e+00 
 6.81503710e-07  6.81503710e-07  6.81503710e-07  1.79990273e+00 
 6.81703710e-07  6.81703710e-07  6.81703710e-07  1.79990293e+00 
 6.81903710e-07  6.81903710e-07  6.81903710e-07  1.79990273e+00 
 6.82103710e-07  6.82103710e-07  6.82103710e-07  1.79990293e+00 
 6.82303710e-07  6.82303710e-07  6.82303710e-07  1.79990273e+00 
 6.82503710e-07  6.82503710e-07  6.82503710e-07  1.79990293e+00 
 6.82703710e-07  6.82703710e-07  6.82703710e-07  1.79990273e+00 
 6.82903710e-07  6.82903710e-07  6.82903710e-07  1.79990293e+00 
 6.83103710e-07  6.83103710e-07  6.83103710e-07  1.79990273e+00 
 6.83303710e-07  6.83303710e-07  6.83303710e-07  1.79990293e+00 
 6.83503710e-07  6.83503710e-07  6.83503710e-07  1.79990273e+00 
 6.83703710e-07  6.83703710e-07  6.83703710e-07  1.79990293e+00 
 6.83903710e-07  6.83903710e-07  6.83903710e-07  1.79990273e+00 
 6.84103710e-07  6.84103710e-07  6.84103710e-07  1.79990293e+00 
 6.84303710e-07  6.84303710e-07  6.84303710e-07  1.79990273e+00 
 6.84503710e-07  6.84503710e-07  6.84503710e-07  1.79990293e+00 
 6.84703710e-07  6.84703710e-07  6.84703710e-07  1.79990273e+00 
 6.84903710e-07  6.84903710e-07  6.84903710e-07  1.79990293e+00 
 6.85103710e-07  6.85103710e-07  6.85103710e-07  1.79990273e+00 
 6.85303710e-07  6.85303710e-07  6.85303710e-07  1.79990293e+00 
 6.85503710e-07  6.85503710e-07  6.85503710e-07  1.79990273e+00 
 6.85703710e-07  6.85703710e-07  6.85703710e-07  1.79990293e+00 
 6.85903710e-07  6.85903710e-07  6.85903710e-07  1.79990273e+00 
 6.86103710e-07  6.86103710e-07  6.86103710e-07  1.79990293e+00 
 6.86303710e-07  6.86303710e-07  6.86303710e-07  1.79990273e+00 
 6.86503710e-07  6.86503710e-07  6.86503710e-07  1.79990293e+00 
 6.86703710e-07  6.86703710e-07  6.86703710e-07  1.79990273e+00 
 6.86903710e-07  6.86903710e-07  6.86903710e-07  1.79990293e+00 
 6.87103710e-07  6.87103710e-07  6.87103710e-07  1.79990273e+00 
 6.87303710e-07  6.87303710e-07  6.87303710e-07  1.79990293e+00 
 6.87503710e-07  6.87503710e-07  6.87503710e-07  1.79990273e+00 
 6.87703710e-07  6.87703710e-07  6.87703710e-07  1.79990293e+00 
 6.87903710e-07  6.87903710e-07  6.87903710e-07  1.79990273e+00 
 6.88103710e-07  6.88103710e-07  6.88103710e-07  1.79990293e+00 
 6.88303710e-07  6.88303710e-07  6.88303710e-07  1.79990273e+00 
 6.88503710e-07  6.88503710e-07  6.88503710e-07  1.79990293e+00 
 6.88703710e-07  6.88703710e-07  6.88703710e-07  1.79990273e+00 
 6.88903710e-07  6.88903710e-07  6.88903710e-07  1.79990293e+00 
 6.89103710e-07  6.89103710e-07  6.89103710e-07  1.79990273e+00 
 6.89303710e-07  6.89303710e-07  6.89303710e-07  1.79990293e+00 
 6.89503710e-07  6.89503710e-07  6.89503710e-07  1.79990273e+00 
 6.89703710e-07  6.89703710e-07  6.89703710e-07  1.79990293e+00 
 6.89903710e-07  6.89903710e-07  6.89903710e-07  1.79990273e+00 
 6.90103710e-07  6.90103710e-07  6.90103710e-07  1.79990293e+00 
 6.90303710e-07  6.90303710e-07  6.90303710e-07  1.79990273e+00 
 6.90503710e-07  6.90503710e-07  6.90503710e-07  1.79990293e+00 
 6.90703710e-07  6.90703710e-07  6.90703710e-07  1.79990273e+00 
 6.90903710e-07  6.90903710e-07  6.90903710e-07  1.79990293e+00 
 6.91103710e-07  6.91103710e-07  6.91103710e-07  1.79990273e+00 
 6.91303710e-07  6.91303710e-07  6.91303710e-07  1.79990293e+00 
 6.91503710e-07  6.91503710e-07  6.91503710e-07  1.79990273e+00 
 6.91703710e-07  6.91703710e-07  6.91703710e-07  1.79990293e+00 
 6.91903710e-07  6.91903710e-07  6.91903710e-07  1.79990273e+00 
 6.92103710e-07  6.92103710e-07  6.92103710e-07  1.79990293e+00 
 6.92303710e-07  6.92303710e-07  6.92303710e-07  1.79990273e+00 
 6.92503710e-07  6.92503710e-07  6.92503710e-07  1.79990293e+00 
 6.92703710e-07  6.92703710e-07  6.92703710e-07  1.79990273e+00 
 6.92903710e-07  6.92903710e-07  6.92903710e-07  1.79990293e+00 
 6.93103710e-07  6.93103710e-07  6.93103710e-07  1.79990273e+00 
 6.93303710e-07  6.93303710e-07  6.93303710e-07  1.79990293e+00 
 6.93503710e-07  6.93503710e-07  6.93503710e-07  1.79990274e+00 
 6.93703710e-07  6.93703710e-07  6.93703710e-07  1.79990293e+00 
 6.93903710e-07  6.93903710e-07  6.93903710e-07  1.79990274e+00 
 6.94103710e-07  6.94103710e-07  6.94103710e-07  1.79990293e+00 
 6.94303710e-07  6.94303710e-07  6.94303710e-07  1.79990274e+00 
 6.94503710e-07  6.94503710e-07  6.94503710e-07  1.79990293e+00 
 6.94703710e-07  6.94703710e-07  6.94703710e-07  1.79990274e+00 
 6.94903710e-07  6.94903710e-07  6.94903710e-07  1.79990293e+00 
 6.95103710e-07  6.95103710e-07  6.95103710e-07  1.79990274e+00 
 6.95303710e-07  6.95303710e-07  6.95303710e-07  1.79990293e+00 
 6.95503710e-07  6.95503710e-07  6.95503710e-07  1.79990274e+00 
 6.95703710e-07  6.95703710e-07  6.95703710e-07  1.79990293e+00 
 6.95903710e-07  6.95903710e-07  6.95903710e-07  1.79990274e+00 
 6.96103710e-07  6.96103710e-07  6.96103710e-07  1.79990293e+00 
 6.96303710e-07  6.96303710e-07  6.96303710e-07  1.79990274e+00 
 6.96503710e-07  6.96503710e-07  6.96503710e-07  1.79990293e+00 
 6.96703710e-07  6.96703710e-07  6.96703710e-07  1.79990274e+00 
 6.96903710e-07  6.96903710e-07  6.96903710e-07  1.79990293e+00 
 6.97103710e-07  6.97103710e-07  6.97103710e-07  1.79990274e+00 
 6.97303710e-07  6.97303710e-07  6.97303710e-07  1.79990293e+00 
 6.97503710e-07  6.97503710e-07  6.97503710e-07  1.79990274e+00 
 6.97703710e-07  6.97703710e-07  6.97703710e-07  1.79990293e+00 
 6.97903710e-07  6.97903710e-07  6.97903710e-07  1.79990274e+00 
 6.98103710e-07  6.98103710e-07  6.98103710e-07  1.79990293e+00 
 6.98303710e-07  6.98303710e-07  6.98303710e-07  1.79990274e+00 
 6.98503710e-07  6.98503710e-07  6.98503710e-07  1.79990293e+00 
 6.98703710e-07  6.98703710e-07  6.98703710e-07  1.79990274e+00 
 6.98903710e-07  6.98903710e-07  6.98903710e-07  1.79990293e+00 
 6.99103710e-07  6.99103710e-07  6.99103710e-07  1.79990274e+00 
 6.99303710e-07  6.99303710e-07  6.99303710e-07  1.79990293e+00 
 6.99503710e-07  6.99503710e-07  6.99503710e-07  1.79990274e+00 
 6.99703710e-07  6.99703710e-07  6.99703710e-07  1.79990293e+00 
 6.99903710e-07  6.99903710e-07  6.99903710e-07  1.79990274e+00 
 7.00103710e-07  7.00103710e-07  7.00103710e-07  1.79990293e+00 
 7.00303710e-07  7.00303710e-07  7.00303710e-07  1.79990274e+00 
 7.00503710e-07  7.00503710e-07  7.00503710e-07  1.79990293e+00 
 7.00703710e-07  7.00703710e-07  7.00703710e-07  1.79990274e+00 
 7.00903710e-07  7.00903710e-07  7.00903710e-07  1.79990293e+00 
 7.01103710e-07  7.01103710e-07  7.01103710e-07  1.79990274e+00 
 7.01303710e-07  7.01303710e-07  7.01303710e-07  1.79990293e+00 
 7.01503710e-07  7.01503710e-07  7.01503710e-07  1.79990274e+00 
 7.01703710e-07  7.01703710e-07  7.01703710e-07  1.79990293e+00 
 7.01903710e-07  7.01903710e-07  7.01903710e-07  1.79990274e+00 
 7.02103710e-07  7.02103710e-07  7.02103710e-07  1.79990293e+00 
 7.02303710e-07  7.02303710e-07  7.02303710e-07  1.79990274e+00 
 7.02503710e-07  7.02503710e-07  7.02503710e-07  1.79990293e+00 
 7.02703710e-07  7.02703710e-07  7.02703710e-07  1.79990274e+00 
 7.02903710e-07  7.02903710e-07  7.02903710e-07  1.79990293e+00 
 7.03103710e-07  7.03103710e-07  7.03103710e-07  1.79990274e+00 
 7.03303710e-07  7.03303710e-07  7.03303710e-07  1.79990293e+00 
 7.03503710e-07  7.03503710e-07  7.03503710e-07  1.79990274e+00 
 7.03703710e-07  7.03703710e-07  7.03703710e-07  1.79990293e+00 
 7.03903710e-07  7.03903710e-07  7.03903710e-07  1.79990274e+00 
 7.04103710e-07  7.04103710e-07  7.04103710e-07  1.79990293e+00 
 7.04303710e-07  7.04303710e-07  7.04303710e-07  1.79990274e+00 
 7.04503710e-07  7.04503710e-07  7.04503710e-07  1.79990293e+00 
 7.04703710e-07  7.04703710e-07  7.04703710e-07  1.79990274e+00 
 7.04903710e-07  7.04903710e-07  7.04903710e-07  1.79990293e+00 
 7.05103710e-07  7.05103710e-07  7.05103710e-07  1.79990274e+00 
 7.05303710e-07  7.05303710e-07  7.05303710e-07  1.79990293e+00 
 7.05503710e-07  7.05503710e-07  7.05503710e-07  1.79990274e+00 
 7.05703710e-07  7.05703710e-07  7.05703710e-07  1.79990293e+00 
 7.05903710e-07  7.05903710e-07  7.05903710e-07  1.79990274e+00 
 7.06103710e-07  7.06103710e-07  7.06103710e-07  1.79990293e+00 
 7.06303710e-07  7.06303710e-07  7.06303710e-07  1.79990274e+00 
 7.06503710e-07  7.06503710e-07  7.06503710e-07  1.79990293e+00 
 7.06703710e-07  7.06703710e-07  7.06703710e-07  1.79990274e+00 
 7.06903710e-07  7.06903710e-07  7.06903710e-07  1.79990293e+00 
 7.07103710e-07  7.07103710e-07  7.07103710e-07  1.79990274e+00 
 7.07303710e-07  7.07303710e-07  7.07303710e-07  1.79990293e+00 
 7.07503710e-07  7.07503710e-07  7.07503710e-07  1.79990274e+00 
 7.07703710e-07  7.07703710e-07  7.07703710e-07  1.79990293e+00 
 7.07903710e-07  7.07903710e-07  7.07903710e-07  1.79990274e+00 
 7.08103710e-07  7.08103710e-07  7.08103710e-07  1.79990293e+00 
 7.08303710e-07  7.08303710e-07  7.08303710e-07  1.79990274e+00 
 7.08503710e-07  7.08503710e-07  7.08503710e-07  1.79990293e+00 
 7.08703710e-07  7.08703710e-07  7.08703710e-07  1.79990274e+00 
 7.08903710e-07  7.08903710e-07  7.08903710e-07  1.79990293e+00 
 7.09103710e-07  7.09103710e-07  7.09103710e-07  1.79990274e+00 
 7.09303710e-07  7.09303710e-07  7.09303710e-07  1.79990293e+00 
 7.09503710e-07  7.09503710e-07  7.09503710e-07  1.79990274e+00 
 7.09703710e-07  7.09703710e-07  7.09703710e-07  1.79990293e+00 
 7.09903710e-07  7.09903710e-07  7.09903710e-07  1.79990274e+00 
 7.10103710e-07  7.10103710e-07  7.10103710e-07  1.79990293e+00 
 7.10303710e-07  7.10303710e-07  7.10303710e-07  1.79990274e+00 
 7.10503710e-07  7.10503710e-07  7.10503710e-07  1.79990293e+00 
 7.10703710e-07  7.10703710e-07  7.10703710e-07  1.79990274e+00 
 7.10903710e-07  7.10903710e-07  7.10903710e-07  1.79990293e+00 
 7.11103710e-07  7.11103710e-07  7.11103710e-07  1.79990274e+00 
 7.11303710e-07  7.11303710e-07  7.11303710e-07  1.79990293e+00 
 7.11503710e-07  7.11503710e-07  7.11503710e-07  1.79990274e+00 
 7.11703710e-07  7.11703710e-07  7.11703710e-07  1.79990293e+00 
 7.11903710e-07  7.11903710e-07  7.11903710e-07  1.79990274e+00 
 7.12103710e-07  7.12103710e-07  7.12103710e-07  1.79990293e+00 
 7.12303710e-07  7.12303710e-07  7.12303710e-07  1.79990274e+00 
 7.12503710e-07  7.12503710e-07  7.12503710e-07  1.79990293e+00 
 7.12703710e-07  7.12703710e-07  7.12703710e-07  1.79990274e+00 
 7.12903710e-07  7.12903710e-07  7.12903710e-07  1.79990293e+00 
 7.13103710e-07  7.13103710e-07  7.13103710e-07  1.79990274e+00 
 7.13303710e-07  7.13303710e-07  7.13303710e-07  1.79990293e+00 
 7.13503710e-07  7.13503710e-07  7.13503710e-07  1.79990274e+00 
 7.13703710e-07  7.13703710e-07  7.13703710e-07  1.79990293e+00 
 7.13903710e-07  7.13903710e-07  7.13903710e-07  1.79990274e+00 
 7.14103710e-07  7.14103710e-07  7.14103710e-07  1.79990293e+00 
 7.14303710e-07  7.14303710e-07  7.14303710e-07  1.79990274e+00 
 7.14503710e-07  7.14503710e-07  7.14503710e-07  1.79990293e+00 
 7.14703710e-07  7.14703710e-07  7.14703710e-07  1.79990274e+00 
 7.14903710e-07  7.14903710e-07  7.14903710e-07  1.79990293e+00 
 7.15103710e-07  7.15103710e-07  7.15103710e-07  1.79990274e+00 
 7.15303710e-07  7.15303710e-07  7.15303710e-07  1.79990293e+00 
 7.15503710e-07  7.15503710e-07  7.15503710e-07  1.79990274e+00 
 7.15703710e-07  7.15703710e-07  7.15703710e-07  1.79990293e+00 
 7.15903710e-07  7.15903710e-07  7.15903710e-07  1.79990274e+00 
 7.16103710e-07  7.16103710e-07  7.16103710e-07  1.79990293e+00 
 7.16303710e-07  7.16303710e-07  7.16303710e-07  1.79990274e+00 
 7.16503710e-07  7.16503710e-07  7.16503710e-07  1.79990293e+00 
 7.16703710e-07  7.16703710e-07  7.16703710e-07  1.79990274e+00 
 7.16903710e-07  7.16903710e-07  7.16903710e-07  1.79990293e+00 
 7.17103710e-07  7.17103710e-07  7.17103710e-07  1.79990274e+00 
 7.17303710e-07  7.17303710e-07  7.17303710e-07  1.79990293e+00 
 7.17503710e-07  7.17503710e-07  7.17503710e-07  1.79990274e+00 
 7.17703710e-07  7.17703710e-07  7.17703710e-07  1.79990293e+00 
 7.17903710e-07  7.17903710e-07  7.17903710e-07  1.79990274e+00 
 7.18103710e-07  7.18103710e-07  7.18103710e-07  1.79990293e+00 
 7.18303710e-07  7.18303710e-07  7.18303710e-07  1.79990274e+00 
 7.18503710e-07  7.18503710e-07  7.18503710e-07  1.79990293e+00 
 7.18703710e-07  7.18703710e-07  7.18703710e-07  1.79990274e+00 
 7.18903710e-07  7.18903710e-07  7.18903710e-07  1.79990293e+00 
 7.19103710e-07  7.19103710e-07  7.19103710e-07  1.79990274e+00 
 7.19303710e-07  7.19303710e-07  7.19303710e-07  1.79990293e+00 
 7.19503710e-07  7.19503710e-07  7.19503710e-07  1.79990274e+00 
 7.19703710e-07  7.19703710e-07  7.19703710e-07  1.79990293e+00 
 7.19903710e-07  7.19903710e-07  7.19903710e-07  1.79990274e+00 
 7.20103710e-07  7.20103710e-07  7.20103710e-07  1.79990293e+00 
 7.20303710e-07  7.20303710e-07  7.20303710e-07  1.79990274e+00 
 7.20503710e-07  7.20503710e-07  7.20503710e-07  1.79990293e+00 
 7.20703710e-07  7.20703710e-07  7.20703710e-07  1.79990274e+00 
 7.20903710e-07  7.20903710e-07  7.20903710e-07  1.79990293e+00 
 7.21103710e-07  7.21103710e-07  7.21103710e-07  1.79990274e+00 
 7.21303710e-07  7.21303710e-07  7.21303710e-07  1.79990293e+00 
 7.21503710e-07  7.21503710e-07  7.21503710e-07  1.79990274e+00 
 7.21703710e-07  7.21703710e-07  7.21703710e-07  1.79990293e+00 
 7.21903710e-07  7.21903710e-07  7.21903710e-07  1.79990274e+00 
 7.22103710e-07  7.22103710e-07  7.22103710e-07  1.79990293e+00 
 7.22303710e-07  7.22303710e-07  7.22303710e-07  1.79990274e+00 
 7.22503710e-07  7.22503710e-07  7.22503710e-07  1.79990293e+00 
 7.22703710e-07  7.22703710e-07  7.22703710e-07  1.79990274e+00 
 7.22903710e-07  7.22903710e-07  7.22903710e-07  1.79990293e+00 
 7.23103710e-07  7.23103710e-07  7.23103710e-07  1.79990274e+00 
 7.23303710e-07  7.23303710e-07  7.23303710e-07  1.79990293e+00 
 7.23503710e-07  7.23503710e-07  7.23503710e-07  1.79990274e+00 
 7.23703710e-07  7.23703710e-07  7.23703710e-07  1.79990293e+00 
 7.23903710e-07  7.23903710e-07  7.23903710e-07  1.79990274e+00 
 7.24103710e-07  7.24103710e-07  7.24103710e-07  1.79990293e+00 
 7.24303710e-07  7.24303710e-07  7.24303710e-07  1.79990274e+00 
 7.24503710e-07  7.24503710e-07  7.24503710e-07  1.79990293e+00 
 7.24703710e-07  7.24703710e-07  7.24703710e-07  1.79990274e+00 
 7.24903710e-07  7.24903710e-07  7.24903710e-07  1.79990293e+00 
 7.25103710e-07  7.25103710e-07  7.25103710e-07  1.79990274e+00 
 7.25303710e-07  7.25303710e-07  7.25303710e-07  1.79990293e+00 
 7.25503710e-07  7.25503710e-07  7.25503710e-07  1.79990274e+00 
 7.25703710e-07  7.25703710e-07  7.25703710e-07  1.79990293e+00 
 7.25903710e-07  7.25903710e-07  7.25903710e-07  1.79990274e+00 
 7.26103710e-07  7.26103710e-07  7.26103710e-07  1.79990293e+00 
 7.26303710e-07  7.26303710e-07  7.26303710e-07  1.79990274e+00 
 7.26503710e-07  7.26503710e-07  7.26503710e-07  1.79990293e+00 
 7.26703710e-07  7.26703710e-07  7.26703710e-07  1.79990274e+00 
 7.26903710e-07  7.26903710e-07  7.26903710e-07  1.79990293e+00 
 7.27103710e-07  7.27103710e-07  7.27103710e-07  1.79990274e+00 
 7.27303710e-07  7.27303710e-07  7.27303710e-07  1.79990293e+00 
 7.27503710e-07  7.27503710e-07  7.27503710e-07  1.79990274e+00 
 7.27703710e-07  7.27703710e-07  7.27703710e-07  1.79990293e+00 
 7.27903710e-07  7.27903710e-07  7.27903710e-07  1.79990274e+00 
 7.28103710e-07  7.28103710e-07  7.28103710e-07  1.79990293e+00 
 7.28303710e-07  7.28303710e-07  7.28303710e-07  1.79990274e+00 
 7.28503710e-07  7.28503710e-07  7.28503710e-07  1.79990293e+00 
 7.28703710e-07  7.28703710e-07  7.28703710e-07  1.79990274e+00 
 7.28903710e-07  7.28903710e-07  7.28903710e-07  1.79990293e+00 
 7.29103710e-07  7.29103710e-07  7.29103710e-07  1.79990274e+00 
 7.29303710e-07  7.29303710e-07  7.29303710e-07  1.79990293e+00 
 7.29503710e-07  7.29503710e-07  7.29503710e-07  1.79990274e+00 
 7.29703710e-07  7.29703710e-07  7.29703710e-07  1.79990293e+00 
 7.29903710e-07  7.29903710e-07  7.29903710e-07  1.79990274e+00 
 7.30103710e-07  7.30103710e-07  7.30103710e-07  1.79990293e+00 
 7.30303710e-07  7.30303710e-07  7.30303710e-07  1.79990274e+00 
 7.30503710e-07  7.30503710e-07  7.30503710e-07  1.79990293e+00 
 7.30703710e-07  7.30703710e-07  7.30703710e-07  1.79990274e+00 
 7.30903710e-07  7.30903710e-07  7.30903710e-07  1.79990293e+00 
 7.31103710e-07  7.31103710e-07  7.31103710e-07  1.79990274e+00 
 7.31303710e-07  7.31303710e-07  7.31303710e-07  1.79990293e+00 
 7.31503710e-07  7.31503710e-07  7.31503710e-07  1.79990274e+00 
 7.31703710e-07  7.31703710e-07  7.31703710e-07  1.79990293e+00 
 7.31903710e-07  7.31903710e-07  7.31903710e-07  1.79990274e+00 
 7.32103710e-07  7.32103710e-07  7.32103710e-07  1.79990293e+00 
 7.32303710e-07  7.32303710e-07  7.32303710e-07  1.79990274e+00 
 7.32503710e-07  7.32503710e-07  7.32503710e-07  1.79990292e+00 
 7.32703710e-07  7.32703710e-07  7.32703710e-07  1.79990274e+00 
 7.32903710e-07  7.32903710e-07  7.32903710e-07  1.79990292e+00 
 7.33103710e-07  7.33103710e-07  7.33103710e-07  1.79990274e+00 
 7.33303710e-07  7.33303710e-07  7.33303710e-07  1.79990292e+00 
 7.33503710e-07  7.33503710e-07  7.33503710e-07  1.79990274e+00 
 7.33703710e-07  7.33703710e-07  7.33703710e-07  1.79990292e+00 
 7.33903710e-07  7.33903710e-07  7.33903710e-07  1.79990274e+00 
 7.34103710e-07  7.34103710e-07  7.34103710e-07  1.79990292e+00 
 7.34303710e-07  7.34303710e-07  7.34303710e-07  1.79990274e+00 
 7.34503710e-07  7.34503710e-07  7.34503710e-07  1.79990292e+00 
 7.34703710e-07  7.34703710e-07  7.34703710e-07  1.79990275e+00 
 7.34903710e-07  7.34903710e-07  7.34903710e-07  1.79990292e+00 
 7.35103710e-07  7.35103710e-07  7.35103710e-07  1.79990275e+00 
 7.35303710e-07  7.35303710e-07  7.35303710e-07  1.79990292e+00 
 7.35503710e-07  7.35503710e-07  7.35503710e-07  1.79990275e+00 
 7.35703710e-07  7.35703710e-07  7.35703710e-07  1.79990292e+00 
 7.35903710e-07  7.35903710e-07  7.35903710e-07  1.79990275e+00 
 7.36103710e-07  7.36103710e-07  7.36103710e-07  1.79990292e+00 
 7.36303710e-07  7.36303710e-07  7.36303710e-07  1.79990275e+00 
 7.36503710e-07  7.36503710e-07  7.36503710e-07  1.79990292e+00 
 7.36703710e-07  7.36703710e-07  7.36703710e-07  1.79990275e+00 
 7.36903710e-07  7.36903710e-07  7.36903710e-07  1.79990292e+00 
 7.37103710e-07  7.37103710e-07  7.37103710e-07  1.79990275e+00 
 7.37303710e-07  7.37303710e-07  7.37303710e-07  1.79990292e+00 
 7.37503710e-07  7.37503710e-07  7.37503710e-07  1.79990275e+00 
 7.37703710e-07  7.37703710e-07  7.37703710e-07  1.79990292e+00 
 7.37903710e-07  7.37903710e-07  7.37903710e-07  1.79990275e+00 
 7.38103710e-07  7.38103710e-07  7.38103710e-07  1.79990292e+00 
 7.38303710e-07  7.38303710e-07  7.38303710e-07  1.79990275e+00 
 7.38503710e-07  7.38503710e-07  7.38503710e-07  1.79990292e+00 
 7.38703710e-07  7.38703710e-07  7.38703710e-07  1.79990275e+00 
 7.38903710e-07  7.38903710e-07  7.38903710e-07  1.79990292e+00 
 7.39103710e-07  7.39103710e-07  7.39103710e-07  1.79990275e+00 
 7.39303710e-07  7.39303710e-07  7.39303710e-07  1.79990292e+00 
 7.39503710e-07  7.39503710e-07  7.39503710e-07  1.79990275e+00 
 7.39703710e-07  7.39703710e-07  7.39703710e-07  1.79990292e+00 
 7.39903710e-07  7.39903710e-07  7.39903710e-07  1.79990275e+00 
 7.40103710e-07  7.40103710e-07  7.40103710e-07  1.79990292e+00 
 7.40303710e-07  7.40303710e-07  7.40303710e-07  1.79990275e+00 
 7.40503710e-07  7.40503710e-07  7.40503710e-07  1.79990292e+00 
 7.40703710e-07  7.40703710e-07  7.40703710e-07  1.79990275e+00 
 7.40903710e-07  7.40903710e-07  7.40903710e-07  1.79990292e+00 
 7.41103710e-07  7.41103710e-07  7.41103710e-07  1.79990275e+00 
 7.41303710e-07  7.41303710e-07  7.41303710e-07  1.79990292e+00 
 7.41503710e-07  7.41503710e-07  7.41503710e-07  1.79990275e+00 
 7.41703710e-07  7.41703710e-07  7.41703710e-07  1.79990292e+00 
 7.41903710e-07  7.41903710e-07  7.41903710e-07  1.79990275e+00 
 7.42103710e-07  7.42103710e-07  7.42103710e-07  1.79990292e+00 
 7.42303710e-07  7.42303710e-07  7.42303710e-07  1.79990275e+00 
 7.42503710e-07  7.42503710e-07  7.42503710e-07  1.79990292e+00 
 7.42703710e-07  7.42703710e-07  7.42703710e-07  1.79990275e+00 
 7.42903710e-07  7.42903710e-07  7.42903710e-07  1.79990292e+00 
 7.43103710e-07  7.43103710e-07  7.43103710e-07  1.79990275e+00 
 7.43303710e-07  7.43303710e-07  7.43303710e-07  1.79990292e+00 
 7.43503710e-07  7.43503710e-07  7.43503710e-07  1.79990275e+00 
 7.43703710e-07  7.43703710e-07  7.43703710e-07  1.79990292e+00 
 7.43903710e-07  7.43903710e-07  7.43903710e-07  1.79990275e+00 
 7.44103710e-07  7.44103710e-07  7.44103710e-07  1.79990292e+00 
 7.44303710e-07  7.44303710e-07  7.44303710e-07  1.79990275e+00 
 7.44503710e-07  7.44503710e-07  7.44503710e-07  1.79990292e+00 
 7.44703710e-07  7.44703710e-07  7.44703710e-07  1.79990275e+00 
 7.44903710e-07  7.44903710e-07  7.44903710e-07  1.79990292e+00 
 7.45103710e-07  7.45103710e-07  7.45103710e-07  1.79990275e+00 
 7.45303710e-07  7.45303710e-07  7.45303710e-07  1.79990292e+00 
 7.45503710e-07  7.45503710e-07  7.45503710e-07  1.79990275e+00 
 7.45703710e-07  7.45703710e-07  7.45703710e-07  1.79990292e+00 
 7.45903710e-07  7.45903710e-07  7.45903710e-07  1.79990275e+00 
 7.46103710e-07  7.46103710e-07  7.46103710e-07  1.79990292e+00 
 7.46303710e-07  7.46303710e-07  7.46303710e-07  1.79990275e+00 
 7.46503710e-07  7.46503710e-07  7.46503710e-07  1.79990292e+00 
 7.46703710e-07  7.46703710e-07  7.46703710e-07  1.79990275e+00 
 7.46903710e-07  7.46903710e-07  7.46903710e-07  1.79990292e+00 
 7.47103710e-07  7.47103710e-07  7.47103710e-07  1.79990275e+00 
 7.47303710e-07  7.47303710e-07  7.47303710e-07  1.79990292e+00 
 7.47503710e-07  7.47503710e-07  7.47503710e-07  1.79990275e+00 
 7.47703710e-07  7.47703710e-07  7.47703710e-07  1.79990292e+00 
 7.47903710e-07  7.47903710e-07  7.47903710e-07  1.79990275e+00 
 7.48103710e-07  7.48103710e-07  7.48103710e-07  1.79990292e+00 
 7.48303710e-07  7.48303710e-07  7.48303710e-07  1.79990275e+00 
 7.48503710e-07  7.48503710e-07  7.48503710e-07  1.79990292e+00 
 7.48703710e-07  7.48703710e-07  7.48703710e-07  1.79990275e+00 
 7.48903710e-07  7.48903710e-07  7.48903710e-07  1.79990292e+00 
 7.49103710e-07  7.49103710e-07  7.49103710e-07  1.79990275e+00 
 7.49303710e-07  7.49303710e-07  7.49303710e-07  1.79990292e+00 
 7.49503710e-07  7.49503710e-07  7.49503710e-07  1.79990275e+00 
 7.49703710e-07  7.49703710e-07  7.49703710e-07  1.79990292e+00 
 7.49903710e-07  7.49903710e-07  7.49903710e-07  1.79990275e+00 
 7.50103710e-07  7.50103710e-07  7.50103710e-07  1.79990292e+00 
 7.50303710e-07  7.50303710e-07  7.50303710e-07  1.79990275e+00 
 7.50503710e-07  7.50503710e-07  7.50503710e-07  1.79990292e+00 
 7.50703710e-07  7.50703710e-07  7.50703710e-07  1.79990275e+00 
 7.50903710e-07  7.50903710e-07  7.50903710e-07  1.79990292e+00 
 7.51103710e-07  7.51103710e-07  7.51103710e-07  1.79990275e+00 
 7.51303710e-07  7.51303710e-07  7.51303710e-07  1.79990292e+00 
 7.51503710e-07  7.51503710e-07  7.51503710e-07  1.79990275e+00 
 7.51703710e-07  7.51703710e-07  7.51703710e-07  1.79990292e+00 
 7.51903710e-07  7.51903710e-07  7.51903710e-07  1.79990275e+00 
 7.52103710e-07  7.52103710e-07  7.52103710e-07  1.79990292e+00 
 7.52303710e-07  7.52303710e-07  7.52303710e-07  1.79990275e+00 
 7.52503710e-07  7.52503710e-07  7.52503710e-07  1.79990292e+00 
 7.52703710e-07  7.52703710e-07  7.52703710e-07  1.79990275e+00 
 7.52903710e-07  7.52903710e-07  7.52903710e-07  1.79990292e+00 
 7.53103710e-07  7.53103710e-07  7.53103710e-07  1.79990275e+00 
 7.53303710e-07  7.53303710e-07  7.53303710e-07  1.79990292e+00 
 7.53503710e-07  7.53503710e-07  7.53503710e-07  1.79990275e+00 
 7.53703710e-07  7.53703710e-07  7.53703710e-07  1.79990292e+00 
 7.53903710e-07  7.53903710e-07  7.53903710e-07  1.79990275e+00 
 7.54103710e-07  7.54103710e-07  7.54103710e-07  1.79990292e+00 
 7.54303710e-07  7.54303710e-07  7.54303710e-07  1.79990275e+00 
 7.54503710e-07  7.54503710e-07  7.54503710e-07  1.79990292e+00 
 7.54703710e-07  7.54703710e-07  7.54703710e-07  1.79990275e+00 
 7.54903710e-07  7.54903710e-07  7.54903710e-07  1.79990292e+00 
 7.55103710e-07  7.55103710e-07  7.55103710e-07  1.79990275e+00 
 7.55303710e-07  7.55303710e-07  7.55303710e-07  1.79990292e+00 
 7.55503710e-07  7.55503710e-07  7.55503710e-07  1.79990275e+00 
 7.55703710e-07  7.55703710e-07  7.55703710e-07  1.79990292e+00 
 7.55903710e-07  7.55903710e-07  7.55903710e-07  1.79990275e+00 
 7.56103710e-07  7.56103710e-07  7.56103710e-07  1.79990292e+00 
 7.56303710e-07  7.56303710e-07  7.56303710e-07  1.79990275e+00 
 7.56503710e-07  7.56503710e-07  7.56503710e-07  1.79990292e+00 
 7.56703710e-07  7.56703710e-07  7.56703710e-07  1.79990275e+00 
 7.56903710e-07  7.56903710e-07  7.56903710e-07  1.79990292e+00 
 7.57103710e-07  7.57103710e-07  7.57103710e-07  1.79990275e+00 
 7.57303710e-07  7.57303710e-07  7.57303710e-07  1.79990292e+00 
 7.57503710e-07  7.57503710e-07  7.57503710e-07  1.79990275e+00 
 7.57703710e-07  7.57703710e-07  7.57703710e-07  1.79990292e+00 
 7.57903710e-07  7.57903710e-07  7.57903710e-07  1.79990275e+00 
 7.58103710e-07  7.58103710e-07  7.58103710e-07  1.79990292e+00 
 7.58303710e-07  7.58303710e-07  7.58303710e-07  1.79990275e+00 
 7.58503710e-07  7.58503710e-07  7.58503710e-07  1.79990292e+00 
 7.58703710e-07  7.58703710e-07  7.58703710e-07  1.79990275e+00 
 7.58903710e-07  7.58903710e-07  7.58903710e-07  1.79990292e+00 
 7.59103710e-07  7.59103710e-07  7.59103710e-07  1.79990275e+00 
 7.59303710e-07  7.59303710e-07  7.59303710e-07  1.79990292e+00 
 7.59503710e-07  7.59503710e-07  7.59503710e-07  1.79990275e+00 
 7.59703710e-07  7.59703710e-07  7.59703710e-07  1.79990292e+00 
 7.59903710e-07  7.59903710e-07  7.59903710e-07  1.79990275e+00 
 7.60103710e-07  7.60103710e-07  7.60103710e-07  1.79990292e+00 
 7.60303710e-07  7.60303710e-07  7.60303710e-07  1.79990275e+00 
 7.60503710e-07  7.60503710e-07  7.60503710e-07  1.79990292e+00 
 7.60703710e-07  7.60703710e-07  7.60703710e-07  1.79990275e+00 
 7.60903710e-07  7.60903710e-07  7.60903710e-07  1.79990292e+00 
 7.61103710e-07  7.61103710e-07  7.61103710e-07  1.79990275e+00 
 7.61303710e-07  7.61303710e-07  7.61303710e-07  1.79990292e+00 
 7.61503710e-07  7.61503710e-07  7.61503710e-07  1.79990275e+00 
 7.61703710e-07  7.61703710e-07  7.61703710e-07  1.79990292e+00 
 7.61903710e-07  7.61903710e-07  7.61903710e-07  1.79990275e+00 
 7.62103710e-07  7.62103710e-07  7.62103710e-07  1.79990292e+00 
 7.62303710e-07  7.62303710e-07  7.62303710e-07  1.79990275e+00 
 7.62503710e-07  7.62503710e-07  7.62503710e-07  1.79990292e+00 
 7.62703710e-07  7.62703710e-07  7.62703710e-07  1.79990275e+00 
 7.62903710e-07  7.62903710e-07  7.62903710e-07  1.79990292e+00 
 7.63103710e-07  7.63103710e-07  7.63103710e-07  1.79990275e+00 
 7.63303710e-07  7.63303710e-07  7.63303710e-07  1.79990292e+00 
 7.63503710e-07  7.63503710e-07  7.63503710e-07  1.79990275e+00 
 7.63703710e-07  7.63703710e-07  7.63703710e-07  1.79990292e+00 
 7.63903710e-07  7.63903710e-07  7.63903710e-07  1.79990275e+00 
 7.64103710e-07  7.64103710e-07  7.64103710e-07  1.79990292e+00 
 7.64303710e-07  7.64303710e-07  7.64303710e-07  1.79990275e+00 
 7.64503710e-07  7.64503710e-07  7.64503710e-07  1.79990292e+00 
 7.64703710e-07  7.64703710e-07  7.64703710e-07  1.79990275e+00 
 7.64903710e-07  7.64903710e-07  7.64903710e-07  1.79990292e+00 
 7.65103710e-07  7.65103710e-07  7.65103710e-07  1.79990275e+00 
 7.65303710e-07  7.65303710e-07  7.65303710e-07  1.79990292e+00 
 7.65503710e-07  7.65503710e-07  7.65503710e-07  1.79990275e+00 
 7.65703710e-07  7.65703710e-07  7.65703710e-07  1.79990292e+00 
 7.65903710e-07  7.65903710e-07  7.65903710e-07  1.79990275e+00 
 7.66103710e-07  7.66103710e-07  7.66103710e-07  1.79990292e+00 
 7.66303710e-07  7.66303710e-07  7.66303710e-07  1.79990275e+00 
 7.66503710e-07  7.66503710e-07  7.66503710e-07  1.79990292e+00 
 7.66703710e-07  7.66703710e-07  7.66703710e-07  1.79990275e+00 
 7.66903710e-07  7.66903710e-07  7.66903710e-07  1.79990292e+00 
 7.67103710e-07  7.67103710e-07  7.67103710e-07  1.79990275e+00 
 7.67303710e-07  7.67303710e-07  7.67303710e-07  1.79990292e+00 
 7.67503710e-07  7.67503710e-07  7.67503710e-07  1.79990275e+00 
 7.67703710e-07  7.67703710e-07  7.67703710e-07  1.79990292e+00 
 7.67903710e-07  7.67903710e-07  7.67903710e-07  1.79990275e+00 
 7.68103710e-07  7.68103710e-07  7.68103710e-07  1.79990292e+00 
 7.68303710e-07  7.68303710e-07  7.68303710e-07  1.79990275e+00 
 7.68503710e-07  7.68503710e-07  7.68503710e-07  1.79990292e+00 
 7.68703710e-07  7.68703710e-07  7.68703710e-07  1.79990275e+00 
 7.68903710e-07  7.68903710e-07  7.68903710e-07  1.79990292e+00 
 7.69103710e-07  7.69103710e-07  7.69103710e-07  1.79990275e+00 
 7.69303710e-07  7.69303710e-07  7.69303710e-07  1.79990292e+00 
 7.69503710e-07  7.69503710e-07  7.69503710e-07  1.79990275e+00 
 7.69703710e-07  7.69703710e-07  7.69703710e-07  1.79990292e+00 
 7.69903710e-07  7.69903710e-07  7.69903710e-07  1.79990275e+00 
 7.70103710e-07  7.70103710e-07  7.70103710e-07  1.79990292e+00 
 7.70303710e-07  7.70303710e-07  7.70303710e-07  1.79990275e+00 
 7.70503710e-07  7.70503710e-07  7.70503710e-07  1.79990292e+00 
 7.70703710e-07  7.70703710e-07  7.70703710e-07  1.79990275e+00 
 7.70903710e-07  7.70903710e-07  7.70903710e-07  1.79990292e+00 
 7.71103710e-07  7.71103710e-07  7.71103710e-07  1.79990275e+00 
 7.71303710e-07  7.71303710e-07  7.71303710e-07  1.79990292e+00 
 7.71503710e-07  7.71503710e-07  7.71503710e-07  1.79990275e+00 
 7.71703710e-07  7.71703710e-07  7.71703710e-07  1.79990292e+00 
 7.71903710e-07  7.71903710e-07  7.71903710e-07  1.79990275e+00 
 7.72103710e-07  7.72103710e-07  7.72103710e-07  1.79990292e+00 
 7.72303710e-07  7.72303710e-07  7.72303710e-07  1.79990275e+00 
 7.72503710e-07  7.72503710e-07  7.72503710e-07  1.79990292e+00 
 7.72703710e-07  7.72703710e-07  7.72703710e-07  1.79990275e+00 
 7.72903710e-07  7.72903710e-07  7.72903710e-07  1.79990292e+00 
 7.73103710e-07  7.73103710e-07  7.73103710e-07  1.79990275e+00 
 7.73303710e-07  7.73303710e-07  7.73303710e-07  1.79990292e+00 
 7.73503710e-07  7.73503710e-07  7.73503710e-07  1.79990275e+00 
 7.73703710e-07  7.73703710e-07  7.73703710e-07  1.79990292e+00 
 7.73903710e-07  7.73903710e-07  7.73903710e-07  1.79990275e+00 
 7.74103710e-07  7.74103710e-07  7.74103710e-07  1.79990292e+00 
 7.74303710e-07  7.74303710e-07  7.74303710e-07  1.79990275e+00 
 7.74503710e-07  7.74503710e-07  7.74503710e-07  1.79990292e+00 
 7.74703710e-07  7.74703710e-07  7.74703710e-07  1.79990275e+00 
 7.74903710e-07  7.74903710e-07  7.74903710e-07  1.79990292e+00 
 7.75103710e-07  7.75103710e-07  7.75103710e-07  1.79990275e+00 
 7.75303710e-07  7.75303710e-07  7.75303710e-07  1.79990292e+00 
 7.75503710e-07  7.75503710e-07  7.75503710e-07  1.79990275e+00 
 7.75703710e-07  7.75703710e-07  7.75703710e-07  1.79990292e+00 
 7.75903710e-07  7.75903710e-07  7.75903710e-07  1.79990275e+00 
 7.76103710e-07  7.76103710e-07  7.76103710e-07  1.79990292e+00 
 7.76303710e-07  7.76303710e-07  7.76303710e-07  1.79990275e+00 
 7.76503710e-07  7.76503710e-07  7.76503710e-07  1.79990292e+00 
 7.76703710e-07  7.76703710e-07  7.76703710e-07  1.79990275e+00 
 7.76903710e-07  7.76903710e-07  7.76903710e-07  1.79990292e+00 
 7.77103710e-07  7.77103710e-07  7.77103710e-07  1.79990275e+00 
 7.77303710e-07  7.77303710e-07  7.77303710e-07  1.79990292e+00 
 7.77503710e-07  7.77503710e-07  7.77503710e-07  1.79990275e+00 
 7.77703710e-07  7.77703710e-07  7.77703710e-07  1.79990292e+00 
 7.77903710e-07  7.77903710e-07  7.77903710e-07  1.79990275e+00 
 7.78103710e-07  7.78103710e-07  7.78103710e-07  1.79990292e+00 
 7.78303710e-07  7.78303710e-07  7.78303710e-07  1.79990275e+00 
 7.78503710e-07  7.78503710e-07  7.78503710e-07  1.79990292e+00 
 7.78703710e-07  7.78703710e-07  7.78703710e-07  1.79990275e+00 
 7.78903710e-07  7.78903710e-07  7.78903710e-07  1.79990292e+00 
 7.79103710e-07  7.79103710e-07  7.79103710e-07  1.79990275e+00 
 7.79303710e-07  7.79303710e-07  7.79303710e-07  1.79990292e+00 
 7.79503710e-07  7.79503710e-07  7.79503710e-07  1.79990275e+00 
 7.79703710e-07  7.79703710e-07  7.79703710e-07  1.79990292e+00 
 7.79903710e-07  7.79903710e-07  7.79903710e-07  1.79990275e+00 
 7.80103710e-07  7.80103710e-07  7.80103710e-07  1.79990292e+00 
 7.80303710e-07  7.80303710e-07  7.80303710e-07  1.79990276e+00 
 7.80503710e-07  7.80503710e-07  7.80503710e-07  1.79990292e+00 
 7.80703710e-07  7.80703710e-07  7.80703710e-07  1.79990276e+00 
 7.80903710e-07  7.80903710e-07  7.80903710e-07  1.79990292e+00 
 7.81103710e-07  7.81103710e-07  7.81103710e-07  1.79990276e+00 
 7.81303710e-07  7.81303710e-07  7.81303710e-07  1.79990292e+00 
 7.81503710e-07  7.81503710e-07  7.81503710e-07  1.79990276e+00 
 7.81703710e-07  7.81703710e-07  7.81703710e-07  1.79990292e+00 
 7.81903710e-07  7.81903710e-07  7.81903710e-07  1.79990276e+00 
 7.82103710e-07  7.82103710e-07  7.82103710e-07  1.79990292e+00 
 7.82303710e-07  7.82303710e-07  7.82303710e-07  1.79990276e+00 
 7.82503710e-07  7.82503710e-07  7.82503710e-07  1.79990292e+00 
 7.82703710e-07  7.82703710e-07  7.82703710e-07  1.79990276e+00 
 7.82903710e-07  7.82903710e-07  7.82903710e-07  1.79990292e+00 
 7.83103710e-07  7.83103710e-07  7.83103710e-07  1.79990276e+00 
 7.83303710e-07  7.83303710e-07  7.83303710e-07  1.79990292e+00 
 7.83503710e-07  7.83503710e-07  7.83503710e-07  1.79990276e+00 
 7.83703710e-07  7.83703710e-07  7.83703710e-07  1.79990292e+00 
 7.83903710e-07  7.83903710e-07  7.83903710e-07  1.79990276e+00 
 7.84103710e-07  7.84103710e-07  7.84103710e-07  1.79990292e+00 
 7.84303710e-07  7.84303710e-07  7.84303710e-07  1.79990276e+00 
 7.84503710e-07  7.84503710e-07  7.84503710e-07  1.79990292e+00 
 7.84703710e-07  7.84703710e-07  7.84703710e-07  1.79990276e+00 
 7.84903710e-07  7.84903710e-07  7.84903710e-07  1.79990292e+00 
 7.85103710e-07  7.85103710e-07  7.85103710e-07  1.79990276e+00 
 7.85303710e-07  7.85303710e-07  7.85303710e-07  1.79990292e+00 
 7.85503710e-07  7.85503710e-07  7.85503710e-07  1.79990276e+00 
 7.85703710e-07  7.85703710e-07  7.85703710e-07  1.79990292e+00 
 7.85903710e-07  7.85903710e-07  7.85903710e-07  1.79990276e+00 
 7.86103710e-07  7.86103710e-07  7.86103710e-07  1.79990292e+00 
 7.86303710e-07  7.86303710e-07  7.86303710e-07  1.79990276e+00 
 7.86503710e-07  7.86503710e-07  7.86503710e-07  1.79990292e+00 
 7.86703710e-07  7.86703710e-07  7.86703710e-07  1.79990276e+00 
 7.86903710e-07  7.86903710e-07  7.86903710e-07  1.79990292e+00 
 7.87103710e-07  7.87103710e-07  7.87103710e-07  1.79990276e+00 
 7.87303710e-07  7.87303710e-07  7.87303710e-07  1.79990292e+00 
 7.87503710e-07  7.87503710e-07  7.87503710e-07  1.79990276e+00 
 7.87703710e-07  7.87703710e-07  7.87703710e-07  1.79990292e+00 
 7.87903710e-07  7.87903710e-07  7.87903710e-07  1.79990276e+00 
 7.88103710e-07  7.88103710e-07  7.88103710e-07  1.79990292e+00 
 7.88303710e-07  7.88303710e-07  7.88303710e-07  1.79990276e+00 
 7.88503710e-07  7.88503710e-07  7.88503710e-07  1.79990292e+00 
 7.88703710e-07  7.88703710e-07  7.88703710e-07  1.79990276e+00 
 7.88903710e-07  7.88903710e-07  7.88903710e-07  1.79990292e+00 
 7.89103710e-07  7.89103710e-07  7.89103710e-07  1.79990276e+00 
 7.89303710e-07  7.89303710e-07  7.89303710e-07  1.79990292e+00 
 7.89503710e-07  7.89503710e-07  7.89503710e-07  1.79990276e+00 
 7.89703710e-07  7.89703710e-07  7.89703710e-07  1.79990292e+00 
 7.89903710e-07  7.89903710e-07  7.89903710e-07  1.79990276e+00 
 7.90103710e-07  7.90103710e-07  7.90103710e-07  1.79990292e+00 
 7.90303710e-07  7.90303710e-07  7.90303710e-07  1.79990276e+00 
 7.90503710e-07  7.90503710e-07  7.90503710e-07  1.79990292e+00 
 7.90703710e-07  7.90703710e-07  7.90703710e-07  1.79990276e+00 
 7.90903710e-07  7.90903710e-07  7.90903710e-07  1.79990292e+00 
 7.91103710e-07  7.91103710e-07  7.91103710e-07  1.79990276e+00 
 7.91303710e-07  7.91303710e-07  7.91303710e-07  1.79990292e+00 
 7.91503710e-07  7.91503710e-07  7.91503710e-07  1.79990276e+00 
 7.91703710e-07  7.91703710e-07  7.91703710e-07  1.79990292e+00 
 7.91903710e-07  7.91903710e-07  7.91903710e-07  1.79990276e+00 
 7.92103710e-07  7.92103710e-07  7.92103710e-07  1.79990292e+00 
 7.92303710e-07  7.92303710e-07  7.92303710e-07  1.79990276e+00 
 7.92503710e-07  7.92503710e-07  7.92503710e-07  1.79990292e+00 
 7.92703710e-07  7.92703710e-07  7.92703710e-07  1.79990276e+00 
 7.92903710e-07  7.92903710e-07  7.92903710e-07  1.79990292e+00 
 7.93103710e-07  7.93103710e-07  7.93103710e-07  1.79990276e+00 
 7.93303710e-07  7.93303710e-07  7.93303710e-07  1.79990292e+00 
 7.93503710e-07  7.93503710e-07  7.93503710e-07  1.79990276e+00 
 7.93703710e-07  7.93703710e-07  7.93703710e-07  1.79990292e+00 
 7.93903710e-07  7.93903710e-07  7.93903710e-07  1.79990276e+00 
 7.94103710e-07  7.94103710e-07  7.94103710e-07  1.79990292e+00 
 7.94303710e-07  7.94303710e-07  7.94303710e-07  1.79990276e+00 
 7.94503710e-07  7.94503710e-07  7.94503710e-07  1.79990291e+00 
 7.94703710e-07  7.94703710e-07  7.94703710e-07  1.79990276e+00 
 7.94903710e-07  7.94903710e-07  7.94903710e-07  1.79990291e+00 
 7.95103710e-07  7.95103710e-07  7.95103710e-07  1.79990276e+00 
 7.95303710e-07  7.95303710e-07  7.95303710e-07  1.79990291e+00 
 7.95503710e-07  7.95503710e-07  7.95503710e-07  1.79990276e+00 
 7.95703710e-07  7.95703710e-07  7.95703710e-07  1.79990291e+00 
 7.95903710e-07  7.95903710e-07  7.95903710e-07  1.79990276e+00 
 7.96103710e-07  7.96103710e-07  7.96103710e-07  1.79990291e+00 
 7.96303710e-07  7.96303710e-07  7.96303710e-07  1.79990276e+00 
 7.96503710e-07  7.96503710e-07  7.96503710e-07  1.79990291e+00 
 7.96703710e-07  7.96703710e-07  7.96703710e-07  1.79990276e+00 
 7.96903710e-07  7.96903710e-07  7.96903710e-07  1.79990291e+00 
 7.97103710e-07  7.97103710e-07  7.97103710e-07  1.79990276e+00 
 7.97303710e-07  7.97303710e-07  7.97303710e-07  1.79990291e+00 
 7.97503710e-07  7.97503710e-07  7.97503710e-07  1.79990276e+00 
 7.97703710e-07  7.97703710e-07  7.97703710e-07  1.79990291e+00 
 7.97903710e-07  7.97903710e-07  7.97903710e-07  1.79990276e+00 
 7.98103710e-07  7.98103710e-07  7.98103710e-07  1.79990291e+00 
 7.98303710e-07  7.98303710e-07  7.98303710e-07  1.79990276e+00 
 7.98503710e-07  7.98503710e-07  7.98503710e-07  1.79990291e+00 
 7.98703710e-07  7.98703710e-07  7.98703710e-07  1.79990276e+00 
 7.98903710e-07  7.98903710e-07  7.98903710e-07  1.79990291e+00 
 7.99103710e-07  7.99103710e-07  7.99103710e-07  1.79990276e+00 
 7.99303710e-07  7.99303710e-07  7.99303710e-07  1.79990291e+00 
 7.99503710e-07  7.99503710e-07  7.99503710e-07  1.79990276e+00 
 7.99703710e-07  7.99703710e-07  7.99703710e-07  1.79990291e+00 
 7.99903710e-07  7.99903710e-07  7.99903710e-07  1.79990276e+00 
 8.00103710e-07  8.00103710e-07  8.00103710e-07  1.79990291e+00 
 8.00303710e-07  8.00303710e-07  8.00303710e-07  1.79990276e+00 
 8.00503710e-07  8.00503710e-07  8.00503710e-07  1.79990291e+00 
 8.00703710e-07  8.00703710e-07  8.00703710e-07  1.79990276e+00 
 8.00903710e-07  8.00903710e-07  8.00903710e-07  1.79990291e+00 
 8.01103710e-07  8.01103710e-07  8.01103710e-07  1.79990276e+00 
 8.01303710e-07  8.01303710e-07  8.01303710e-07  1.79990291e+00 
 8.01503710e-07  8.01503710e-07  8.01503710e-07  1.79990276e+00 
 8.01703710e-07  8.01703710e-07  8.01703710e-07  1.79990291e+00 
 8.01903710e-07  8.01903710e-07  8.01903710e-07  1.79990276e+00 
 8.02103710e-07  8.02103710e-07  8.02103710e-07  1.79990291e+00 
 8.02303710e-07  8.02303710e-07  8.02303710e-07  1.79990276e+00 
 8.02503710e-07  8.02503710e-07  8.02503710e-07  1.79990291e+00 
 8.02703710e-07  8.02703710e-07  8.02703710e-07  1.79990276e+00 
 8.02903710e-07  8.02903710e-07  8.02903710e-07  1.79990291e+00 
 8.03103710e-07  8.03103710e-07  8.03103710e-07  1.79990276e+00 
 8.03303710e-07  8.03303710e-07  8.03303710e-07  1.79990291e+00 
 8.03503710e-07  8.03503710e-07  8.03503710e-07  1.79990276e+00 
 8.03703710e-07  8.03703710e-07  8.03703710e-07  1.79990291e+00 
 8.03903710e-07  8.03903710e-07  8.03903710e-07  1.79990276e+00 
 8.04103710e-07  8.04103710e-07  8.04103710e-07  1.79990291e+00 
 8.04303710e-07  8.04303710e-07  8.04303710e-07  1.79990276e+00 
 8.04503710e-07  8.04503710e-07  8.04503710e-07  1.79990291e+00 
 8.04703710e-07  8.04703710e-07  8.04703710e-07  1.79990276e+00 
 8.04903710e-07  8.04903710e-07  8.04903710e-07  1.79990291e+00 
 8.05103710e-07  8.05103710e-07  8.05103710e-07  1.79990276e+00 
 8.05303710e-07  8.05303710e-07  8.05303710e-07  1.79990291e+00 
 8.05503710e-07  8.05503710e-07  8.05503710e-07  1.79990276e+00 
 8.05703710e-07  8.05703710e-07  8.05703710e-07  1.79990291e+00 
 8.05903710e-07  8.05903710e-07  8.05903710e-07  1.79990276e+00 
 8.06103710e-07  8.06103710e-07  8.06103710e-07  1.79990291e+00 
 8.06303710e-07  8.06303710e-07  8.06303710e-07  1.79990276e+00 
 8.06503710e-07  8.06503710e-07  8.06503710e-07  1.79990291e+00 
 8.06703710e-07  8.06703710e-07  8.06703710e-07  1.79990276e+00 
 8.06903710e-07  8.06903710e-07  8.06903710e-07  1.79990291e+00 
 8.07103710e-07  8.07103710e-07  8.07103710e-07  1.79990276e+00 
 8.07303710e-07  8.07303710e-07  8.07303710e-07  1.79990291e+00 
 8.07503710e-07  8.07503710e-07  8.07503710e-07  1.79990276e+00 
 8.07703710e-07  8.07703710e-07  8.07703710e-07  1.79990291e+00 
 8.07903710e-07  8.07903710e-07  8.07903710e-07  1.79990276e+00 
 8.08103710e-07  8.08103710e-07  8.08103710e-07  1.79990291e+00 
 8.08303710e-07  8.08303710e-07  8.08303710e-07  1.79990276e+00 
 8.08503710e-07  8.08503710e-07  8.08503710e-07  1.79990291e+00 
 8.08703710e-07  8.08703710e-07  8.08703710e-07  1.79990276e+00 
 8.08903710e-07  8.08903710e-07  8.08903710e-07  1.79990291e+00 
 8.09103710e-07  8.09103710e-07  8.09103710e-07  1.79990276e+00 
 8.09303710e-07  8.09303710e-07  8.09303710e-07  1.79990291e+00 
 8.09503710e-07  8.09503710e-07  8.09503710e-07  1.79990276e+00 
 8.09703710e-07  8.09703710e-07  8.09703710e-07  1.79990291e+00 
 8.09903710e-07  8.09903710e-07  8.09903710e-07  1.79990276e+00 
 8.10103710e-07  8.10103710e-07  8.10103710e-07  1.79990291e+00 
 8.10303710e-07  8.10303710e-07  8.10303710e-07  1.79990276e+00 
 8.10503710e-07  8.10503710e-07  8.10503710e-07  1.79990291e+00 
 8.10703710e-07  8.10703710e-07  8.10703710e-07  1.79990276e+00 
 8.10903710e-07  8.10903710e-07  8.10903710e-07  1.79990291e+00 
 8.11103710e-07  8.11103710e-07  8.11103710e-07  1.79990276e+00 
 8.11303710e-07  8.11303710e-07  8.11303710e-07  1.79990291e+00 
 8.11503710e-07  8.11503710e-07  8.11503710e-07  1.79990276e+00 
 8.11703710e-07  8.11703710e-07  8.11703710e-07  1.79990291e+00 
 8.11903710e-07  8.11903710e-07  8.11903710e-07  1.79990276e+00 
 8.12103710e-07  8.12103710e-07  8.12103710e-07  1.79990291e+00 
 8.12303710e-07  8.12303710e-07  8.12303710e-07  1.79990276e+00 
 8.12503710e-07  8.12503710e-07  8.12503710e-07  1.79990291e+00 
 8.12703710e-07  8.12703710e-07  8.12703710e-07  1.79990276e+00 
 8.12903710e-07  8.12903710e-07  8.12903710e-07  1.79990291e+00 
 8.13103710e-07  8.13103710e-07  8.13103710e-07  1.79990276e+00 
 8.13303710e-07  8.13303710e-07  8.13303710e-07  1.79990291e+00 
 8.13503710e-07  8.13503710e-07  8.13503710e-07  1.79990276e+00 
 8.13703710e-07  8.13703710e-07  8.13703710e-07  1.79990291e+00 
 8.13903710e-07  8.13903710e-07  8.13903710e-07  1.79990276e+00 
 8.14103710e-07  8.14103710e-07  8.14103710e-07  1.79990291e+00 
 8.14303710e-07  8.14303710e-07  8.14303710e-07  1.79990276e+00 
 8.14503710e-07  8.14503710e-07  8.14503710e-07  1.79990291e+00 
 8.14703710e-07  8.14703710e-07  8.14703710e-07  1.79990276e+00 
 8.14903710e-07  8.14903710e-07  8.14903710e-07  1.79990291e+00 
 8.15103710e-07  8.15103710e-07  8.15103710e-07  1.79990276e+00 
 8.15303710e-07  8.15303710e-07  8.15303710e-07  1.79990291e+00 
 8.15503710e-07  8.15503710e-07  8.15503710e-07  1.79990276e+00 
 8.15703710e-07  8.15703710e-07  8.15703710e-07  1.79990291e+00 
 8.15903710e-07  8.15903710e-07  8.15903710e-07  1.79990276e+00 
 8.16103710e-07  8.16103710e-07  8.16103710e-07  1.79990291e+00 
 8.16303710e-07  8.16303710e-07  8.16303710e-07  1.79990276e+00 
 8.16503710e-07  8.16503710e-07  8.16503710e-07  1.79990291e+00 
 8.16703710e-07  8.16703710e-07  8.16703710e-07  1.79990276e+00 
 8.16903710e-07  8.16903710e-07  8.16903710e-07  1.79990291e+00 
 8.17103710e-07  8.17103710e-07  8.17103710e-07  1.79990276e+00 
 8.17303710e-07  8.17303710e-07  8.17303710e-07  1.79990291e+00 
 8.17503710e-07  8.17503710e-07  8.17503710e-07  1.79990276e+00 
 8.17703710e-07  8.17703710e-07  8.17703710e-07  1.79990291e+00 
 8.17903710e-07  8.17903710e-07  8.17903710e-07  1.79990276e+00 
 8.18103710e-07  8.18103710e-07  8.18103710e-07  1.79990291e+00 
 8.18303710e-07  8.18303710e-07  8.18303710e-07  1.79990276e+00 
 8.18503710e-07  8.18503710e-07  8.18503710e-07  1.79990291e+00 
 8.18703710e-07  8.18703710e-07  8.18703710e-07  1.79990276e+00 
 8.18903710e-07  8.18903710e-07  8.18903710e-07  1.79990291e+00 
 8.19103710e-07  8.19103710e-07  8.19103710e-07  1.79990276e+00 
 8.19303710e-07  8.19303710e-07  8.19303710e-07  1.79990291e+00 
 8.19503710e-07  8.19503710e-07  8.19503710e-07  1.79990276e+00 
 8.19703710e-07  8.19703710e-07  8.19703710e-07  1.79990291e+00 
 8.19903710e-07  8.19903710e-07  8.19903710e-07  1.79990276e+00 
 8.20103710e-07  8.20103710e-07  8.20103710e-07  1.79990291e+00 
 8.20303710e-07  8.20303710e-07  8.20303710e-07  1.79990276e+00 
 8.20503710e-07  8.20503710e-07  8.20503710e-07  1.79990291e+00 
 8.20703710e-07  8.20703710e-07  8.20703710e-07  1.79990276e+00 
 8.20903710e-07  8.20903710e-07  8.20903710e-07  1.79990291e+00 
 8.21103710e-07  8.21103710e-07  8.21103710e-07  1.79990276e+00 
 8.21303710e-07  8.21303710e-07  8.21303710e-07  1.79990291e+00 
 8.21503710e-07  8.21503710e-07  8.21503710e-07  1.79990276e+00 
 8.21703710e-07  8.21703710e-07  8.21703710e-07  1.79990291e+00 
 8.21903710e-07  8.21903710e-07  8.21903710e-07  1.79990276e+00 
 8.22103710e-07  8.22103710e-07  8.22103710e-07  1.79990291e+00 
 8.22303710e-07  8.22303710e-07  8.22303710e-07  1.79990276e+00 
 8.22503710e-07  8.22503710e-07  8.22503710e-07  1.79990291e+00 
 8.22703710e-07  8.22703710e-07  8.22703710e-07  1.79990276e+00 
 8.22903710e-07  8.22903710e-07  8.22903710e-07  1.79990291e+00 
 8.23103710e-07  8.23103710e-07  8.23103710e-07  1.79990276e+00 
 8.23303710e-07  8.23303710e-07  8.23303710e-07  1.79990291e+00 
 8.23503710e-07  8.23503710e-07  8.23503710e-07  1.79990276e+00 
 8.23703710e-07  8.23703710e-07  8.23703710e-07  1.79990291e+00 
 8.23903710e-07  8.23903710e-07  8.23903710e-07  1.79990276e+00 
 8.24103710e-07  8.24103710e-07  8.24103710e-07  1.79990291e+00 
 8.24303710e-07  8.24303710e-07  8.24303710e-07  1.79990276e+00 
 8.24503710e-07  8.24503710e-07  8.24503710e-07  1.79990291e+00 
 8.24703710e-07  8.24703710e-07  8.24703710e-07  1.79990276e+00 
 8.24903710e-07  8.24903710e-07  8.24903710e-07  1.79990291e+00 
 8.25103710e-07  8.25103710e-07  8.25103710e-07  1.79990276e+00 
 8.25303710e-07  8.25303710e-07  8.25303710e-07  1.79990291e+00 
 8.25503710e-07  8.25503710e-07  8.25503710e-07  1.79990276e+00 
 8.25703710e-07  8.25703710e-07  8.25703710e-07  1.79990291e+00 
 8.25903710e-07  8.25903710e-07  8.25903710e-07  1.79990276e+00 
 8.26103710e-07  8.26103710e-07  8.26103710e-07  1.79990291e+00 
 8.26303710e-07  8.26303710e-07  8.26303710e-07  1.79990276e+00 
 8.26503710e-07  8.26503710e-07  8.26503710e-07  1.79990291e+00 
 8.26703710e-07  8.26703710e-07  8.26703710e-07  1.79990276e+00 
 8.26903710e-07  8.26903710e-07  8.26903710e-07  1.79990291e+00 
 8.27103710e-07  8.27103710e-07  8.27103710e-07  1.79990276e+00 
 8.27303710e-07  8.27303710e-07  8.27303710e-07  1.79990291e+00 
 8.27503710e-07  8.27503710e-07  8.27503710e-07  1.79990276e+00 
 8.27703710e-07  8.27703710e-07  8.27703710e-07  1.79990291e+00 
 8.27903710e-07  8.27903710e-07  8.27903710e-07  1.79990276e+00 
 8.28103710e-07  8.28103710e-07  8.28103710e-07  1.79990291e+00 
 8.28303710e-07  8.28303710e-07  8.28303710e-07  1.79990276e+00 
 8.28503710e-07  8.28503710e-07  8.28503710e-07  1.79990291e+00 
 8.28703710e-07  8.28703710e-07  8.28703710e-07  1.79990276e+00 
 8.28903710e-07  8.28903710e-07  8.28903710e-07  1.79990291e+00 
 8.29103710e-07  8.29103710e-07  8.29103710e-07  1.79990276e+00 
 8.29303710e-07  8.29303710e-07  8.29303710e-07  1.79990291e+00 
 8.29503710e-07  8.29503710e-07  8.29503710e-07  1.79990276e+00 
 8.29703710e-07  8.29703710e-07  8.29703710e-07  1.79990291e+00 
 8.29903710e-07  8.29903710e-07  8.29903710e-07  1.79990276e+00 
 8.30103710e-07  8.30103710e-07  8.30103710e-07  1.79990291e+00 
 8.30303710e-07  8.30303710e-07  8.30303710e-07  1.79990276e+00 
 8.30503710e-07  8.30503710e-07  8.30503710e-07  1.79990291e+00 
 8.30703710e-07  8.30703710e-07  8.30703710e-07  1.79990276e+00 
 8.30903710e-07  8.30903710e-07  8.30903710e-07  1.79990291e+00 
 8.31103710e-07  8.31103710e-07  8.31103710e-07  1.79990276e+00 
 8.31303710e-07  8.31303710e-07  8.31303710e-07  1.79990291e+00 
 8.31503710e-07  8.31503710e-07  8.31503710e-07  1.79990276e+00 
 8.31703710e-07  8.31703710e-07  8.31703710e-07  1.79990291e+00 
 8.31903710e-07  8.31903710e-07  8.31903710e-07  1.79990276e+00 
 8.32103710e-07  8.32103710e-07  8.32103710e-07  1.79990291e+00 
 8.32303710e-07  8.32303710e-07  8.32303710e-07  1.79990277e+00 
 8.32503710e-07  8.32503710e-07  8.32503710e-07  1.79990291e+00 
 8.32703710e-07  8.32703710e-07  8.32703710e-07  1.79990277e+00 
 8.32903710e-07  8.32903710e-07  8.32903710e-07  1.79990291e+00 
 8.33103710e-07  8.33103710e-07  8.33103710e-07  1.79990277e+00 
 8.33303710e-07  8.33303710e-07  8.33303710e-07  1.79990291e+00 
 8.33503710e-07  8.33503710e-07  8.33503710e-07  1.79990277e+00 
 8.33703710e-07  8.33703710e-07  8.33703710e-07  1.79990291e+00 
 8.33903710e-07  8.33903710e-07  8.33903710e-07  1.79990277e+00 
 8.34103710e-07  8.34103710e-07  8.34103710e-07  1.79990291e+00 
 8.34303710e-07  8.34303710e-07  8.34303710e-07  1.79990277e+00 
 8.34503710e-07  8.34503710e-07  8.34503710e-07  1.79990291e+00 
 8.34703710e-07  8.34703710e-07  8.34703710e-07  1.79990277e+00 
 8.34903710e-07  8.34903710e-07  8.34903710e-07  1.79990291e+00 
 8.35103710e-07  8.35103710e-07  8.35103710e-07  1.79990277e+00 
 8.35303710e-07  8.35303710e-07  8.35303710e-07  1.79990291e+00 
 8.35503710e-07  8.35503710e-07  8.35503710e-07  1.79990277e+00 
 8.35703710e-07  8.35703710e-07  8.35703710e-07  1.79990291e+00 
 8.35903710e-07  8.35903710e-07  8.35903710e-07  1.79990277e+00 
 8.36103710e-07  8.36103710e-07  8.36103710e-07  1.79990291e+00 
 8.36303710e-07  8.36303710e-07  8.36303710e-07  1.79990277e+00 
 8.36503710e-07  8.36503710e-07  8.36503710e-07  1.79990291e+00 
 8.36703710e-07  8.36703710e-07  8.36703710e-07  1.79990277e+00 
 8.36903710e-07  8.36903710e-07  8.36903710e-07  1.79990291e+00 
 8.37103710e-07  8.37103710e-07  8.37103710e-07  1.79990277e+00 
 8.37303710e-07  8.37303710e-07  8.37303710e-07  1.79990291e+00 
 8.37503710e-07  8.37503710e-07  8.37503710e-07  1.79990277e+00 
 8.37703710e-07  8.37703710e-07  8.37703710e-07  1.79990291e+00 
 8.37903710e-07  8.37903710e-07  8.37903710e-07  1.79990277e+00 
 8.38103710e-07  8.38103710e-07  8.38103710e-07  1.79990291e+00 
 8.38303710e-07  8.38303710e-07  8.38303710e-07  1.79990277e+00 
 8.38503710e-07  8.38503710e-07  8.38503710e-07  1.79990291e+00 
 8.38703710e-07  8.38703710e-07  8.38703710e-07  1.79990277e+00 
 8.38903710e-07  8.38903710e-07  8.38903710e-07  1.79990291e+00 
 8.39103710e-07  8.39103710e-07  8.39103710e-07  1.79990277e+00 
 8.39303710e-07  8.39303710e-07  8.39303710e-07  1.79990291e+00 
 8.39503710e-07  8.39503710e-07  8.39503710e-07  1.79990277e+00 
 8.39703710e-07  8.39703710e-07  8.39703710e-07  1.79990291e+00 
 8.39903710e-07  8.39903710e-07  8.39903710e-07  1.79990277e+00 
 8.40103710e-07  8.40103710e-07  8.40103710e-07  1.79990291e+00 
 8.40303710e-07  8.40303710e-07  8.40303710e-07  1.79990277e+00 
 8.40503710e-07  8.40503710e-07  8.40503710e-07  1.79990291e+00 
 8.40703710e-07  8.40703710e-07  8.40703710e-07  1.79990277e+00 
 8.40903710e-07  8.40903710e-07  8.40903710e-07  1.79990291e+00 
 8.41103710e-07  8.41103710e-07  8.41103710e-07  1.79990277e+00 
 8.41303710e-07  8.41303710e-07  8.41303710e-07  1.79990291e+00 
 8.41503710e-07  8.41503710e-07  8.41503710e-07  1.79990277e+00 
 8.41703710e-07  8.41703710e-07  8.41703710e-07  1.79990291e+00 
 8.41903710e-07  8.41903710e-07  8.41903710e-07  1.79990277e+00 
 8.42103710e-07  8.42103710e-07  8.42103710e-07  1.79990291e+00 
 8.42303710e-07  8.42303710e-07  8.42303710e-07  1.79990277e+00 
 8.42503710e-07  8.42503710e-07  8.42503710e-07  1.79990291e+00 
 8.42703710e-07  8.42703710e-07  8.42703710e-07  1.79990277e+00 
 8.42903710e-07  8.42903710e-07  8.42903710e-07  1.79990291e+00 
 8.43103710e-07  8.43103710e-07  8.43103710e-07  1.79990277e+00 
 8.43303710e-07  8.43303710e-07  8.43303710e-07  1.79990291e+00 
 8.43503710e-07  8.43503710e-07  8.43503710e-07  1.79990277e+00 
 8.43703710e-07  8.43703710e-07  8.43703710e-07  1.79990291e+00 
 8.43903710e-07  8.43903710e-07  8.43903710e-07  1.79990277e+00 
 8.44103710e-07  8.44103710e-07  8.44103710e-07  1.79990291e+00 
 8.44303710e-07  8.44303710e-07  8.44303710e-07  1.79990277e+00 
 8.44503710e-07  8.44503710e-07  8.44503710e-07  1.79990291e+00 
 8.44703710e-07  8.44703710e-07  8.44703710e-07  1.79990277e+00 
 8.44903710e-07  8.44903710e-07  8.44903710e-07  1.79990291e+00 
 8.45103710e-07  8.45103710e-07  8.45103710e-07  1.79990277e+00 
 8.45303710e-07  8.45303710e-07  8.45303710e-07  1.79990291e+00 
 8.45503710e-07  8.45503710e-07  8.45503710e-07  1.79990277e+00 
 8.45703710e-07  8.45703710e-07  8.45703710e-07  1.79990291e+00 
 8.45903710e-07  8.45903710e-07  8.45903710e-07  1.79990277e+00 
 8.46103710e-07  8.46103710e-07  8.46103710e-07  1.79990291e+00 
 8.46303710e-07  8.46303710e-07  8.46303710e-07  1.79990277e+00 
 8.46503710e-07  8.46503710e-07  8.46503710e-07  1.79990291e+00 
 8.46703710e-07  8.46703710e-07  8.46703710e-07  1.79990277e+00 
 8.46903710e-07  8.46903710e-07  8.46903710e-07  1.79990291e+00 
 8.47103710e-07  8.47103710e-07  8.47103710e-07  1.79990277e+00 
 8.47303710e-07  8.47303710e-07  8.47303710e-07  1.79990291e+00 
 8.47503710e-07  8.47503710e-07  8.47503710e-07  1.79990277e+00 
 8.47703710e-07  8.47703710e-07  8.47703710e-07  1.79990291e+00 
 8.47903710e-07  8.47903710e-07  8.47903710e-07  1.79990277e+00 
 8.48103710e-07  8.48103710e-07  8.48103710e-07  1.79990291e+00 
 8.48303710e-07  8.48303710e-07  8.48303710e-07  1.79990277e+00 
 8.48503710e-07  8.48503710e-07  8.48503710e-07  1.79990291e+00 
 8.48703710e-07  8.48703710e-07  8.48703710e-07  1.79990277e+00 
 8.48903710e-07  8.48903710e-07  8.48903710e-07  1.79990291e+00 
 8.49103710e-07  8.49103710e-07  8.49103710e-07  1.79990277e+00 
 8.49303710e-07  8.49303710e-07  8.49303710e-07  1.79990291e+00 
 8.49503710e-07  8.49503710e-07  8.49503710e-07  1.79990277e+00 
 8.49703710e-07  8.49703710e-07  8.49703710e-07  1.79990291e+00 
 8.49903710e-07  8.49903710e-07  8.49903710e-07  1.79990277e+00 
 8.50103710e-07  8.50103710e-07  8.50103710e-07  1.79990291e+00 
 8.50303710e-07  8.50303710e-07  8.50303710e-07  1.79990277e+00 
 8.50503710e-07  8.50503710e-07  8.50503710e-07  1.79990291e+00 
 8.50703710e-07  8.50703710e-07  8.50703710e-07  1.79990277e+00 
 8.50903710e-07  8.50903710e-07  8.50903710e-07  1.79990291e+00 
 8.51103710e-07  8.51103710e-07  8.51103710e-07  1.79990277e+00 
 8.51303710e-07  8.51303710e-07  8.51303710e-07  1.79990291e+00 
 8.51503710e-07  8.51503710e-07  8.51503710e-07  1.79990277e+00 
 8.51703710e-07  8.51703710e-07  8.51703710e-07  1.79990291e+00 
 8.51903710e-07  8.51903710e-07  8.51903710e-07  1.79990277e+00 
 8.52103710e-07  8.52103710e-07  8.52103710e-07  1.79990291e+00 
 8.52303710e-07  8.52303710e-07  8.52303710e-07  1.79990277e+00 
 8.52503710e-07  8.52503710e-07  8.52503710e-07  1.79990291e+00 
 8.52703710e-07  8.52703710e-07  8.52703710e-07  1.79990277e+00 
 8.52903710e-07  8.52903710e-07  8.52903710e-07  1.79990291e+00 
 8.53103710e-07  8.53103710e-07  8.53103710e-07  1.79990277e+00 
 8.53303710e-07  8.53303710e-07  8.53303710e-07  1.79990291e+00 
 8.53503710e-07  8.53503710e-07  8.53503710e-07  1.79990277e+00 
 8.53703710e-07  8.53703710e-07  8.53703710e-07  1.79990291e+00 
 8.53903710e-07  8.53903710e-07  8.53903710e-07  1.79990277e+00 
 8.54103710e-07  8.54103710e-07  8.54103710e-07  1.79990291e+00 
 8.54303710e-07  8.54303710e-07  8.54303710e-07  1.79990277e+00 
 8.54503710e-07  8.54503710e-07  8.54503710e-07  1.79990291e+00 
 8.54703710e-07  8.54703710e-07  8.54703710e-07  1.79990277e+00 
 8.54903710e-07  8.54903710e-07  8.54903710e-07  1.79990291e+00 
 8.55103710e-07  8.55103710e-07  8.55103710e-07  1.79990277e+00 
 8.55303710e-07  8.55303710e-07  8.55303710e-07  1.79990291e+00 
 8.55503710e-07  8.55503710e-07  8.55503710e-07  1.79990277e+00 
 8.55703710e-07  8.55703710e-07  8.55703710e-07  1.79990291e+00 
 8.55903710e-07  8.55903710e-07  8.55903710e-07  1.79990277e+00 
 8.56103710e-07  8.56103710e-07  8.56103710e-07  1.79990291e+00 
 8.56303710e-07  8.56303710e-07  8.56303710e-07  1.79990277e+00 
 8.56503710e-07  8.56503710e-07  8.56503710e-07  1.79990291e+00 
 8.56703710e-07  8.56703710e-07  8.56703710e-07  1.79990277e+00 
 8.56903710e-07  8.56903710e-07  8.56903710e-07  1.79990291e+00 
 8.57103710e-07  8.57103710e-07  8.57103710e-07  1.79990277e+00 
 8.57303710e-07  8.57303710e-07  8.57303710e-07  1.79990291e+00 
 8.57503710e-07  8.57503710e-07  8.57503710e-07  1.79990277e+00 
 8.57703710e-07  8.57703710e-07  8.57703710e-07  1.79990291e+00 
 8.57903710e-07  8.57903710e-07  8.57903710e-07  1.79990277e+00 
 8.58103710e-07  8.58103710e-07  8.58103710e-07  1.79990291e+00 
 8.58303710e-07  8.58303710e-07  8.58303710e-07  1.79990277e+00 
 8.58503710e-07  8.58503710e-07  8.58503710e-07  1.79990291e+00 
 8.58703710e-07  8.58703710e-07  8.58703710e-07  1.79990277e+00 
 8.58903710e-07  8.58903710e-07  8.58903710e-07  1.79990291e+00 
 8.59103710e-07  8.59103710e-07  8.59103710e-07  1.79990277e+00 
 8.59303710e-07  8.59303710e-07  8.59303710e-07  1.79990291e+00 
 8.59503710e-07  8.59503710e-07  8.59503710e-07  1.79990277e+00 
 8.59703710e-07  8.59703710e-07  8.59703710e-07  1.79990291e+00 
 8.59903710e-07  8.59903710e-07  8.59903710e-07  1.79990277e+00 
 8.60103710e-07  8.60103710e-07  8.60103710e-07  1.79990291e+00 
 8.60303710e-07  8.60303710e-07  8.60303710e-07  1.79990277e+00 
 8.60503710e-07  8.60503710e-07  8.60503710e-07  1.79990291e+00 
 8.60703710e-07  8.60703710e-07  8.60703710e-07  1.79990277e+00 
 8.60903710e-07  8.60903710e-07  8.60903710e-07  1.79990291e+00 
 8.61103710e-07  8.61103710e-07  8.61103710e-07  1.79990277e+00 
 8.61303710e-07  8.61303710e-07  8.61303710e-07  1.79990291e+00 
 8.61503710e-07  8.61503710e-07  8.61503710e-07  1.79990277e+00 
 8.61703710e-07  8.61703710e-07  8.61703710e-07  1.79990291e+00 
 8.61903710e-07  8.61903710e-07  8.61903710e-07  1.79990277e+00 
 8.62103710e-07  8.62103710e-07  8.62103710e-07  1.79990291e+00 
 8.62303710e-07  8.62303710e-07  8.62303710e-07  1.79990277e+00 
 8.62503710e-07  8.62503710e-07  8.62503710e-07  1.79990291e+00 
 8.62703710e-07  8.62703710e-07  8.62703710e-07  1.79990277e+00 
 8.62903710e-07  8.62903710e-07  8.62903710e-07  1.79990291e+00 
 8.63103710e-07  8.63103710e-07  8.63103710e-07  1.79990277e+00 
 8.63303710e-07  8.63303710e-07  8.63303710e-07  1.79990291e+00 
 8.63503710e-07  8.63503710e-07  8.63503710e-07  1.79990277e+00 
 8.63703710e-07  8.63703710e-07  8.63703710e-07  1.79990291e+00 
 8.63903710e-07  8.63903710e-07  8.63903710e-07  1.79990277e+00 
 8.64103710e-07  8.64103710e-07  8.64103710e-07  1.79990291e+00 
 8.64303710e-07  8.64303710e-07  8.64303710e-07  1.79990277e+00 
 8.64503710e-07  8.64503710e-07  8.64503710e-07  1.79990291e+00 
 8.64703710e-07  8.64703710e-07  8.64703710e-07  1.79990277e+00 
 8.64903710e-07  8.64903710e-07  8.64903710e-07  1.79990291e+00 
 8.65103710e-07  8.65103710e-07  8.65103710e-07  1.79990277e+00 
 8.65303710e-07  8.65303710e-07  8.65303710e-07  1.79990291e+00 
 8.65503710e-07  8.65503710e-07  8.65503710e-07  1.79990277e+00 
 8.65703710e-07  8.65703710e-07  8.65703710e-07  1.79990291e+00 
 8.65903710e-07  8.65903710e-07  8.65903710e-07  1.79990277e+00 
 8.66103710e-07  8.66103710e-07  8.66103710e-07  1.79990291e+00 
 8.66303710e-07  8.66303710e-07  8.66303710e-07  1.79990277e+00 
 8.66503710e-07  8.66503710e-07  8.66503710e-07  1.79990291e+00 
 8.66703710e-07  8.66703710e-07  8.66703710e-07  1.79990277e+00 
 8.66903710e-07  8.66903710e-07  8.66903710e-07  1.79990291e+00 
 8.67103710e-07  8.67103710e-07  8.67103710e-07  1.79990277e+00 
 8.67303710e-07  8.67303710e-07  8.67303710e-07  1.79990291e+00 
 8.67503710e-07  8.67503710e-07  8.67503710e-07  1.79990277e+00 
 8.67703710e-07  8.67703710e-07  8.67703710e-07  1.79990291e+00 
 8.67903710e-07  8.67903710e-07  8.67903710e-07  1.79990277e+00 
 8.68103710e-07  8.68103710e-07  8.68103710e-07  1.79990291e+00 
 8.68303710e-07  8.68303710e-07  8.68303710e-07  1.79990277e+00 
 8.68503710e-07  8.68503710e-07  8.68503710e-07  1.79990291e+00 
 8.68703710e-07  8.68703710e-07  8.68703710e-07  1.79990277e+00 
 8.68903710e-07  8.68903710e-07  8.68903710e-07  1.79990291e+00 
 8.69103710e-07  8.69103710e-07  8.69103710e-07  1.79990277e+00 
 8.69303710e-07  8.69303710e-07  8.69303710e-07  1.79990291e+00 
 8.69503710e-07  8.69503710e-07  8.69503710e-07  1.79990277e+00 
 8.69703710e-07  8.69703710e-07  8.69703710e-07  1.79990291e+00 
 8.69903710e-07  8.69903710e-07  8.69903710e-07  1.79990277e+00 
 8.70103710e-07  8.70103710e-07  8.70103710e-07  1.79990291e+00 
 8.70303710e-07  8.70303710e-07  8.70303710e-07  1.79990277e+00 
 8.70503710e-07  8.70503710e-07  8.70503710e-07  1.79990291e+00 
 8.70703710e-07  8.70703710e-07  8.70703710e-07  1.79990277e+00 
 8.70903710e-07  8.70903710e-07  8.70903710e-07  1.79990291e+00 
 8.71103710e-07  8.71103710e-07  8.71103710e-07  1.79990277e+00 
 8.71303710e-07  8.71303710e-07  8.71303710e-07  1.79990290e+00 
 8.71503710e-07  8.71503710e-07  8.71503710e-07  1.79990277e+00 
 8.71703710e-07  8.71703710e-07  8.71703710e-07  1.79990290e+00 
 8.71903710e-07  8.71903710e-07  8.71903710e-07  1.79990277e+00 
 8.72103710e-07  8.72103710e-07  8.72103710e-07  1.79990290e+00 
 8.72303710e-07  8.72303710e-07  8.72303710e-07  1.79990277e+00 
 8.72503710e-07  8.72503710e-07  8.72503710e-07  1.79990290e+00 
 8.72703710e-07  8.72703710e-07  8.72703710e-07  1.79990277e+00 
 8.72903710e-07  8.72903710e-07  8.72903710e-07  1.79990290e+00 
 8.73103710e-07  8.73103710e-07  8.73103710e-07  1.79990277e+00 
 8.73303710e-07  8.73303710e-07  8.73303710e-07  1.79990290e+00 
 8.73503710e-07  8.73503710e-07  8.73503710e-07  1.79990277e+00 
 8.73703710e-07  8.73703710e-07  8.73703710e-07  1.79990290e+00 
 8.73903710e-07  8.73903710e-07  8.73903710e-07  1.79990277e+00 
 8.74103710e-07  8.74103710e-07  8.74103710e-07  1.79990290e+00 
 8.74303710e-07  8.74303710e-07  8.74303710e-07  1.79990277e+00 
 8.74503710e-07  8.74503710e-07  8.74503710e-07  1.79990290e+00 
 8.74703710e-07  8.74703710e-07  8.74703710e-07  1.79990277e+00 
 8.74903710e-07  8.74903710e-07  8.74903710e-07  1.79990290e+00 
 8.75103710e-07  8.75103710e-07  8.75103710e-07  1.79990277e+00 
 8.75303710e-07  8.75303710e-07  8.75303710e-07  1.79990290e+00 
 8.75503710e-07  8.75503710e-07  8.75503710e-07  1.79990277e+00 
 8.75703710e-07  8.75703710e-07  8.75703710e-07  1.79990290e+00 
 8.75903710e-07  8.75903710e-07  8.75903710e-07  1.79990277e+00 
 8.76103710e-07  8.76103710e-07  8.76103710e-07  1.79990290e+00 
 8.76303710e-07  8.76303710e-07  8.76303710e-07  1.79990277e+00 
 8.76503710e-07  8.76503710e-07  8.76503710e-07  1.79990290e+00 
 8.76703710e-07  8.76703710e-07  8.76703710e-07  1.79990277e+00 
 8.76903710e-07  8.76903710e-07  8.76903710e-07  1.79990290e+00 
 8.77103710e-07  8.77103710e-07  8.77103710e-07  1.79990277e+00 
 8.77303710e-07  8.77303710e-07  8.77303710e-07  1.79990290e+00 
 8.77503710e-07  8.77503710e-07  8.77503710e-07  1.79990277e+00 
 8.77703710e-07  8.77703710e-07  8.77703710e-07  1.79990290e+00 
 8.77903710e-07  8.77903710e-07  8.77903710e-07  1.79990277e+00 
 8.78103710e-07  8.78103710e-07  8.78103710e-07  1.79990290e+00 
 8.78303710e-07  8.78303710e-07  8.78303710e-07  1.79990277e+00 
 8.78503710e-07  8.78503710e-07  8.78503710e-07  1.79990290e+00 
 8.78703710e-07  8.78703710e-07  8.78703710e-07  1.79990277e+00 
 8.78903710e-07  8.78903710e-07  8.78903710e-07  1.79990290e+00 
 8.79103710e-07  8.79103710e-07  8.79103710e-07  1.79990277e+00 
 8.79303710e-07  8.79303710e-07  8.79303710e-07  1.79990290e+00 
 8.79503710e-07  8.79503710e-07  8.79503710e-07  1.79990277e+00 
 8.79703710e-07  8.79703710e-07  8.79703710e-07  1.79990290e+00 
 8.79903710e-07  8.79903710e-07  8.79903710e-07  1.79990277e+00 
 8.80103710e-07  8.80103710e-07  8.80103710e-07  1.79990290e+00 
 8.80303710e-07  8.80303710e-07  8.80303710e-07  1.79990277e+00 
 8.80503710e-07  8.80503710e-07  8.80503710e-07  1.79990290e+00 
 8.80703710e-07  8.80703710e-07  8.80703710e-07  1.79990277e+00 
 8.80903710e-07  8.80903710e-07  8.80903710e-07  1.79990290e+00 
 8.81103710e-07  8.81103710e-07  8.81103710e-07  1.79990277e+00 
 8.81303710e-07  8.81303710e-07  8.81303710e-07  1.79990290e+00 
 8.81503710e-07  8.81503710e-07  8.81503710e-07  1.79990277e+00 
 8.81703710e-07  8.81703710e-07  8.81703710e-07  1.79990290e+00 
 8.81903710e-07  8.81903710e-07  8.81903710e-07  1.79990277e+00 
 8.82103710e-07  8.82103710e-07  8.82103710e-07  1.79990290e+00 
 8.82303710e-07  8.82303710e-07  8.82303710e-07  1.79990277e+00 
 8.82503710e-07  8.82503710e-07  8.82503710e-07  1.79990290e+00 
 8.82703710e-07  8.82703710e-07  8.82703710e-07  1.79990277e+00 
 8.82903710e-07  8.82903710e-07  8.82903710e-07  1.79990290e+00 
 8.83103710e-07  8.83103710e-07  8.83103710e-07  1.79990277e+00 
 8.83303710e-07  8.83303710e-07  8.83303710e-07  1.79990290e+00 
 8.83503710e-07  8.83503710e-07  8.83503710e-07  1.79990277e+00 
 8.83703710e-07  8.83703710e-07  8.83703710e-07  1.79990290e+00 
 8.83903710e-07  8.83903710e-07  8.83903710e-07  1.79990277e+00 
 8.84103710e-07  8.84103710e-07  8.84103710e-07  1.79990290e+00 
 8.84303710e-07  8.84303710e-07  8.84303710e-07  1.79990277e+00 
 8.84503710e-07  8.84503710e-07  8.84503710e-07  1.79990290e+00 
 8.84703710e-07  8.84703710e-07  8.84703710e-07  1.79990277e+00 
 8.84903710e-07  8.84903710e-07  8.84903710e-07  1.79990290e+00 
 8.85103710e-07  8.85103710e-07  8.85103710e-07  1.79990277e+00 
 8.85303710e-07  8.85303710e-07  8.85303710e-07  1.79990290e+00 
 8.85503710e-07  8.85503710e-07  8.85503710e-07  1.79990277e+00 
 8.85703710e-07  8.85703710e-07  8.85703710e-07  1.79990290e+00 
 8.85903710e-07  8.85903710e-07  8.85903710e-07  1.79990277e+00 
 8.86103710e-07  8.86103710e-07  8.86103710e-07  1.79990290e+00 
 8.86303710e-07  8.86303710e-07  8.86303710e-07  1.79990277e+00 
 8.86503710e-07  8.86503710e-07  8.86503710e-07  1.79990290e+00 
 8.86703710e-07  8.86703710e-07  8.86703710e-07  1.79990277e+00 
 8.86903710e-07  8.86903710e-07  8.86903710e-07  1.79990290e+00 
 8.87103710e-07  8.87103710e-07  8.87103710e-07  1.79990277e+00 
 8.87303710e-07  8.87303710e-07  8.87303710e-07  1.79990290e+00 
 8.87503710e-07  8.87503710e-07  8.87503710e-07  1.79990277e+00 
 8.87703710e-07  8.87703710e-07  8.87703710e-07  1.79990290e+00 
 8.87903710e-07  8.87903710e-07  8.87903710e-07  1.79990277e+00 
 8.88103710e-07  8.88103710e-07  8.88103710e-07  1.79990290e+00 
 8.88303710e-07  8.88303710e-07  8.88303710e-07  1.79990277e+00 
 8.88503710e-07  8.88503710e-07  8.88503710e-07  1.79990290e+00 
 8.88703710e-07  8.88703710e-07  8.88703710e-07  1.79990277e+00 
 8.88903710e-07  8.88903710e-07  8.88903710e-07  1.79990290e+00 
 8.89103710e-07  8.89103710e-07  8.89103710e-07  1.79990277e+00 
 8.89303710e-07  8.89303710e-07  8.89303710e-07  1.79990290e+00 
 8.89503710e-07  8.89503710e-07  8.89503710e-07  1.79990277e+00 
 8.89703710e-07  8.89703710e-07  8.89703710e-07  1.79990290e+00 
 8.89903710e-07  8.89903710e-07  8.89903710e-07  1.79990278e+00 
 8.90103710e-07  8.90103710e-07  8.90103710e-07  1.79990290e+00 
 8.90303710e-07  8.90303710e-07  8.90303710e-07  1.79990278e+00 
 8.90503710e-07  8.90503710e-07  8.90503710e-07  1.79990290e+00 
 8.90703710e-07  8.90703710e-07  8.90703710e-07  1.79990278e+00 
 8.90903710e-07  8.90903710e-07  8.90903710e-07  1.79990290e+00 
 8.91103710e-07  8.91103710e-07  8.91103710e-07  1.79990278e+00 
 8.91303710e-07  8.91303710e-07  8.91303710e-07  1.79990290e+00 
 8.91503710e-07  8.91503710e-07  8.91503710e-07  1.79990278e+00 
 8.91703710e-07  8.91703710e-07  8.91703710e-07  1.79990290e+00 
 8.91903710e-07  8.91903710e-07  8.91903710e-07  1.79990278e+00 
 8.92103710e-07  8.92103710e-07  8.92103710e-07  1.79990290e+00 
 8.92303710e-07  8.92303710e-07  8.92303710e-07  1.79990278e+00 
 8.92503710e-07  8.92503710e-07  8.92503710e-07  1.79990290e+00 
 8.92703710e-07  8.92703710e-07  8.92703710e-07  1.79990278e+00 
 8.92903710e-07  8.92903710e-07  8.92903710e-07  1.79990290e+00 
 8.93103710e-07  8.93103710e-07  8.93103710e-07  1.79990278e+00 
 8.93303710e-07  8.93303710e-07  8.93303710e-07  1.79990290e+00 
 8.93503710e-07  8.93503710e-07  8.93503710e-07  1.79990278e+00 
 8.93703710e-07  8.93703710e-07  8.93703710e-07  1.79990290e+00 
 8.93903710e-07  8.93903710e-07  8.93903710e-07  1.79990278e+00 
 8.94103710e-07  8.94103710e-07  8.94103710e-07  1.79990290e+00 
 8.94303710e-07  8.94303710e-07  8.94303710e-07  1.79990278e+00 
 8.94503710e-07  8.94503710e-07  8.94503710e-07  1.79990290e+00 
 8.94703710e-07  8.94703710e-07  8.94703710e-07  1.79990278e+00 
 8.94903710e-07  8.94903710e-07  8.94903710e-07  1.79990290e+00 
 8.95103710e-07  8.95103710e-07  8.95103710e-07  1.79990278e+00 
 8.95303710e-07  8.95303710e-07  8.95303710e-07  1.79990290e+00 
 8.95503710e-07  8.95503710e-07  8.95503710e-07  1.79990278e+00 
 8.95703710e-07  8.95703710e-07  8.95703710e-07  1.79990290e+00 
 8.95903710e-07  8.95903710e-07  8.95903710e-07  1.79990278e+00 
 8.96103710e-07  8.96103710e-07  8.96103710e-07  1.79990290e+00 
 8.96303710e-07  8.96303710e-07  8.96303710e-07  1.79990278e+00 
 8.96503710e-07  8.96503710e-07  8.96503710e-07  1.79990290e+00 
 8.96703710e-07  8.96703710e-07  8.96703710e-07  1.79990278e+00 
 8.96903710e-07  8.96903710e-07  8.96903710e-07  1.79990290e+00 
 8.97103710e-07  8.97103710e-07  8.97103710e-07  1.79990278e+00 
 8.97303710e-07  8.97303710e-07  8.97303710e-07  1.79990290e+00 
 8.97503710e-07  8.97503710e-07  8.97503710e-07  1.79990278e+00 
 8.97703710e-07  8.97703710e-07  8.97703710e-07  1.79990290e+00 
 8.97903710e-07  8.97903710e-07  8.97903710e-07  1.79990278e+00 
 8.98103710e-07  8.98103710e-07  8.98103710e-07  1.79990290e+00 
 8.98303710e-07  8.98303710e-07  8.98303710e-07  1.79990278e+00 
 8.98503710e-07  8.98503710e-07  8.98503710e-07  1.79990290e+00 
 8.98703710e-07  8.98703710e-07  8.98703710e-07  1.79990278e+00 
 8.98903710e-07  8.98903710e-07  8.98903710e-07  1.79990290e+00 
 8.99103710e-07  8.99103710e-07  8.99103710e-07  1.79990278e+00 
 8.99303710e-07  8.99303710e-07  8.99303710e-07  1.79990290e+00 
 8.99503710e-07  8.99503710e-07  8.99503710e-07  1.79990278e+00 
 8.99703710e-07  8.99703710e-07  8.99703710e-07  1.79990290e+00 
 8.99903710e-07  8.99903710e-07  8.99903710e-07  1.79990278e+00 
 9.00103710e-07  9.00103710e-07  9.00103710e-07  1.79990290e+00 
 9.00303710e-07  9.00303710e-07  9.00303710e-07  1.79990278e+00 
 9.00503710e-07  9.00503710e-07  9.00503710e-07  1.79990290e+00 
 9.00703710e-07  9.00703710e-07  9.00703710e-07  1.79990278e+00 
 9.00903710e-07  9.00903710e-07  9.00903710e-07  1.79990290e+00 
 9.01103710e-07  9.01103710e-07  9.01103710e-07  1.79990278e+00 
 9.01303710e-07  9.01303710e-07  9.01303710e-07  1.79990290e+00 
 9.01503710e-07  9.01503710e-07  9.01503710e-07  1.79990278e+00 
 9.01703710e-07  9.01703710e-07  9.01703710e-07  1.79990290e+00 
 9.01903710e-07  9.01903710e-07  9.01903710e-07  1.79990278e+00 
 9.02103710e-07  9.02103710e-07  9.02103710e-07  1.79990290e+00 
 9.02303710e-07  9.02303710e-07  9.02303710e-07  1.79990278e+00 
 9.02503710e-07  9.02503710e-07  9.02503710e-07  1.79990290e+00 
 9.02703710e-07  9.02703710e-07  9.02703710e-07  1.79990278e+00 
 9.02903710e-07  9.02903710e-07  9.02903710e-07  1.79990290e+00 
 9.03103710e-07  9.03103710e-07  9.03103710e-07  1.79990278e+00 
 9.03303710e-07  9.03303710e-07  9.03303710e-07  1.79990290e+00 
 9.03503710e-07  9.03503710e-07  9.03503710e-07  1.79990278e+00 
 9.03703710e-07  9.03703710e-07  9.03703710e-07  1.79990290e+00 
 9.03903710e-07  9.03903710e-07  9.03903710e-07  1.79990278e+00 
 9.04103710e-07  9.04103710e-07  9.04103710e-07  1.79990290e+00 
 9.04303710e-07  9.04303710e-07  9.04303710e-07  1.79990278e+00 
 9.04503710e-07  9.04503710e-07  9.04503710e-07  1.79990290e+00 
 9.04703710e-07  9.04703710e-07  9.04703710e-07  1.79990278e+00 
 9.04903710e-07  9.04903710e-07  9.04903710e-07  1.79990290e+00 
 9.05103710e-07  9.05103710e-07  9.05103710e-07  1.79990278e+00 
 9.05303710e-07  9.05303710e-07  9.05303710e-07  1.79990290e+00 
 9.05503710e-07  9.05503710e-07  9.05503710e-07  1.79990278e+00 
 9.05703710e-07  9.05703710e-07  9.05703710e-07  1.79990290e+00 
 9.05903710e-07  9.05903710e-07  9.05903710e-07  1.79990278e+00 
 9.06103710e-07  9.06103710e-07  9.06103710e-07  1.79990290e+00 
 9.06303710e-07  9.06303710e-07  9.06303710e-07  1.79990278e+00 
 9.06503710e-07  9.06503710e-07  9.06503710e-07  1.79990290e+00 
 9.06703710e-07  9.06703710e-07  9.06703710e-07  1.79990278e+00 
 9.06903710e-07  9.06903710e-07  9.06903710e-07  1.79990290e+00 
 9.07103710e-07  9.07103710e-07  9.07103710e-07  1.79990278e+00 
 9.07303710e-07  9.07303710e-07  9.07303710e-07  1.79990290e+00 
 9.07503710e-07  9.07503710e-07  9.07503710e-07  1.79990278e+00 
 9.07703710e-07  9.07703710e-07  9.07703710e-07  1.79990290e+00 
 9.07903710e-07  9.07903710e-07  9.07903710e-07  1.79990278e+00 
 9.08103710e-07  9.08103710e-07  9.08103710e-07  1.79990290e+00 
 9.08303710e-07  9.08303710e-07  9.08303710e-07  1.79990278e+00 
 9.08503710e-07  9.08503710e-07  9.08503710e-07  1.79990290e+00 
 9.08703710e-07  9.08703710e-07  9.08703710e-07  1.79990278e+00 
 9.08903710e-07  9.08903710e-07  9.08903710e-07  1.79990290e+00 
 9.09103710e-07  9.09103710e-07  9.09103710e-07  1.79990278e+00 
 9.09303710e-07  9.09303710e-07  9.09303710e-07  1.79990290e+00 
 9.09503710e-07  9.09503710e-07  9.09503710e-07  1.79990278e+00 
 9.09703710e-07  9.09703710e-07  9.09703710e-07  1.79990290e+00 
 9.09903710e-07  9.09903710e-07  9.09903710e-07  1.79990278e+00 
 9.10103710e-07  9.10103710e-07  9.10103710e-07  1.79990290e+00 
 9.10303710e-07  9.10303710e-07  9.10303710e-07  1.79990278e+00 
 9.10503710e-07  9.10503710e-07  9.10503710e-07  1.79990290e+00 
 9.10703710e-07  9.10703710e-07  9.10703710e-07  1.79990278e+00 
 9.10903710e-07  9.10903710e-07  9.10903710e-07  1.79990290e+00 
 9.11103710e-07  9.11103710e-07  9.11103710e-07  1.79990278e+00 
 9.11303710e-07  9.11303710e-07  9.11303710e-07  1.79990290e+00 
 9.11503710e-07  9.11503710e-07  9.11503710e-07  1.79990278e+00 
 9.11703710e-07  9.11703710e-07  9.11703710e-07  1.79990290e+00 
 9.11903710e-07  9.11903710e-07  9.11903710e-07  1.79990278e+00 
 9.12103710e-07  9.12103710e-07  9.12103710e-07  1.79990290e+00 
 9.12303710e-07  9.12303710e-07  9.12303710e-07  1.79990278e+00 
 9.12503710e-07  9.12503710e-07  9.12503710e-07  1.79990290e+00 
 9.12703710e-07  9.12703710e-07  9.12703710e-07  1.79990278e+00 
 9.12903710e-07  9.12903710e-07  9.12903710e-07  1.79990290e+00 
 9.13103710e-07  9.13103710e-07  9.13103710e-07  1.79990278e+00 
 9.13303710e-07  9.13303710e-07  9.13303710e-07  1.79990290e+00 
 9.13503710e-07  9.13503710e-07  9.13503710e-07  1.79990278e+00 
 9.13703710e-07  9.13703710e-07  9.13703710e-07  1.79990290e+00 
 9.13903710e-07  9.13903710e-07  9.13903710e-07  1.79990278e+00 
 9.14103710e-07  9.14103710e-07  9.14103710e-07  1.79990290e+00 
 9.14303710e-07  9.14303710e-07  9.14303710e-07  1.79990278e+00 
 9.14503710e-07  9.14503710e-07  9.14503710e-07  1.79990290e+00 
 9.14703710e-07  9.14703710e-07  9.14703710e-07  1.79990278e+00 
 9.14903710e-07  9.14903710e-07  9.14903710e-07  1.79990290e+00 
 9.15103710e-07  9.15103710e-07  9.15103710e-07  1.79990278e+00 
 9.15303710e-07  9.15303710e-07  9.15303710e-07  1.79990290e+00 
 9.15503710e-07  9.15503710e-07  9.15503710e-07  1.79990278e+00 
 9.15703710e-07  9.15703710e-07  9.15703710e-07  1.79990290e+00 
 9.15903710e-07  9.15903710e-07  9.15903710e-07  1.79990278e+00 
 9.16103710e-07  9.16103710e-07  9.16103710e-07  1.79990290e+00 
 9.16303710e-07  9.16303710e-07  9.16303710e-07  1.79990278e+00 
 9.16503710e-07  9.16503710e-07  9.16503710e-07  1.79990290e+00 
 9.16703710e-07  9.16703710e-07  9.16703710e-07  1.79990278e+00 
 9.16903710e-07  9.16903710e-07  9.16903710e-07  1.79990290e+00 
 9.17103710e-07  9.17103710e-07  9.17103710e-07  1.79990278e+00 
 9.17303710e-07  9.17303710e-07  9.17303710e-07  1.79990290e+00 
 9.17503710e-07  9.17503710e-07  9.17503710e-07  1.79990278e+00 
 9.17703710e-07  9.17703710e-07  9.17703710e-07  1.79990290e+00 
 9.17903710e-07  9.17903710e-07  9.17903710e-07  1.79990278e+00 
 9.18103710e-07  9.18103710e-07  9.18103710e-07  1.79990290e+00 
 9.18303710e-07  9.18303710e-07  9.18303710e-07  1.79990278e+00 
 9.18503710e-07  9.18503710e-07  9.18503710e-07  1.79990290e+00 
 9.18703710e-07  9.18703710e-07  9.18703710e-07  1.79990278e+00 
 9.18903710e-07  9.18903710e-07  9.18903710e-07  1.79990290e+00 
 9.19103710e-07  9.19103710e-07  9.19103710e-07  1.79990278e+00 
 9.19303710e-07  9.19303710e-07  9.19303710e-07  1.79990290e+00 
 9.19503710e-07  9.19503710e-07  9.19503710e-07  1.79990278e+00 
 9.19703710e-07  9.19703710e-07  9.19703710e-07  1.79990290e+00 
 9.19903710e-07  9.19903710e-07  9.19903710e-07  1.79990278e+00 
 9.20103710e-07  9.20103710e-07  9.20103710e-07  1.79990290e+00 
 9.20303710e-07  9.20303710e-07  9.20303710e-07  1.79990278e+00 
 9.20503710e-07  9.20503710e-07  9.20503710e-07  1.79990290e+00 
 9.20703710e-07  9.20703710e-07  9.20703710e-07  1.79990278e+00 
 9.20903710e-07  9.20903710e-07  9.20903710e-07  1.79990290e+00 
 9.21103710e-07  9.21103710e-07  9.21103710e-07  1.79990278e+00 
 9.21303710e-07  9.21303710e-07  9.21303710e-07  1.79990290e+00 
 9.21503710e-07  9.21503710e-07  9.21503710e-07  1.79990278e+00 
 9.21703710e-07  9.21703710e-07  9.21703710e-07  1.79990290e+00 
 9.21903710e-07  9.21903710e-07  9.21903710e-07  1.79990278e+00 
 9.22103710e-07  9.22103710e-07  9.22103710e-07  1.79990290e+00 
 9.22303710e-07  9.22303710e-07  9.22303710e-07  1.79990278e+00 
 9.22503710e-07  9.22503710e-07  9.22503710e-07  1.79990290e+00 
 9.22703710e-07  9.22703710e-07  9.22703710e-07  1.79990278e+00 
 9.22903710e-07  9.22903710e-07  9.22903710e-07  1.79990290e+00 
 9.23103710e-07  9.23103710e-07  9.23103710e-07  1.79990278e+00 
 9.23303710e-07  9.23303710e-07  9.23303710e-07  1.79990290e+00 
 9.23503710e-07  9.23503710e-07  9.23503710e-07  1.79990278e+00 
 9.23703710e-07  9.23703710e-07  9.23703710e-07  1.79990290e+00 
 9.23903710e-07  9.23903710e-07  9.23903710e-07  1.79990278e+00 
 9.24103710e-07  9.24103710e-07  9.24103710e-07  1.79990290e+00 
 9.24303710e-07  9.24303710e-07  9.24303710e-07  1.79990278e+00 
 9.24503710e-07  9.24503710e-07  9.24503710e-07  1.79990290e+00 
 9.24703710e-07  9.24703710e-07  9.24703710e-07  1.79990278e+00 
 9.24903710e-07  9.24903710e-07  9.24903710e-07  1.79990290e+00 
 9.25103710e-07  9.25103710e-07  9.25103710e-07  1.79990278e+00 
 9.25303710e-07  9.25303710e-07  9.25303710e-07  1.79990290e+00 
 9.25503710e-07  9.25503710e-07  9.25503710e-07  1.79990278e+00 
 9.25703710e-07  9.25703710e-07  9.25703710e-07  1.79990290e+00 
 9.25903710e-07  9.25903710e-07  9.25903710e-07  1.79990278e+00 
 9.26103710e-07  9.26103710e-07  9.26103710e-07  1.79990290e+00 
 9.26303710e-07  9.26303710e-07  9.26303710e-07  1.79990278e+00 
 9.26503710e-07  9.26503710e-07  9.26503710e-07  1.79990290e+00 
 9.26703710e-07  9.26703710e-07  9.26703710e-07  1.79990278e+00 
 9.26903710e-07  9.26903710e-07  9.26903710e-07  1.79990290e+00 
 9.27103710e-07  9.27103710e-07  9.27103710e-07  1.79990278e+00 
 9.27303710e-07  9.27303710e-07  9.27303710e-07  1.79990290e+00 
 9.27503710e-07  9.27503710e-07  9.27503710e-07  1.79990278e+00 
 9.27703710e-07  9.27703710e-07  9.27703710e-07  1.79990290e+00 
 9.27903710e-07  9.27903710e-07  9.27903710e-07  1.79990278e+00 
 9.28103710e-07  9.28103710e-07  9.28103710e-07  1.79990290e+00 
 9.28303710e-07  9.28303710e-07  9.28303710e-07  1.79990278e+00 
 9.28503710e-07  9.28503710e-07  9.28503710e-07  1.79990290e+00 
 9.28703710e-07  9.28703710e-07  9.28703710e-07  1.79990278e+00 
 9.28903710e-07  9.28903710e-07  9.28903710e-07  1.79990290e+00 
 9.29103710e-07  9.29103710e-07  9.29103710e-07  1.79990278e+00 
 9.29303710e-07  9.29303710e-07  9.29303710e-07  1.79990290e+00 
 9.29503710e-07  9.29503710e-07  9.29503710e-07  1.79990278e+00 
 9.29703710e-07  9.29703710e-07  9.29703710e-07  1.79990290e+00 
 9.29903710e-07  9.29903710e-07  9.29903710e-07  1.79990278e+00 
 9.30103710e-07  9.30103710e-07  9.30103710e-07  1.79990290e+00 
 9.30303710e-07  9.30303710e-07  9.30303710e-07  1.79990278e+00 
 9.30503710e-07  9.30503710e-07  9.30503710e-07  1.79990290e+00 
 9.30703710e-07  9.30703710e-07  9.30703710e-07  1.79990278e+00 
 9.30903710e-07  9.30903710e-07  9.30903710e-07  1.79990290e+00 
 9.31103710e-07  9.31103710e-07  9.31103710e-07  1.79990278e+00 
 9.31303710e-07  9.31303710e-07  9.31303710e-07  1.79990290e+00 
 9.31503710e-07  9.31503710e-07  9.31503710e-07  1.79990278e+00 
 9.31703710e-07  9.31703710e-07  9.31703710e-07  1.79990290e+00 
 9.31903710e-07  9.31903710e-07  9.31903710e-07  1.79990278e+00 
 9.32103710e-07  9.32103710e-07  9.32103710e-07  1.79990290e+00 
 9.32303710e-07  9.32303710e-07  9.32303710e-07  1.79990278e+00 
 9.32503710e-07  9.32503710e-07  9.32503710e-07  1.79990290e+00 
 9.32703710e-07  9.32703710e-07  9.32703710e-07  1.79990278e+00 
 9.32903710e-07  9.32903710e-07  9.32903710e-07  1.79990290e+00 
 9.33103710e-07  9.33103710e-07  9.33103710e-07  1.79990278e+00 
 9.33303710e-07  9.33303710e-07  9.33303710e-07  1.79990290e+00 
 9.33503710e-07  9.33503710e-07  9.33503710e-07  1.79990278e+00 
 9.33703710e-07  9.33703710e-07  9.33703710e-07  1.79990290e+00 
 9.33903710e-07  9.33903710e-07  9.33903710e-07  1.79990278e+00 
 9.34103710e-07  9.34103710e-07  9.34103710e-07  1.79990290e+00 
 9.34303710e-07  9.34303710e-07  9.34303710e-07  1.79990278e+00 
 9.34503710e-07  9.34503710e-07  9.34503710e-07  1.79990290e+00 
 9.34703710e-07  9.34703710e-07  9.34703710e-07  1.79990278e+00 
 9.34903710e-07  9.34903710e-07  9.34903710e-07  1.79990290e+00 
 9.35103710e-07  9.35103710e-07  9.35103710e-07  1.79990278e+00 
 9.35303710e-07  9.35303710e-07  9.35303710e-07  1.79990290e+00 
 9.35503710e-07  9.35503710e-07  9.35503710e-07  1.79990278e+00 
 9.35703710e-07  9.35703710e-07  9.35703710e-07  1.79990290e+00 
 9.35903710e-07  9.35903710e-07  9.35903710e-07  1.79990278e+00 
 9.36103710e-07  9.36103710e-07  9.36103710e-07  1.79990290e+00 
 9.36303710e-07  9.36303710e-07  9.36303710e-07  1.79990278e+00 
 9.36503710e-07  9.36503710e-07  9.36503710e-07  1.79990290e+00 
 9.36703710e-07  9.36703710e-07  9.36703710e-07  1.79990278e+00 
 9.36903710e-07  9.36903710e-07  9.36903710e-07  1.79990290e+00 
 9.37103710e-07  9.37103710e-07  9.37103710e-07  1.79990278e+00 
 9.37303710e-07  9.37303710e-07  9.37303710e-07  1.79990290e+00 
 9.37503710e-07  9.37503710e-07  9.37503710e-07  1.79990278e+00 
 9.37703710e-07  9.37703710e-07  9.37703710e-07  1.79990290e+00 
 9.37903710e-07  9.37903710e-07  9.37903710e-07  1.79990278e+00 
 9.38103710e-07  9.38103710e-07  9.38103710e-07  1.79990290e+00 
 9.38303710e-07  9.38303710e-07  9.38303710e-07  1.79990278e+00 
 9.38503710e-07  9.38503710e-07  9.38503710e-07  1.79990290e+00 
 9.38703710e-07  9.38703710e-07  9.38703710e-07  1.79990278e+00 
 9.38903710e-07  9.38903710e-07  9.38903710e-07  1.79990290e+00 
 9.39103710e-07  9.39103710e-07  9.39103710e-07  1.79990278e+00 
 9.39303710e-07  9.39303710e-07  9.39303710e-07  1.79990290e+00 
 9.39503710e-07  9.39503710e-07  9.39503710e-07  1.79990278e+00 
 9.39703710e-07  9.39703710e-07  9.39703710e-07  1.79990290e+00 
 9.39903710e-07  9.39903710e-07  9.39903710e-07  1.79990278e+00 
 9.40103710e-07  9.40103710e-07  9.40103710e-07  1.79990290e+00 
 9.40303710e-07  9.40303710e-07  9.40303710e-07  1.79990278e+00 
 9.40503710e-07  9.40503710e-07  9.40503710e-07  1.79990290e+00 
 9.40703710e-07  9.40703710e-07  9.40703710e-07  1.79990278e+00 
 9.40903710e-07  9.40903710e-07  9.40903710e-07  1.79990290e+00 
 9.41103710e-07  9.41103710e-07  9.41103710e-07  1.79990278e+00 
 9.41303710e-07  9.41303710e-07  9.41303710e-07  1.79990290e+00 
 9.41503710e-07  9.41503710e-07  9.41503710e-07  1.79990278e+00 
 9.41703710e-07  9.41703710e-07  9.41703710e-07  1.79990290e+00 
 9.41903710e-07  9.41903710e-07  9.41903710e-07  1.79990278e+00 
 9.42103710e-07  9.42103710e-07  9.42103710e-07  1.79990290e+00 
 9.42303710e-07  9.42303710e-07  9.42303710e-07  1.79990278e+00 
 9.42503710e-07  9.42503710e-07  9.42503710e-07  1.79990290e+00 
 9.42703710e-07  9.42703710e-07  9.42703710e-07  1.79990278e+00 
 9.42903710e-07  9.42903710e-07  9.42903710e-07  1.79990290e+00 
 9.43103710e-07  9.43103710e-07  9.43103710e-07  1.79990278e+00 
 9.43303710e-07  9.43303710e-07  9.43303710e-07  1.79990290e+00 
 9.43503710e-07  9.43503710e-07  9.43503710e-07  1.79990278e+00 
 9.43703710e-07  9.43703710e-07  9.43703710e-07  1.79990290e+00 
 9.43903710e-07  9.43903710e-07  9.43903710e-07  1.79990278e+00 
 9.44103710e-07  9.44103710e-07  9.44103710e-07  1.79990290e+00 
 9.44303710e-07  9.44303710e-07  9.44303710e-07  1.79990278e+00 
 9.44503710e-07  9.44503710e-07  9.44503710e-07  1.79990290e+00 
 9.44703710e-07  9.44703710e-07  9.44703710e-07  1.79990278e+00 
 9.44903710e-07  9.44903710e-07  9.44903710e-07  1.79990290e+00 
 9.45103710e-07  9.45103710e-07  9.45103710e-07  1.79990278e+00 
 9.45303710e-07  9.45303710e-07  9.45303710e-07  1.79990290e+00 
 9.45503710e-07  9.45503710e-07  9.45503710e-07  1.79990278e+00 
 9.45703710e-07  9.45703710e-07  9.45703710e-07  1.79990290e+00 
 9.45903710e-07  9.45903710e-07  9.45903710e-07  1.79990278e+00 
 9.46103710e-07  9.46103710e-07  9.46103710e-07  1.79990290e+00 
 9.46303710e-07  9.46303710e-07  9.46303710e-07  1.79990278e+00 
 9.46503710e-07  9.46503710e-07  9.46503710e-07  1.79990290e+00 
 9.46703710e-07  9.46703710e-07  9.46703710e-07  1.79990278e+00 
 9.46903710e-07  9.46903710e-07  9.46903710e-07  1.79990290e+00 
 9.47103710e-07  9.47103710e-07  9.47103710e-07  1.79990278e+00 
 9.47303710e-07  9.47303710e-07  9.47303710e-07  1.79990290e+00 
 9.47503710e-07  9.47503710e-07  9.47503710e-07  1.79990278e+00 
 9.47703710e-07  9.47703710e-07  9.47703710e-07  1.79990289e+00 
 9.47903710e-07  9.47903710e-07  9.47903710e-07  1.79990278e+00 
 9.48103710e-07  9.48103710e-07  9.48103710e-07  1.79990289e+00 
 9.48303710e-07  9.48303710e-07  9.48303710e-07  1.79990278e+00 
 9.48503710e-07  9.48503710e-07  9.48503710e-07  1.79990289e+00 
 9.48703710e-07  9.48703710e-07  9.48703710e-07  1.79990278e+00 
 9.48903710e-07  9.48903710e-07  9.48903710e-07  1.79990289e+00 
 9.49103710e-07  9.49103710e-07  9.49103710e-07  1.79990278e+00 
 9.49303710e-07  9.49303710e-07  9.49303710e-07  1.79990289e+00 
 9.49503710e-07  9.49503710e-07  9.49503710e-07  1.79990278e+00 
 9.49703710e-07  9.49703710e-07  9.49703710e-07  1.79990289e+00 
 9.49903710e-07  9.49903710e-07  9.49903710e-07  1.79990278e+00 
 9.50103710e-07  9.50103710e-07  9.50103710e-07  1.79990289e+00 
 9.50303710e-07  9.50303710e-07  9.50303710e-07  1.79990278e+00 
 9.50503710e-07  9.50503710e-07  9.50503710e-07  1.79990289e+00 
 9.50703710e-07  9.50703710e-07  9.50703710e-07  1.79990278e+00 
 9.50903710e-07  9.50903710e-07  9.50903710e-07  1.79990289e+00 
 9.51103710e-07  9.51103710e-07  9.51103710e-07  1.79990278e+00 
 9.51303710e-07  9.51303710e-07  9.51303710e-07  1.79990289e+00 
 9.51503710e-07  9.51503710e-07  9.51503710e-07  1.79990278e+00 
 9.51703710e-07  9.51703710e-07  9.51703710e-07  1.79990289e+00 
 9.51903710e-07  9.51903710e-07  9.51903710e-07  1.79990278e+00 
 9.52103710e-07  9.52103710e-07  9.52103710e-07  1.79990289e+00 
 9.52303710e-07  9.52303710e-07  9.52303710e-07  1.79990278e+00 
 9.52503710e-07  9.52503710e-07  9.52503710e-07  1.79990289e+00 
 9.52703710e-07  9.52703710e-07  9.52703710e-07  1.79990278e+00 
 9.52903710e-07  9.52903710e-07  9.52903710e-07  1.79990289e+00 
 9.53103710e-07  9.53103710e-07  9.53103710e-07  1.79990278e+00 
 9.53303710e-07  9.53303710e-07  9.53303710e-07  1.79990289e+00 
 9.53503710e-07  9.53503710e-07  9.53503710e-07  1.79990278e+00 
 9.53703710e-07  9.53703710e-07  9.53703710e-07  1.79990289e+00 
 9.53903710e-07  9.53903710e-07  9.53903710e-07  1.79990278e+00 
 9.54103710e-07  9.54103710e-07  9.54103710e-07  1.79990289e+00 
 9.54303710e-07  9.54303710e-07  9.54303710e-07  1.79990278e+00 
 9.54503710e-07  9.54503710e-07  9.54503710e-07  1.79990289e+00 
 9.54703710e-07  9.54703710e-07  9.54703710e-07  1.79990278e+00 
 9.54903710e-07  9.54903710e-07  9.54903710e-07  1.79990289e+00 
 9.55103710e-07  9.55103710e-07  9.55103710e-07  1.79990278e+00 
 9.55303710e-07  9.55303710e-07  9.55303710e-07  1.79990289e+00 
 9.55503710e-07  9.55503710e-07  9.55503710e-07  1.79990278e+00 
 9.55703710e-07  9.55703710e-07  9.55703710e-07  1.79990289e+00 
 9.55903710e-07  9.55903710e-07  9.55903710e-07  1.79990278e+00 
 9.56103710e-07  9.56103710e-07  9.56103710e-07  1.79990289e+00 
 9.56303710e-07  9.56303710e-07  9.56303710e-07  1.79990278e+00 
 9.56503710e-07  9.56503710e-07  9.56503710e-07  1.79990289e+00 
 9.56703710e-07  9.56703710e-07  9.56703710e-07  1.79990278e+00 
 9.56903710e-07  9.56903710e-07  9.56903710e-07  1.79990289e+00 
 9.57103710e-07  9.57103710e-07  9.57103710e-07  1.79990278e+00 
 9.57303710e-07  9.57303710e-07  9.57303710e-07  1.79990289e+00 
 9.57503710e-07  9.57503710e-07  9.57503710e-07  1.79990278e+00 
 9.57703710e-07  9.57703710e-07  9.57703710e-07  1.79990289e+00 
 9.57903710e-07  9.57903710e-07  9.57903710e-07  1.79990278e+00 
 9.58103710e-07  9.58103710e-07  9.58103710e-07  1.79990289e+00 
 9.58303710e-07  9.58303710e-07  9.58303710e-07  1.79990278e+00 
 9.58503710e-07  9.58503710e-07  9.58503710e-07  1.79990289e+00 
 9.58703710e-07  9.58703710e-07  9.58703710e-07  1.79990278e+00 
 9.58903710e-07  9.58903710e-07  9.58903710e-07  1.79990289e+00 
 9.59103710e-07  9.59103710e-07  9.59103710e-07  1.79990278e+00 
 9.59303710e-07  9.59303710e-07  9.59303710e-07  1.79990289e+00 
 9.59503710e-07  9.59503710e-07  9.59503710e-07  1.79990278e+00 
 9.59703710e-07  9.59703710e-07  9.59703710e-07  1.79990289e+00 
 9.59903710e-07  9.59903710e-07  9.59903710e-07  1.79990278e+00 
 9.60103710e-07  9.60103710e-07  9.60103710e-07  1.79990289e+00 
 9.60303710e-07  9.60303710e-07  9.60303710e-07  1.79990278e+00 
 9.60503710e-07  9.60503710e-07  9.60503710e-07  1.79990289e+00 
 9.60703710e-07  9.60703710e-07  9.60703710e-07  1.79990278e+00 
 9.60903710e-07  9.60903710e-07  9.60903710e-07  1.79990289e+00 
 9.61103710e-07  9.61103710e-07  9.61103710e-07  1.79990279e+00 
 9.61303710e-07  9.61303710e-07  9.61303710e-07  1.79990289e+00 
 9.61503710e-07  9.61503710e-07  9.61503710e-07  1.79990279e+00 
 9.61703710e-07  9.61703710e-07  9.61703710e-07  1.79990289e+00 
 9.61903710e-07  9.61903710e-07  9.61903710e-07  1.79990279e+00 
 9.62103710e-07  9.62103710e-07  9.62103710e-07  1.79990289e+00 
 9.62303710e-07  9.62303710e-07  9.62303710e-07  1.79990279e+00 
 9.62503710e-07  9.62503710e-07  9.62503710e-07  1.79990289e+00 
 9.62703710e-07  9.62703710e-07  9.62703710e-07  1.79990279e+00 
 9.62903710e-07  9.62903710e-07  9.62903710e-07  1.79990289e+00 
 9.63103710e-07  9.63103710e-07  9.63103710e-07  1.79990279e+00 
 9.63303710e-07  9.63303710e-07  9.63303710e-07  1.79990289e+00 
 9.63503710e-07  9.63503710e-07  9.63503710e-07  1.79990279e+00 
 9.63703710e-07  9.63703710e-07  9.63703710e-07  1.79990289e+00 
 9.63903710e-07  9.63903710e-07  9.63903710e-07  1.79990279e+00 
 9.64103710e-07  9.64103710e-07  9.64103710e-07  1.79990289e+00 
 9.64303710e-07  9.64303710e-07  9.64303710e-07  1.79990279e+00 
 9.64503710e-07  9.64503710e-07  9.64503710e-07  1.79990289e+00 
 9.64703710e-07  9.64703710e-07  9.64703710e-07  1.79990279e+00 
 9.64903710e-07  9.64903710e-07  9.64903710e-07  1.79990289e+00 
 9.65103710e-07  9.65103710e-07  9.65103710e-07  1.79990279e+00 
 9.65303710e-07  9.65303710e-07  9.65303710e-07  1.79990289e+00 
 9.65503710e-07  9.65503710e-07  9.65503710e-07  1.79990279e+00 
 9.65703710e-07  9.65703710e-07  9.65703710e-07  1.79990289e+00 
 9.65903710e-07  9.65903710e-07  9.65903710e-07  1.79990279e+00 
 9.66103710e-07  9.66103710e-07  9.66103710e-07  1.79990289e+00 
 9.66303710e-07  9.66303710e-07  9.66303710e-07  1.79990279e+00 
 9.66503710e-07  9.66503710e-07  9.66503710e-07  1.79990289e+00 
 9.66703710e-07  9.66703710e-07  9.66703710e-07  1.79990279e+00 
 9.66903710e-07  9.66903710e-07  9.66903710e-07  1.79990289e+00 
 9.67103710e-07  9.67103710e-07  9.67103710e-07  1.79990279e+00 
 9.67303710e-07  9.67303710e-07  9.67303710e-07  1.79990289e+00 
 9.67503710e-07  9.67503710e-07  9.67503710e-07  1.79990279e+00 
 9.67703710e-07  9.67703710e-07  9.67703710e-07  1.79990289e+00 
 9.67903710e-07  9.67903710e-07  9.67903710e-07  1.79990279e+00 
 9.68103710e-07  9.68103710e-07  9.68103710e-07  1.79990289e+00 
 9.68303710e-07  9.68303710e-07  9.68303710e-07  1.79990279e+00 
 9.68503710e-07  9.68503710e-07  9.68503710e-07  1.79990289e+00 
 9.68703710e-07  9.68703710e-07  9.68703710e-07  1.79990279e+00 
 9.68903710e-07  9.68903710e-07  9.68903710e-07  1.79990289e+00 
 9.69103710e-07  9.69103710e-07  9.69103710e-07  1.79990279e+00 
 9.69303710e-07  9.69303710e-07  9.69303710e-07  1.79990289e+00 
 9.69503710e-07  9.69503710e-07  9.69503710e-07  1.79990279e+00 
 9.69703710e-07  9.69703710e-07  9.69703710e-07  1.79990289e+00 
 9.69903710e-07  9.69903710e-07  9.69903710e-07  1.79990279e+00 
 9.70103710e-07  9.70103710e-07  9.70103710e-07  1.79990289e+00 
 9.70303710e-07  9.70303710e-07  9.70303710e-07  1.79990279e+00 
 9.70503710e-07  9.70503710e-07  9.70503710e-07  1.79990289e+00 
 9.70703710e-07  9.70703710e-07  9.70703710e-07  1.79990279e+00 
 9.70903710e-07  9.70903710e-07  9.70903710e-07  1.79990289e+00 
 9.71103710e-07  9.71103710e-07  9.71103710e-07  1.79990279e+00 
 9.71303710e-07  9.71303710e-07  9.71303710e-07  1.79990289e+00 
 9.71503710e-07  9.71503710e-07  9.71503710e-07  1.79990279e+00 
 9.71703710e-07  9.71703710e-07  9.71703710e-07  1.79990289e+00 
 9.71903710e-07  9.71903710e-07  9.71903710e-07  1.79990279e+00 
 9.72103710e-07  9.72103710e-07  9.72103710e-07  1.79990289e+00 
 9.72303710e-07  9.72303710e-07  9.72303710e-07  1.79990279e+00 
 9.72503710e-07  9.72503710e-07  9.72503710e-07  1.79990289e+00 
 9.72703710e-07  9.72703710e-07  9.72703710e-07  1.79990279e+00 
 9.72903710e-07  9.72903710e-07  9.72903710e-07  1.79990289e+00 
 9.73103710e-07  9.73103710e-07  9.73103710e-07  1.79990279e+00 
 9.73303710e-07  9.73303710e-07  9.73303710e-07  1.79990289e+00 
 9.73503710e-07  9.73503710e-07  9.73503710e-07  1.79990279e+00 
 9.73703710e-07  9.73703710e-07  9.73703710e-07  1.79990289e+00 
 9.73903710e-07  9.73903710e-07  9.73903710e-07  1.79990279e+00 
 9.74103710e-07  9.74103710e-07  9.74103710e-07  1.79990289e+00 
 9.74303710e-07  9.74303710e-07  9.74303710e-07  1.79990279e+00 
 9.74503710e-07  9.74503710e-07  9.74503710e-07  1.79990289e+00 
 9.74703710e-07  9.74703710e-07  9.74703710e-07  1.79990279e+00 
 9.74903710e-07  9.74903710e-07  9.74903710e-07  1.79990289e+00 
 9.75103710e-07  9.75103710e-07  9.75103710e-07  1.79990279e+00 
 9.75303710e-07  9.75303710e-07  9.75303710e-07  1.79990289e+00 
 9.75503710e-07  9.75503710e-07  9.75503710e-07  1.79990279e+00 
 9.75703710e-07  9.75703710e-07  9.75703710e-07  1.79990289e+00 
 9.75903710e-07  9.75903710e-07  9.75903710e-07  1.79990279e+00 
 9.76103710e-07  9.76103710e-07  9.76103710e-07  1.79990289e+00 
 9.76303710e-07  9.76303710e-07  9.76303710e-07  1.79990279e+00 
 9.76503710e-07  9.76503710e-07  9.76503710e-07  1.79990289e+00 
 9.76703710e-07  9.76703710e-07  9.76703710e-07  1.79990279e+00 
 9.76903710e-07  9.76903710e-07  9.76903710e-07  1.79990289e+00 
 9.77103710e-07  9.77103710e-07  9.77103710e-07  1.79990279e+00 
 9.77303710e-07  9.77303710e-07  9.77303710e-07  1.79990289e+00 
 9.77503710e-07  9.77503710e-07  9.77503710e-07  1.79990279e+00 
 9.77703710e-07  9.77703710e-07  9.77703710e-07  1.79990289e+00 
 9.77903710e-07  9.77903710e-07  9.77903710e-07  1.79990279e+00 
 9.78103710e-07  9.78103710e-07  9.78103710e-07  1.79990289e+00 
 9.78303710e-07  9.78303710e-07  9.78303710e-07  1.79990279e+00 
 9.78503710e-07  9.78503710e-07  9.78503710e-07  1.79990289e+00 
 9.78703710e-07  9.78703710e-07  9.78703710e-07  1.79990279e+00 
 9.78903710e-07  9.78903710e-07  9.78903710e-07  1.79990289e+00 
 9.79103710e-07  9.79103710e-07  9.79103710e-07  1.79990279e+00 
 9.79303710e-07  9.79303710e-07  9.79303710e-07  1.79990289e+00 
 9.79503710e-07  9.79503710e-07  9.79503710e-07  1.79990279e+00 
 9.79703710e-07  9.79703710e-07  9.79703710e-07  1.79990289e+00 
 9.79903710e-07  9.79903710e-07  9.79903710e-07  1.79990279e+00 
 9.80103710e-07  9.80103710e-07  9.80103710e-07  1.79990289e+00 
 9.80303710e-07  9.80303710e-07  9.80303710e-07  1.79990279e+00 
 9.80503710e-07  9.80503710e-07  9.80503710e-07  1.79990289e+00 
 9.80703710e-07  9.80703710e-07  9.80703710e-07  1.79990279e+00 
 9.80903710e-07  9.80903710e-07  9.80903710e-07  1.79990289e+00 
 9.81103710e-07  9.81103710e-07  9.81103710e-07  1.79990279e+00 
 9.81303710e-07  9.81303710e-07  9.81303710e-07  1.79990289e+00 
 9.81503710e-07  9.81503710e-07  9.81503710e-07  1.79990279e+00 
 9.81703710e-07  9.81703710e-07  9.81703710e-07  1.79990289e+00 
 9.81903710e-07  9.81903710e-07  9.81903710e-07  1.79990279e+00 
 9.82103710e-07  9.82103710e-07  9.82103710e-07  1.79990289e+00 
 9.82303710e-07  9.82303710e-07  9.82303710e-07  1.79990279e+00 
 9.82503710e-07  9.82503710e-07  9.82503710e-07  1.79990289e+00 
 9.82703710e-07  9.82703710e-07  9.82703710e-07  1.79990279e+00 
 9.82903710e-07  9.82903710e-07  9.82903710e-07  1.79990289e+00 
 9.83103710e-07  9.83103710e-07  9.83103710e-07  1.79990279e+00 
 9.83303710e-07  9.83303710e-07  9.83303710e-07  1.79990289e+00 
 9.83503710e-07  9.83503710e-07  9.83503710e-07  1.79990279e+00 
 9.83703710e-07  9.83703710e-07  9.83703710e-07  1.79990289e+00 
 9.83903710e-07  9.83903710e-07  9.83903710e-07  1.79990279e+00 
 9.84103710e-07  9.84103710e-07  9.84103710e-07  1.79990289e+00 
 9.84303710e-07  9.84303710e-07  9.84303710e-07  1.79990279e+00 
 9.84503710e-07  9.84503710e-07  9.84503710e-07  1.79990289e+00 
 9.84703710e-07  9.84703710e-07  9.84703710e-07  1.79990279e+00 
 9.84903710e-07  9.84903710e-07  9.84903710e-07  1.79990289e+00 
 9.85103710e-07  9.85103710e-07  9.85103710e-07  1.79990279e+00 
 9.85303710e-07  9.85303710e-07  9.85303710e-07  1.79990289e+00 
 9.85503710e-07  9.85503710e-07  9.85503710e-07  1.79990279e+00 
 9.85703710e-07  9.85703710e-07  9.85703710e-07  1.79990289e+00 
 9.85903710e-07  9.85903710e-07  9.85903710e-07  1.79990279e+00 
 9.86103710e-07  9.86103710e-07  9.86103710e-07  1.79990289e+00 
 9.86303710e-07  9.86303710e-07  9.86303710e-07  1.79990279e+00 
 9.86503710e-07  9.86503710e-07  9.86503710e-07  1.79990289e+00 
 9.86703710e-07  9.86703710e-07  9.86703710e-07  1.79990279e+00 
 9.86903710e-07  9.86903710e-07  9.86903710e-07  1.79990289e+00 
 9.87103710e-07  9.87103710e-07  9.87103710e-07  1.79990279e+00 
 9.87303710e-07  9.87303710e-07  9.87303710e-07  1.79990289e+00 
 9.87503710e-07  9.87503710e-07  9.87503710e-07  1.79990279e+00 
 9.87703710e-07  9.87703710e-07  9.87703710e-07  1.79990289e+00 
 9.87903710e-07  9.87903710e-07  9.87903710e-07  1.79990279e+00 
 9.88103710e-07  9.88103710e-07  9.88103710e-07  1.79990289e+00 
 9.88303710e-07  9.88303710e-07  9.88303710e-07  1.79990279e+00 
 9.88503710e-07  9.88503710e-07  9.88503710e-07  1.79990289e+00 
 9.88703710e-07  9.88703710e-07  9.88703710e-07  1.79990279e+00 
 9.88903710e-07  9.88903710e-07  9.88903710e-07  1.79990289e+00 
 9.89103710e-07  9.89103710e-07  9.89103710e-07  1.79990279e+00 
 9.89303710e-07  9.89303710e-07  9.89303710e-07  1.79990289e+00 
 9.89503710e-07  9.89503710e-07  9.89503710e-07  1.79990279e+00 
 9.89703710e-07  9.89703710e-07  9.89703710e-07  1.79990289e+00 
 9.89903710e-07  9.89903710e-07  9.89903710e-07  1.79990279e+00 
 9.90103710e-07  9.90103710e-07  9.90103710e-07  1.79990289e+00 
 9.90303710e-07  9.90303710e-07  9.90303710e-07  1.79990279e+00 
 9.90503710e-07  9.90503710e-07  9.90503710e-07  1.79990289e+00 
 9.90703710e-07  9.90703710e-07  9.90703710e-07  1.79990279e+00 
 9.90903710e-07  9.90903710e-07  9.90903710e-07  1.79990289e+00 
 9.91103710e-07  9.91103710e-07  9.91103710e-07  1.79990279e+00 
 9.91303710e-07  9.91303710e-07  9.91303710e-07  1.79990289e+00 
 9.91503710e-07  9.91503710e-07  9.91503710e-07  1.79990279e+00 
 9.91703710e-07  9.91703710e-07  9.91703710e-07  1.79990289e+00 
 9.91903710e-07  9.91903710e-07  9.91903710e-07  1.79990279e+00 
 9.92103710e-07  9.92103710e-07  9.92103710e-07  1.79990289e+00 
 9.92303710e-07  9.92303710e-07  9.92303710e-07  1.79990279e+00 
 9.92503710e-07  9.92503710e-07  9.92503710e-07  1.79990289e+00 
 9.92703710e-07  9.92703710e-07  9.92703710e-07  1.79990279e+00 
 9.92903710e-07  9.92903710e-07  9.92903710e-07  1.79990289e+00 
 9.93103710e-07  9.93103710e-07  9.93103710e-07  1.79990279e+00 
 9.93303710e-07  9.93303710e-07  9.93303710e-07  1.79990289e+00 
 9.93503710e-07  9.93503710e-07  9.93503710e-07  1.79990279e+00 
 9.93703710e-07  9.93703710e-07  9.93703710e-07  1.79990289e+00 
 9.93903710e-07  9.93903710e-07  9.93903710e-07  1.79990279e+00 
 9.94103710e-07  9.94103710e-07  9.94103710e-07  1.79990289e+00 
 9.94303710e-07  9.94303710e-07  9.94303710e-07  1.79990279e+00 
 9.94503710e-07  9.94503710e-07  9.94503710e-07  1.79990289e+00 
 9.94703710e-07  9.94703710e-07  9.94703710e-07  1.79990279e+00 
 9.94903710e-07  9.94903710e-07  9.94903710e-07  1.79990289e+00 
 9.95103710e-07  9.95103710e-07  9.95103710e-07  1.79990279e+00 
 9.95303710e-07  9.95303710e-07  9.95303710e-07  1.79990289e+00 
 9.95503710e-07  9.95503710e-07  9.95503710e-07  1.79990279e+00 
 9.95703710e-07  9.95703710e-07  9.95703710e-07  1.79990289e+00 
 9.95903710e-07  9.95903710e-07  9.95903710e-07  1.79990279e+00 
 9.96103710e-07  9.96103710e-07  9.96103710e-07  1.79990289e+00 
 9.96303710e-07  9.96303710e-07  9.96303710e-07  1.79990279e+00 
 9.96503710e-07  9.96503710e-07  9.96503710e-07  1.79990289e+00 
 9.96703710e-07  9.96703710e-07  9.96703710e-07  1.79990279e+00 
 9.96903710e-07  9.96903710e-07  9.96903710e-07  1.79990289e+00 
 9.97103710e-07  9.97103710e-07  9.97103710e-07  1.79990279e+00 
 9.97303710e-07  9.97303710e-07  9.97303710e-07  1.79990289e+00 
 9.97503710e-07  9.97503710e-07  9.97503710e-07  1.79990279e+00 
 9.97703710e-07  9.97703710e-07  9.97703710e-07  1.79990289e+00 
 9.97903710e-07  9.97903710e-07  9.97903710e-07  1.79990279e+00 
 9.98103710e-07  9.98103710e-07  9.98103710e-07  1.79990289e+00 
 9.98303710e-07  9.98303710e-07  9.98303710e-07  1.79990279e+00 
 9.98503710e-07  9.98503710e-07  9.98503710e-07  1.79990289e+00 
 9.98703710e-07  9.98703710e-07  9.98703710e-07  1.79990279e+00 
 9.98903710e-07  9.98903710e-07  9.98903710e-07  1.79990289e+00 
 9.99103710e-07  9.99103710e-07  9.99103710e-07  1.79990279e+00 
 9.99303710e-07  9.99303710e-07  9.99303710e-07  1.79990289e+00 
 9.99503710e-07  9.99503710e-07  9.99503710e-07  1.79990279e+00 
 9.99703710e-07  9.99703710e-07  9.99703710e-07  1.79990289e+00 
 9.99903710e-07  9.99903710e-07  9.99903710e-07  1.79990279e+00 
 1.00010371e-06  1.00010371e-06  1.00010371e-06  1.79990289e+00 
 1.00030371e-06  1.00030371e-06  1.00030371e-06  1.79990279e+00 
 1.00050371e-06  1.00050371e-06  1.00050371e-06  1.79990289e+00 
 1.00070371e-06  1.00070371e-06  1.00070371e-06  1.79990279e+00 
 1.00090371e-06  1.00090371e-06  1.00090371e-06  1.79990289e+00 
 1.00110371e-06  1.00110371e-06  1.00110371e-06  1.79990279e+00 
 1.00130371e-06  1.00130371e-06  1.00130371e-06  1.79990289e+00 
 1.00150371e-06  1.00150371e-06  1.00150371e-06  1.79990279e+00 
 1.00170371e-06  1.00170371e-06  1.00170371e-06  1.79990289e+00 
 1.00190371e-06  1.00190371e-06  1.00190371e-06  1.79990279e+00 
 1.00210371e-06  1.00210371e-06  1.00210371e-06  1.79990289e+00 
 1.00230371e-06  1.00230371e-06  1.00230371e-06  1.79990279e+00 
 1.00250371e-06  1.00250371e-06  1.00250371e-06  1.79990289e+00 
 1.00270371e-06  1.00270371e-06  1.00270371e-06  1.79990279e+00 
 1.00290371e-06  1.00290371e-06  1.00290371e-06  1.79990289e+00 
 1.00310371e-06  1.00310371e-06  1.00310371e-06  1.79990279e+00 
 1.00330371e-06  1.00330371e-06  1.00330371e-06  1.79990289e+00 
 1.00350371e-06  1.00350371e-06  1.00350371e-06  1.79990279e+00 
 1.00370371e-06  1.00370371e-06  1.00370371e-06  1.79990289e+00 
 1.00390371e-06  1.00390371e-06  1.00390371e-06  1.79990279e+00 
 1.00410371e-06  1.00410371e-06  1.00410371e-06  1.79990289e+00 
 1.00430371e-06  1.00430371e-06  1.00430371e-06  1.79990279e+00 
 1.00450371e-06  1.00450371e-06  1.00450371e-06  1.79990289e+00 
 1.00470371e-06  1.00470371e-06  1.00470371e-06  1.79990279e+00 
 1.00490371e-06  1.00490371e-06  1.00490371e-06  1.79990289e+00 
 1.00510371e-06  1.00510371e-06  1.00510371e-06  1.79990279e+00 
 1.00530371e-06  1.00530371e-06  1.00530371e-06  1.79990289e+00 
 1.00550371e-06  1.00550371e-06  1.00550371e-06  1.79990279e+00 
 1.00570371e-06  1.00570371e-06  1.00570371e-06  1.79990289e+00 
 1.00590371e-06  1.00590371e-06  1.00590371e-06  1.79990279e+00 
 1.00610371e-06  1.00610371e-06  1.00610371e-06  1.79990289e+00 
 1.00630371e-06  1.00630371e-06  1.00630371e-06  1.79990279e+00 
 1.00650371e-06  1.00650371e-06  1.00650371e-06  1.79990289e+00 
 1.00670371e-06  1.00670371e-06  1.00670371e-06  1.79990279e+00 
 1.00690371e-06  1.00690371e-06  1.00690371e-06  1.79990289e+00 
 1.00710371e-06  1.00710371e-06  1.00710371e-06  1.79990279e+00 
 1.00730371e-06  1.00730371e-06  1.00730371e-06  1.79990289e+00 
 1.00750371e-06  1.00750371e-06  1.00750371e-06  1.79990279e+00 
 1.00770371e-06  1.00770371e-06  1.00770371e-06  1.79990289e+00 
 1.00790371e-06  1.00790371e-06  1.00790371e-06  1.79990279e+00 
 1.00810371e-06  1.00810371e-06  1.00810371e-06  1.79990289e+00 
 1.00830371e-06  1.00830371e-06  1.00830371e-06  1.79990279e+00 
 1.00850371e-06  1.00850371e-06  1.00850371e-06  1.79990289e+00 
 1.00870371e-06  1.00870371e-06  1.00870371e-06  1.79990279e+00 
 1.00890371e-06  1.00890371e-06  1.00890371e-06  1.79990289e+00 
 1.00910371e-06  1.00910371e-06  1.00910371e-06  1.79990279e+00 
 1.00930371e-06  1.00930371e-06  1.00930371e-06  1.79990289e+00 
 1.00950371e-06  1.00950371e-06  1.00950371e-06  1.79990279e+00 
 1.00970371e-06  1.00970371e-06  1.00970371e-06  1.79990289e+00 
 1.00990371e-06  1.00990371e-06  1.00990371e-06  1.79990279e+00 
 1.01010371e-06  1.01010371e-06  1.01010371e-06  1.79990289e+00 
 1.01030371e-06  1.01030371e-06  1.01030371e-06  1.79990279e+00 
 1.01050371e-06  1.01050371e-06  1.01050371e-06  1.79990289e+00 
 1.01070371e-06  1.01070371e-06  1.01070371e-06  1.79990279e+00 
 1.01090371e-06  1.01090371e-06  1.01090371e-06  1.79990289e+00 
 1.01110371e-06  1.01110371e-06  1.01110371e-06  1.79990279e+00 
 1.01130371e-06  1.01130371e-06  1.01130371e-06  1.79990289e+00 
 1.01150371e-06  1.01150371e-06  1.01150371e-06  1.79990279e+00 
 1.01170371e-06  1.01170371e-06  1.01170371e-06  1.79990289e+00 
 1.01190371e-06  1.01190371e-06  1.01190371e-06  1.79990279e+00 
 1.01210371e-06  1.01210371e-06  1.01210371e-06  1.79990289e+00 
 1.01230371e-06  1.01230371e-06  1.01230371e-06  1.79990279e+00 
 1.01250371e-06  1.01250371e-06  1.01250371e-06  1.79990289e+00 
 1.01270371e-06  1.01270371e-06  1.01270371e-06  1.79990279e+00 
 1.01290371e-06  1.01290371e-06  1.01290371e-06  1.79990289e+00 
 1.01310371e-06  1.01310371e-06  1.01310371e-06  1.79990279e+00 
 1.01330371e-06  1.01330371e-06  1.01330371e-06  1.79990289e+00 
 1.01350371e-06  1.01350371e-06  1.01350371e-06  1.79990279e+00 
 1.01370371e-06  1.01370371e-06  1.01370371e-06  1.79990289e+00 
 1.01390371e-06  1.01390371e-06  1.01390371e-06  1.79990279e+00 
 1.01410371e-06  1.01410371e-06  1.01410371e-06  1.79990289e+00 
 1.01430371e-06  1.01430371e-06  1.01430371e-06  1.79990279e+00 
 1.01450371e-06  1.01450371e-06  1.01450371e-06  1.79990289e+00 
 1.01470371e-06  1.01470371e-06  1.01470371e-06  1.79990279e+00 
 1.01490371e-06  1.01490371e-06  1.01490371e-06  1.79990289e+00 
 1.01510371e-06  1.01510371e-06  1.01510371e-06  1.79990279e+00 
 1.01530371e-06  1.01530371e-06  1.01530371e-06  1.79990289e+00 
 1.01550371e-06  1.01550371e-06  1.01550371e-06  1.79990279e+00 
 1.01570371e-06  1.01570371e-06  1.01570371e-06  1.79990289e+00 
 1.01590371e-06  1.01590371e-06  1.01590371e-06  1.79990279e+00 
 1.01610371e-06  1.01610371e-06  1.01610371e-06  1.79990289e+00 
 1.01630371e-06  1.01630371e-06  1.01630371e-06  1.79990279e+00 
 1.01650371e-06  1.01650371e-06  1.01650371e-06  1.79990289e+00 
 1.01670371e-06  1.01670371e-06  1.01670371e-06  1.79990279e+00 
 1.01690371e-06  1.01690371e-06  1.01690371e-06  1.79990289e+00 
 1.01710371e-06  1.01710371e-06  1.01710371e-06  1.79990279e+00 
 1.01730371e-06  1.01730371e-06  1.01730371e-06  1.79990289e+00 
 1.01750371e-06  1.01750371e-06  1.01750371e-06  1.79990279e+00 
 1.01770371e-06  1.01770371e-06  1.01770371e-06  1.79990289e+00 
 1.01790371e-06  1.01790371e-06  1.01790371e-06  1.79990279e+00 
 1.01810371e-06  1.01810371e-06  1.01810371e-06  1.79990289e+00 
 1.01830371e-06  1.01830371e-06  1.01830371e-06  1.79990279e+00 
 1.01850371e-06  1.01850371e-06  1.01850371e-06  1.79990289e+00 
 1.01870371e-06  1.01870371e-06  1.01870371e-06  1.79990279e+00 
 1.01890371e-06  1.01890371e-06  1.01890371e-06  1.79990289e+00 
 1.01910371e-06  1.01910371e-06  1.01910371e-06  1.79990279e+00 
 1.01930371e-06  1.01930371e-06  1.01930371e-06  1.79990289e+00 
 1.01950371e-06  1.01950371e-06  1.01950371e-06  1.79990279e+00 
 1.01970371e-06  1.01970371e-06  1.01970371e-06  1.79990289e+00 
 1.01990371e-06  1.01990371e-06  1.01990371e-06  1.79990279e+00 
 1.02010371e-06  1.02010371e-06  1.02010371e-06  1.79990289e+00 
 1.02030371e-06  1.02030371e-06  1.02030371e-06  1.79990279e+00 
 1.02050371e-06  1.02050371e-06  1.02050371e-06  1.79990289e+00 
 1.02070371e-06  1.02070371e-06  1.02070371e-06  1.79990279e+00 
 1.02090371e-06  1.02090371e-06  1.02090371e-06  1.79990289e+00 
 1.02110371e-06  1.02110371e-06  1.02110371e-06  1.79990279e+00 
 1.02130371e-06  1.02130371e-06  1.02130371e-06  1.79990289e+00 
 1.02150371e-06  1.02150371e-06  1.02150371e-06  1.79990279e+00 
 1.02170371e-06  1.02170371e-06  1.02170371e-06  1.79990289e+00 
 1.02190371e-06  1.02190371e-06  1.02190371e-06  1.79990279e+00 
 1.02210371e-06  1.02210371e-06  1.02210371e-06  1.79990289e+00 
 1.02230371e-06  1.02230371e-06  1.02230371e-06  1.79990279e+00 
 1.02250371e-06  1.02250371e-06  1.02250371e-06  1.79990289e+00 
 1.02270371e-06  1.02270371e-06  1.02270371e-06  1.79990279e+00 
 1.02290371e-06  1.02290371e-06  1.02290371e-06  1.79990289e+00 
 1.02310371e-06  1.02310371e-06  1.02310371e-06  1.79990279e+00 
 1.02330371e-06  1.02330371e-06  1.02330371e-06  1.79990289e+00 
 1.02350371e-06  1.02350371e-06  1.02350371e-06  1.79990279e+00 
 1.02370371e-06  1.02370371e-06  1.02370371e-06  1.79990289e+00 
 1.02390371e-06  1.02390371e-06  1.02390371e-06  1.79990279e+00 
 1.02410371e-06  1.02410371e-06  1.02410371e-06  1.79990289e+00 
 1.02430371e-06  1.02430371e-06  1.02430371e-06  1.79990279e+00 
 1.02450371e-06  1.02450371e-06  1.02450371e-06  1.79990289e+00 
 1.02470371e-06  1.02470371e-06  1.02470371e-06  1.79990279e+00 
 1.02490371e-06  1.02490371e-06  1.02490371e-06  1.79990289e+00 
 1.02510371e-06  1.02510371e-06  1.02510371e-06  1.79990279e+00 
 1.02530371e-06  1.02530371e-06  1.02530371e-06  1.79990289e+00 
 1.02550371e-06  1.02550371e-06  1.02550371e-06  1.79990279e+00 
 1.02570371e-06  1.02570371e-06  1.02570371e-06  1.79990289e+00 
 1.02590371e-06  1.02590371e-06  1.02590371e-06  1.79990279e+00 
 1.02610371e-06  1.02610371e-06  1.02610371e-06  1.79990289e+00 
 1.02630371e-06  1.02630371e-06  1.02630371e-06  1.79990279e+00 
 1.02650371e-06  1.02650371e-06  1.02650371e-06  1.79990289e+00 
 1.02670371e-06  1.02670371e-06  1.02670371e-06  1.79990279e+00 
 1.02690371e-06  1.02690371e-06  1.02690371e-06  1.79990289e+00 
 1.02710371e-06  1.02710371e-06  1.02710371e-06  1.79990279e+00 
 1.02730371e-06  1.02730371e-06  1.02730371e-06  1.79990289e+00 
 1.02750371e-06  1.02750371e-06  1.02750371e-06  1.79990279e+00 
 1.02770371e-06  1.02770371e-06  1.02770371e-06  1.79990289e+00 
 1.02790371e-06  1.02790371e-06  1.02790371e-06  1.79990279e+00 
 1.02810371e-06  1.02810371e-06  1.02810371e-06  1.79990289e+00 
 1.02830371e-06  1.02830371e-06  1.02830371e-06  1.79990279e+00 
 1.02850371e-06  1.02850371e-06  1.02850371e-06  1.79990289e+00 
 1.02870371e-06  1.02870371e-06  1.02870371e-06  1.79990279e+00 
 1.02890371e-06  1.02890371e-06  1.02890371e-06  1.79990289e+00 
 1.02910371e-06  1.02910371e-06  1.02910371e-06  1.79990279e+00 
 1.02930371e-06  1.02930371e-06  1.02930371e-06  1.79990289e+00 
 1.02950371e-06  1.02950371e-06  1.02950371e-06  1.79990279e+00 
 1.02970371e-06  1.02970371e-06  1.02970371e-06  1.79990289e+00 
 1.02990371e-06  1.02990371e-06  1.02990371e-06  1.79990279e+00 
 1.03010371e-06  1.03010371e-06  1.03010371e-06  1.79990289e+00 
 1.03030371e-06  1.03030371e-06  1.03030371e-06  1.79990279e+00 
 1.03050371e-06  1.03050371e-06  1.03050371e-06  1.79990289e+00 
 1.03070371e-06  1.03070371e-06  1.03070371e-06  1.79990279e+00 
 1.03090371e-06  1.03090371e-06  1.03090371e-06  1.79990289e+00 
 1.03110371e-06  1.03110371e-06  1.03110371e-06  1.79990279e+00 
 1.03130371e-06  1.03130371e-06  1.03130371e-06  1.79990289e+00 
 1.03150371e-06  1.03150371e-06  1.03150371e-06  1.79990279e+00 
 1.03170371e-06  1.03170371e-06  1.03170371e-06  1.79990289e+00 
 1.03190371e-06  1.03190371e-06  1.03190371e-06  1.79990279e+00 
 1.03210371e-06  1.03210371e-06  1.03210371e-06  1.79990289e+00 
 1.03230371e-06  1.03230371e-06  1.03230371e-06  1.79990279e+00 
 1.03250371e-06  1.03250371e-06  1.03250371e-06  1.79990289e+00 
 1.03270371e-06  1.03270371e-06  1.03270371e-06  1.79990279e+00 
 1.03290371e-06  1.03290371e-06  1.03290371e-06  1.79990289e+00 
 1.03310371e-06  1.03310371e-06  1.03310371e-06  1.79990279e+00 
 1.03330371e-06  1.03330371e-06  1.03330371e-06  1.79990289e+00 
 1.03350371e-06  1.03350371e-06  1.03350371e-06  1.79990279e+00 
 1.03370371e-06  1.03370371e-06  1.03370371e-06  1.79990289e+00 
 1.03390371e-06  1.03390371e-06  1.03390371e-06  1.79990279e+00 
 1.03410371e-06  1.03410371e-06  1.03410371e-06  1.79990289e+00 
 1.03430371e-06  1.03430371e-06  1.03430371e-06  1.79990279e+00 
 1.03450371e-06  1.03450371e-06  1.03450371e-06  1.79990289e+00 
 1.03470371e-06  1.03470371e-06  1.03470371e-06  1.79990279e+00 
 1.03490371e-06  1.03490371e-06  1.03490371e-06  1.79990289e+00 
 1.03510371e-06  1.03510371e-06  1.03510371e-06  1.79990279e+00 
 1.03530371e-06  1.03530371e-06  1.03530371e-06  1.79990289e+00 
 1.03550371e-06  1.03550371e-06  1.03550371e-06  1.79990279e+00 
 1.03570371e-06  1.03570371e-06  1.03570371e-06  1.79990289e+00 
 1.03590371e-06  1.03590371e-06  1.03590371e-06  1.79990279e+00 
 1.03610371e-06  1.03610371e-06  1.03610371e-06  1.79990289e+00 
 1.03630371e-06  1.03630371e-06  1.03630371e-06  1.79990279e+00 
 1.03650371e-06  1.03650371e-06  1.03650371e-06  1.79990289e+00 
 1.03670371e-06  1.03670371e-06  1.03670371e-06  1.79990279e+00 
 1.03690371e-06  1.03690371e-06  1.03690371e-06  1.79990289e+00 
 1.03710371e-06  1.03710371e-06  1.03710371e-06  1.79990279e+00 
 1.03730371e-06  1.03730371e-06  1.03730371e-06  1.79990289e+00 
 1.03750371e-06  1.03750371e-06  1.03750371e-06  1.79990279e+00 
 1.03770371e-06  1.03770371e-06  1.03770371e-06  1.79990289e+00 
 1.03790371e-06  1.03790371e-06  1.03790371e-06  1.79990279e+00 
 1.03810371e-06  1.03810371e-06  1.03810371e-06  1.79990289e+00 
 1.03830371e-06  1.03830371e-06  1.03830371e-06  1.79990279e+00 
 1.03850371e-06  1.03850371e-06  1.03850371e-06  1.79990289e+00 
 1.03870371e-06  1.03870371e-06  1.03870371e-06  1.79990279e+00 
 1.03890371e-06  1.03890371e-06  1.03890371e-06  1.79990289e+00 
 1.03910371e-06  1.03910371e-06  1.03910371e-06  1.79990279e+00 
 1.03930371e-06  1.03930371e-06  1.03930371e-06  1.79990289e+00 
 1.03950371e-06  1.03950371e-06  1.03950371e-06  1.79990279e+00 
 1.03970371e-06  1.03970371e-06  1.03970371e-06  1.79990289e+00 
 1.03990371e-06  1.03990371e-06  1.03990371e-06  1.79990279e+00 
 1.04010371e-06  1.04010371e-06  1.04010371e-06  1.79990289e+00 
 1.04030371e-06  1.04030371e-06  1.04030371e-06  1.79990279e+00 
 1.04050371e-06  1.04050371e-06  1.04050371e-06  1.79990289e+00 
 1.04070371e-06  1.04070371e-06  1.04070371e-06  1.79990279e+00 
 1.04090371e-06  1.04090371e-06  1.04090371e-06  1.79990289e+00 
 1.04110371e-06  1.04110371e-06  1.04110371e-06  1.79990279e+00 
 1.04130371e-06  1.04130371e-06  1.04130371e-06  1.79990289e+00 
 1.04150371e-06  1.04150371e-06  1.04150371e-06  1.79990279e+00 
 1.04170371e-06  1.04170371e-06  1.04170371e-06  1.79990289e+00 
 1.04190371e-06  1.04190371e-06  1.04190371e-06  1.79990279e+00 
 1.04210371e-06  1.04210371e-06  1.04210371e-06  1.79990289e+00 
 1.04230371e-06  1.04230371e-06  1.04230371e-06  1.79990279e+00 
 1.04250371e-06  1.04250371e-06  1.04250371e-06  1.79990289e+00 
 1.04270371e-06  1.04270371e-06  1.04270371e-06  1.79990279e+00 
 1.04290371e-06  1.04290371e-06  1.04290371e-06  1.79990289e+00 
 1.04310371e-06  1.04310371e-06  1.04310371e-06  1.79990279e+00 
 1.04330371e-06  1.04330371e-06  1.04330371e-06  1.79990289e+00 
 1.04350371e-06  1.04350371e-06  1.04350371e-06  1.79990279e+00 
 1.04370371e-06  1.04370371e-06  1.04370371e-06  1.79990289e+00 
 1.04390371e-06  1.04390371e-06  1.04390371e-06  1.79990279e+00 
 1.04410371e-06  1.04410371e-06  1.04410371e-06  1.79990289e+00 
 1.04430371e-06  1.04430371e-06  1.04430371e-06  1.79990279e+00 
 1.04450371e-06  1.04450371e-06  1.04450371e-06  1.79990289e+00 
 1.04470371e-06  1.04470371e-06  1.04470371e-06  1.79990279e+00 
 1.04490371e-06  1.04490371e-06  1.04490371e-06  1.79990289e+00 
 1.04510371e-06  1.04510371e-06  1.04510371e-06  1.79990279e+00 
 1.04530371e-06  1.04530371e-06  1.04530371e-06  1.79990289e+00 
 1.04550371e-06  1.04550371e-06  1.04550371e-06  1.79990280e+00 
 1.04570371e-06  1.04570371e-06  1.04570371e-06  1.79990288e+00 
 1.04590371e-06  1.04590371e-06  1.04590371e-06  1.79990280e+00 
 1.04610371e-06  1.04610371e-06  1.04610371e-06  1.79990288e+00 
 1.04630371e-06  1.04630371e-06  1.04630371e-06  1.79990280e+00 
 1.04650371e-06  1.04650371e-06  1.04650371e-06  1.79990288e+00 
 1.04670371e-06  1.04670371e-06  1.04670371e-06  1.79990280e+00 
 1.04690371e-06  1.04690371e-06  1.04690371e-06  1.79990288e+00 
 1.04710371e-06  1.04710371e-06  1.04710371e-06  1.79990280e+00 
 1.04730371e-06  1.04730371e-06  1.04730371e-06  1.79990288e+00 
 1.04750371e-06  1.04750371e-06  1.04750371e-06  1.79990280e+00 
 1.04770371e-06  1.04770371e-06  1.04770371e-06  1.79990288e+00 
 1.04790371e-06  1.04790371e-06  1.04790371e-06  1.79990280e+00 
 1.04810371e-06  1.04810371e-06  1.04810371e-06  1.79990288e+00 
 1.04830371e-06  1.04830371e-06  1.04830371e-06  1.79990280e+00 
 1.04850371e-06  1.04850371e-06  1.04850371e-06  1.79990288e+00 
 1.04870371e-06  1.04870371e-06  1.04870371e-06  1.79990280e+00 
 1.04890371e-06  1.04890371e-06  1.04890371e-06  1.79990288e+00 
 1.04910371e-06  1.04910371e-06  1.04910371e-06  1.79990280e+00 
 1.04930371e-06  1.04930371e-06  1.04930371e-06  1.79990288e+00 
 1.04950371e-06  1.04950371e-06  1.04950371e-06  1.79990280e+00 
 1.04970371e-06  1.04970371e-06  1.04970371e-06  1.79990288e+00 
 1.04990371e-06  1.04990371e-06  1.04990371e-06  1.79990280e+00 
 1.05010371e-06  1.05010371e-06  1.05010371e-06  1.79990288e+00 
 1.05030371e-06  1.05030371e-06  1.05030371e-06  1.79990280e+00 
 1.05050371e-06  1.05050371e-06  1.05050371e-06  1.79990288e+00 
 1.05070371e-06  1.05070371e-06  1.05070371e-06  1.79990280e+00 
 1.05090371e-06  1.05090371e-06  1.05090371e-06  1.79990288e+00 
 1.05110371e-06  1.05110371e-06  1.05110371e-06  1.79990280e+00 
 1.05130371e-06  1.05130371e-06  1.05130371e-06  1.79990288e+00 
 1.05150371e-06  1.05150371e-06  1.05150371e-06  1.79990280e+00 
 1.05170371e-06  1.05170371e-06  1.05170371e-06  1.79990288e+00 
 1.05190371e-06  1.05190371e-06  1.05190371e-06  1.79990280e+00 
 1.05210371e-06  1.05210371e-06  1.05210371e-06  1.79990288e+00 
 1.05230371e-06  1.05230371e-06  1.05230371e-06  1.79990280e+00 
 1.05250371e-06  1.05250371e-06  1.05250371e-06  1.79990288e+00 
 1.05270371e-06  1.05270371e-06  1.05270371e-06  1.79990280e+00 
 1.05290371e-06  1.05290371e-06  1.05290371e-06  1.79990288e+00 
 1.05310371e-06  1.05310371e-06  1.05310371e-06  1.79990280e+00 
 1.05330371e-06  1.05330371e-06  1.05330371e-06  1.79990288e+00 
 1.05350371e-06  1.05350371e-06  1.05350371e-06  1.79990280e+00 
 1.05370371e-06  1.05370371e-06  1.05370371e-06  1.79990288e+00 
 1.05390371e-06  1.05390371e-06  1.05390371e-06  1.79990280e+00 
 1.05410371e-06  1.05410371e-06  1.05410371e-06  1.79990288e+00 
 1.05430371e-06  1.05430371e-06  1.05430371e-06  1.79990280e+00 
 1.05450371e-06  1.05450371e-06  1.05450371e-06  1.79990288e+00 
 1.05470371e-06  1.05470371e-06  1.05470371e-06  1.79990280e+00 
 1.05490371e-06  1.05490371e-06  1.05490371e-06  1.79990288e+00 
 1.05510371e-06  1.05510371e-06  1.05510371e-06  1.79990280e+00 
 1.05530371e-06  1.05530371e-06  1.05530371e-06  1.79990288e+00 
 1.05550371e-06  1.05550371e-06  1.05550371e-06  1.79990280e+00 
 1.05570371e-06  1.05570371e-06  1.05570371e-06  1.79990288e+00 
 1.05590371e-06  1.05590371e-06  1.05590371e-06  1.79990280e+00 
 1.05610371e-06  1.05610371e-06  1.05610371e-06  1.79990288e+00 
 1.05630371e-06  1.05630371e-06  1.05630371e-06  1.79990280e+00 
 1.05650371e-06  1.05650371e-06  1.05650371e-06  1.79990288e+00 
 1.05670371e-06  1.05670371e-06  1.05670371e-06  1.79990280e+00 
 1.05690371e-06  1.05690371e-06  1.05690371e-06  1.79990288e+00 
 1.05710371e-06  1.05710371e-06  1.05710371e-06  1.79990280e+00 
 1.05730371e-06  1.05730371e-06  1.05730371e-06  1.79990288e+00 
 1.05750371e-06  1.05750371e-06  1.05750371e-06  1.79990280e+00 
 1.05770371e-06  1.05770371e-06  1.05770371e-06  1.79990288e+00 
 1.05790371e-06  1.05790371e-06  1.05790371e-06  1.79990280e+00 
 1.05810371e-06  1.05810371e-06  1.05810371e-06  1.79990288e+00 
 1.05830371e-06  1.05830371e-06  1.05830371e-06  1.79990280e+00 
 1.05850371e-06  1.05850371e-06  1.05850371e-06  1.79990288e+00 
 1.05870371e-06  1.05870371e-06  1.05870371e-06  1.79990280e+00 
 1.05890371e-06  1.05890371e-06  1.05890371e-06  1.79990288e+00 
 1.05910371e-06  1.05910371e-06  1.05910371e-06  1.79990280e+00 
 1.05930371e-06  1.05930371e-06  1.05930371e-06  1.79990288e+00 
 1.05950371e-06  1.05950371e-06  1.05950371e-06  1.79990280e+00 
 1.05970371e-06  1.05970371e-06  1.05970371e-06  1.79990288e+00 
 1.05990371e-06  1.05990371e-06  1.05990371e-06  1.79990280e+00 
 1.06010371e-06  1.06010371e-06  1.06010371e-06  1.79990288e+00 
 1.06030371e-06  1.06030371e-06  1.06030371e-06  1.79990280e+00 
 1.06050371e-06  1.06050371e-06  1.06050371e-06  1.79990288e+00 
 1.06070371e-06  1.06070371e-06  1.06070371e-06  1.79990280e+00 
 1.06090371e-06  1.06090371e-06  1.06090371e-06  1.79990288e+00 
 1.06110371e-06  1.06110371e-06  1.06110371e-06  1.79990280e+00 
 1.06130371e-06  1.06130371e-06  1.06130371e-06  1.79990288e+00 
 1.06150371e-06  1.06150371e-06  1.06150371e-06  1.79990280e+00 
 1.06170371e-06  1.06170371e-06  1.06170371e-06  1.79990288e+00 
 1.06190371e-06  1.06190371e-06  1.06190371e-06  1.79990280e+00 
 1.06210371e-06  1.06210371e-06  1.06210371e-06  1.79990288e+00 
 1.06230371e-06  1.06230371e-06  1.06230371e-06  1.79990280e+00 
 1.06250371e-06  1.06250371e-06  1.06250371e-06  1.79990288e+00 
 1.06270371e-06  1.06270371e-06  1.06270371e-06  1.79990280e+00 
 1.06290371e-06  1.06290371e-06  1.06290371e-06  1.79990288e+00 
 1.06310371e-06  1.06310371e-06  1.06310371e-06  1.79990280e+00 
 1.06330371e-06  1.06330371e-06  1.06330371e-06  1.79990288e+00 
 1.06350371e-06  1.06350371e-06  1.06350371e-06  1.79990280e+00 
 1.06370371e-06  1.06370371e-06  1.06370371e-06  1.79990288e+00 
 1.06390371e-06  1.06390371e-06  1.06390371e-06  1.79990280e+00 
 1.06410371e-06  1.06410371e-06  1.06410371e-06  1.79990288e+00 
 1.06430371e-06  1.06430371e-06  1.06430371e-06  1.79990280e+00 
 1.06450371e-06  1.06450371e-06  1.06450371e-06  1.79990288e+00 
 1.06470371e-06  1.06470371e-06  1.06470371e-06  1.79990280e+00 
 1.06490371e-06  1.06490371e-06  1.06490371e-06  1.79990288e+00 
 1.06510371e-06  1.06510371e-06  1.06510371e-06  1.79990280e+00 
 1.06530371e-06  1.06530371e-06  1.06530371e-06  1.79990288e+00 
 1.06550371e-06  1.06550371e-06  1.06550371e-06  1.79990280e+00 
 1.06570371e-06  1.06570371e-06  1.06570371e-06  1.79990288e+00 
 1.06590371e-06  1.06590371e-06  1.06590371e-06  1.79990280e+00 
 1.06610371e-06  1.06610371e-06  1.06610371e-06  1.79990288e+00 
 1.06630371e-06  1.06630371e-06  1.06630371e-06  1.79990280e+00 
 1.06650371e-06  1.06650371e-06  1.06650371e-06  1.79990288e+00 
 1.06670371e-06  1.06670371e-06  1.06670371e-06  1.79990280e+00 
 1.06690371e-06  1.06690371e-06  1.06690371e-06  1.79990288e+00 
 1.06710371e-06  1.06710371e-06  1.06710371e-06  1.79990280e+00 
 1.06730371e-06  1.06730371e-06  1.06730371e-06  1.79990288e+00 
 1.06750371e-06  1.06750371e-06  1.06750371e-06  1.79990280e+00 
 1.06770371e-06  1.06770371e-06  1.06770371e-06  1.79990288e+00 
 1.06790371e-06  1.06790371e-06  1.06790371e-06  1.79990280e+00 
 1.06810371e-06  1.06810371e-06  1.06810371e-06  1.79990288e+00 
 1.06830371e-06  1.06830371e-06  1.06830371e-06  1.79990280e+00 
 1.06850371e-06  1.06850371e-06  1.06850371e-06  1.79990288e+00 
 1.06870371e-06  1.06870371e-06  1.06870371e-06  1.79990280e+00 
 1.06890371e-06  1.06890371e-06  1.06890371e-06  1.79990288e+00 
 1.06910371e-06  1.06910371e-06  1.06910371e-06  1.79990280e+00 
 1.06930371e-06  1.06930371e-06  1.06930371e-06  1.79990288e+00 
 1.06950371e-06  1.06950371e-06  1.06950371e-06  1.79990280e+00 
 1.06970371e-06  1.06970371e-06  1.06970371e-06  1.79990288e+00 
 1.06990371e-06  1.06990371e-06  1.06990371e-06  1.79990280e+00 
 1.07010371e-06  1.07010371e-06  1.07010371e-06  1.79990288e+00 
 1.07030371e-06  1.07030371e-06  1.07030371e-06  1.79990280e+00 
 1.07050371e-06  1.07050371e-06  1.07050371e-06  1.79990288e+00 
 1.07070371e-06  1.07070371e-06  1.07070371e-06  1.79990280e+00 
 1.07090371e-06  1.07090371e-06  1.07090371e-06  1.79990288e+00 
 1.07110371e-06  1.07110371e-06  1.07110371e-06  1.79990280e+00 
 1.07130371e-06  1.07130371e-06  1.07130371e-06  1.79990288e+00 
 1.07150371e-06  1.07150371e-06  1.07150371e-06  1.79990280e+00 
 1.07170371e-06  1.07170371e-06  1.07170371e-06  1.79990288e+00 
 1.07190371e-06  1.07190371e-06  1.07190371e-06  1.79990280e+00 
 1.07210371e-06  1.07210371e-06  1.07210371e-06  1.79990288e+00 
 1.07230371e-06  1.07230371e-06  1.07230371e-06  1.79990280e+00 
 1.07250371e-06  1.07250371e-06  1.07250371e-06  1.79990288e+00 
 1.07270371e-06  1.07270371e-06  1.07270371e-06  1.79990280e+00 
 1.07290371e-06  1.07290371e-06  1.07290371e-06  1.79990288e+00 
 1.07310371e-06  1.07310371e-06  1.07310371e-06  1.79990280e+00 
 1.07330371e-06  1.07330371e-06  1.07330371e-06  1.79990288e+00 
 1.07350371e-06  1.07350371e-06  1.07350371e-06  1.79990280e+00 
 1.07370371e-06  1.07370371e-06  1.07370371e-06  1.79990288e+00 
 1.07390371e-06  1.07390371e-06  1.07390371e-06  1.79990280e+00 
 1.07410371e-06  1.07410371e-06  1.07410371e-06  1.79990288e+00 
 1.07430371e-06  1.07430371e-06  1.07430371e-06  1.79990280e+00 
 1.07450371e-06  1.07450371e-06  1.07450371e-06  1.79990288e+00 
 1.07470371e-06  1.07470371e-06  1.07470371e-06  1.79990280e+00 
 1.07490371e-06  1.07490371e-06  1.07490371e-06  1.79990288e+00 
 1.07510371e-06  1.07510371e-06  1.07510371e-06  1.79990280e+00 
 1.07530371e-06  1.07530371e-06  1.07530371e-06  1.79990288e+00 
 1.07550371e-06  1.07550371e-06  1.07550371e-06  1.79990280e+00 
 1.07570371e-06  1.07570371e-06  1.07570371e-06  1.79990288e+00 
 1.07590371e-06  1.07590371e-06  1.07590371e-06  1.79990280e+00 
 1.07610371e-06  1.07610371e-06  1.07610371e-06  1.79990288e+00 
 1.07630371e-06  1.07630371e-06  1.07630371e-06  1.79990280e+00 
 1.07650371e-06  1.07650371e-06  1.07650371e-06  1.79990288e+00 
 1.07670371e-06  1.07670371e-06  1.07670371e-06  1.79990280e+00 
 1.07690371e-06  1.07690371e-06  1.07690371e-06  1.79990288e+00 
 1.07710371e-06  1.07710371e-06  1.07710371e-06  1.79990280e+00 
 1.07730371e-06  1.07730371e-06  1.07730371e-06  1.79990288e+00 
 1.07750371e-06  1.07750371e-06  1.07750371e-06  1.79990280e+00 
 1.07770371e-06  1.07770371e-06  1.07770371e-06  1.79990288e+00 
 1.07790371e-06  1.07790371e-06  1.07790371e-06  1.79990280e+00 
 1.07810371e-06  1.07810371e-06  1.07810371e-06  1.79990288e+00 
 1.07830371e-06  1.07830371e-06  1.07830371e-06  1.79990280e+00 
 1.07850371e-06  1.07850371e-06  1.07850371e-06  1.79990288e+00 
 1.07870371e-06  1.07870371e-06  1.07870371e-06  1.79990280e+00 
 1.07890371e-06  1.07890371e-06  1.07890371e-06  1.79990288e+00 
 1.07910371e-06  1.07910371e-06  1.07910371e-06  1.79990280e+00 
 1.07930371e-06  1.07930371e-06  1.07930371e-06  1.79990288e+00 
 1.07950371e-06  1.07950371e-06  1.07950371e-06  1.79990280e+00 
 1.07970371e-06  1.07970371e-06  1.07970371e-06  1.79990288e+00 
 1.07990371e-06  1.07990371e-06  1.07990371e-06  1.79990280e+00 
 1.08010371e-06  1.08010371e-06  1.08010371e-06  1.79990288e+00 
 1.08030371e-06  1.08030371e-06  1.08030371e-06  1.79990280e+00 
 1.08050371e-06  1.08050371e-06  1.08050371e-06  1.79990288e+00 
 1.08070371e-06  1.08070371e-06  1.08070371e-06  1.79990280e+00 
 1.08090371e-06  1.08090371e-06  1.08090371e-06  1.79990288e+00 
 1.08110371e-06  1.08110371e-06  1.08110371e-06  1.79990280e+00 
 1.08130371e-06  1.08130371e-06  1.08130371e-06  1.79990288e+00 
 1.08150371e-06  1.08150371e-06  1.08150371e-06  1.79990280e+00 
 1.08170371e-06  1.08170371e-06  1.08170371e-06  1.79990288e+00 
 1.08190371e-06  1.08190371e-06  1.08190371e-06  1.79990280e+00 
 1.08210371e-06  1.08210371e-06  1.08210371e-06  1.79990288e+00 
 1.08230371e-06  1.08230371e-06  1.08230371e-06  1.79990280e+00 
 1.08250371e-06  1.08250371e-06  1.08250371e-06  1.79990288e+00 
 1.08270371e-06  1.08270371e-06  1.08270371e-06  1.79990280e+00 
 1.08290371e-06  1.08290371e-06  1.08290371e-06  1.79990288e+00 
 1.08310371e-06  1.08310371e-06  1.08310371e-06  1.79990280e+00 
 1.08330371e-06  1.08330371e-06  1.08330371e-06  1.79990288e+00 
 1.08350371e-06  1.08350371e-06  1.08350371e-06  1.79990280e+00 
 1.08370371e-06  1.08370371e-06  1.08370371e-06  1.79990288e+00 
 1.08390371e-06  1.08390371e-06  1.08390371e-06  1.79990280e+00 
 1.08410371e-06  1.08410371e-06  1.08410371e-06  1.79990288e+00 
 1.08430371e-06  1.08430371e-06  1.08430371e-06  1.79990280e+00 
 1.08450371e-06  1.08450371e-06  1.08450371e-06  1.79990288e+00 
 1.08470371e-06  1.08470371e-06  1.08470371e-06  1.79990280e+00 
 1.08490371e-06  1.08490371e-06  1.08490371e-06  1.79990288e+00 
 1.08510371e-06  1.08510371e-06  1.08510371e-06  1.79990280e+00 
 1.08530371e-06  1.08530371e-06  1.08530371e-06  1.79990288e+00 
 1.08550371e-06  1.08550371e-06  1.08550371e-06  1.79990280e+00 
 1.08570371e-06  1.08570371e-06  1.08570371e-06  1.79990288e+00 
 1.08590371e-06  1.08590371e-06  1.08590371e-06  1.79990280e+00 
 1.08610371e-06  1.08610371e-06  1.08610371e-06  1.79990288e+00 
 1.08630371e-06  1.08630371e-06  1.08630371e-06  1.79990280e+00 
 1.08650371e-06  1.08650371e-06  1.08650371e-06  1.79990288e+00 
 1.08670371e-06  1.08670371e-06  1.08670371e-06  1.79990280e+00 
 1.08690371e-06  1.08690371e-06  1.08690371e-06  1.79990288e+00 
 1.08710371e-06  1.08710371e-06  1.08710371e-06  1.79990280e+00 
 1.08730371e-06  1.08730371e-06  1.08730371e-06  1.79990288e+00 
 1.08750371e-06  1.08750371e-06  1.08750371e-06  1.79990280e+00 
 1.08770371e-06  1.08770371e-06  1.08770371e-06  1.79990288e+00 
 1.08790371e-06  1.08790371e-06  1.08790371e-06  1.79990280e+00 
 1.08810371e-06  1.08810371e-06  1.08810371e-06  1.79990288e+00 
 1.08830371e-06  1.08830371e-06  1.08830371e-06  1.79990280e+00 
 1.08850371e-06  1.08850371e-06  1.08850371e-06  1.79990288e+00 
 1.08870371e-06  1.08870371e-06  1.08870371e-06  1.79990280e+00 
 1.08890371e-06  1.08890371e-06  1.08890371e-06  1.79990288e+00 
 1.08910371e-06  1.08910371e-06  1.08910371e-06  1.79990280e+00 
 1.08930371e-06  1.08930371e-06  1.08930371e-06  1.79990288e+00 
 1.08950371e-06  1.08950371e-06  1.08950371e-06  1.79990280e+00 
 1.08970371e-06  1.08970371e-06  1.08970371e-06  1.79990288e+00 
 1.08990371e-06  1.08990371e-06  1.08990371e-06  1.79990280e+00 
 1.09010371e-06  1.09010371e-06  1.09010371e-06  1.79990288e+00 
 1.09030371e-06  1.09030371e-06  1.09030371e-06  1.79990280e+00 
 1.09050371e-06  1.09050371e-06  1.09050371e-06  1.79990288e+00 
 1.09070371e-06  1.09070371e-06  1.09070371e-06  1.79990280e+00 
 1.09090371e-06  1.09090371e-06  1.09090371e-06  1.79990288e+00 
 1.09110371e-06  1.09110371e-06  1.09110371e-06  1.79990280e+00 
 1.09130371e-06  1.09130371e-06  1.09130371e-06  1.79990288e+00 
 1.09150371e-06  1.09150371e-06  1.09150371e-06  1.79990280e+00 
 1.09170371e-06  1.09170371e-06  1.09170371e-06  1.79990288e+00 
 1.09190371e-06  1.09190371e-06  1.09190371e-06  1.79990280e+00 
 1.09210371e-06  1.09210371e-06  1.09210371e-06  1.79990288e+00 
 1.09230371e-06  1.09230371e-06  1.09230371e-06  1.79990280e+00 
 1.09250371e-06  1.09250371e-06  1.09250371e-06  1.79990288e+00 
 1.09270371e-06  1.09270371e-06  1.09270371e-06  1.79990280e+00 
 1.09290371e-06  1.09290371e-06  1.09290371e-06  1.79990288e+00 
 1.09310371e-06  1.09310371e-06  1.09310371e-06  1.79990280e+00 
 1.09330371e-06  1.09330371e-06  1.09330371e-06  1.79990288e+00 
 1.09350371e-06  1.09350371e-06  1.09350371e-06  1.79990280e+00 
 1.09370371e-06  1.09370371e-06  1.09370371e-06  1.79990288e+00 
 1.09390371e-06  1.09390371e-06  1.09390371e-06  1.79990280e+00 
 1.09410371e-06  1.09410371e-06  1.09410371e-06  1.79990288e+00 
 1.09430371e-06  1.09430371e-06  1.09430371e-06  1.79990280e+00 
 1.09450371e-06  1.09450371e-06  1.09450371e-06  1.79990288e+00 
 1.09470371e-06  1.09470371e-06  1.09470371e-06  1.79990280e+00 
 1.09490371e-06  1.09490371e-06  1.09490371e-06  1.79990288e+00 
 1.09510371e-06  1.09510371e-06  1.09510371e-06  1.79990280e+00 
 1.09530371e-06  1.09530371e-06  1.09530371e-06  1.79990288e+00 
 1.09550371e-06  1.09550371e-06  1.09550371e-06  1.79990280e+00 
 1.09570371e-06  1.09570371e-06  1.09570371e-06  1.79990288e+00 
 1.09590371e-06  1.09590371e-06  1.09590371e-06  1.79990280e+00 
 1.09610371e-06  1.09610371e-06  1.09610371e-06  1.79990288e+00 
 1.09630371e-06  1.09630371e-06  1.09630371e-06  1.79990280e+00 
 1.09650371e-06  1.09650371e-06  1.09650371e-06  1.79990288e+00 
 1.09670371e-06  1.09670371e-06  1.09670371e-06  1.79990280e+00 
 1.09690371e-06  1.09690371e-06  1.09690371e-06  1.79990288e+00 
 1.09710371e-06  1.09710371e-06  1.09710371e-06  1.79990280e+00 
 1.09730371e-06  1.09730371e-06  1.09730371e-06  1.79990288e+00 
 1.09750371e-06  1.09750371e-06  1.09750371e-06  1.79990280e+00 
 1.09770371e-06  1.09770371e-06  1.09770371e-06  1.79990288e+00 
 1.09790371e-06  1.09790371e-06  1.09790371e-06  1.79990280e+00 
 1.09810371e-06  1.09810371e-06  1.09810371e-06  1.79990288e+00 
 1.09830371e-06  1.09830371e-06  1.09830371e-06  1.79990280e+00 
 1.09850371e-06  1.09850371e-06  1.09850371e-06  1.79990288e+00 
 1.09870371e-06  1.09870371e-06  1.09870371e-06  1.79990280e+00 
 1.09890371e-06  1.09890371e-06  1.09890371e-06  1.79990288e+00 
 1.09910371e-06  1.09910371e-06  1.09910371e-06  1.79990280e+00 
 1.09930371e-06  1.09930371e-06  1.09930371e-06  1.79990288e+00 
 1.09950371e-06  1.09950371e-06  1.09950371e-06  1.79990280e+00 
 1.09970371e-06  1.09970371e-06  1.09970371e-06  1.79990288e+00 
 1.09990371e-06  1.09990371e-06  1.09990371e-06  1.79990280e+00 
 1.10010371e-06  1.10010371e-06  1.10010371e-06  1.79990288e+00 
 1.10030371e-06  1.10030371e-06  1.10030371e-06  1.79990280e+00 
 1.10050371e-06  1.10050371e-06  1.10050371e-06  1.79990288e+00 
 1.10070371e-06  1.10070371e-06  1.10070371e-06  1.79990280e+00 
 1.10090371e-06  1.10090371e-06  1.10090371e-06  1.79990288e+00 
 1.10110371e-06  1.10110371e-06  1.10110371e-06  1.79990280e+00 
 1.10130371e-06  1.10130371e-06  1.10130371e-06  1.79990288e+00 
 1.10150371e-06  1.10150371e-06  1.10150371e-06  1.79990280e+00 
 1.10170371e-06  1.10170371e-06  1.10170371e-06  1.79990288e+00 
 1.10190371e-06  1.10190371e-06  1.10190371e-06  1.79990280e+00 
 1.10210371e-06  1.10210371e-06  1.10210371e-06  1.79990288e+00 
 1.10230371e-06  1.10230371e-06  1.10230371e-06  1.79990280e+00 
 1.10250371e-06  1.10250371e-06  1.10250371e-06  1.79990288e+00 
 1.10270371e-06  1.10270371e-06  1.10270371e-06  1.79990280e+00 
 1.10290371e-06  1.10290371e-06  1.10290371e-06  1.79990288e+00 
 1.10310371e-06  1.10310371e-06  1.10310371e-06  1.79990280e+00 
 1.10330371e-06  1.10330371e-06  1.10330371e-06  1.79990288e+00 
 1.10350371e-06  1.10350371e-06  1.10350371e-06  1.79990280e+00 
 1.10370371e-06  1.10370371e-06  1.10370371e-06  1.79990288e+00 
 1.10390371e-06  1.10390371e-06  1.10390371e-06  1.79990280e+00 
 1.10410371e-06  1.10410371e-06  1.10410371e-06  1.79990288e+00 
 1.10430371e-06  1.10430371e-06  1.10430371e-06  1.79990280e+00 
 1.10450371e-06  1.10450371e-06  1.10450371e-06  1.79990288e+00 
 1.10470371e-06  1.10470371e-06  1.10470371e-06  1.79990280e+00 
 1.10490371e-06  1.10490371e-06  1.10490371e-06  1.79990288e+00 
 1.10510371e-06  1.10510371e-06  1.10510371e-06  1.79990280e+00 
 1.10530371e-06  1.10530371e-06  1.10530371e-06  1.79990288e+00 
 1.10550371e-06  1.10550371e-06  1.10550371e-06  1.79990280e+00 
 1.10570371e-06  1.10570371e-06  1.10570371e-06  1.79990288e+00 
 1.10590371e-06  1.10590371e-06  1.10590371e-06  1.79990280e+00 
 1.10610371e-06  1.10610371e-06  1.10610371e-06  1.79990288e+00 
 1.10630371e-06  1.10630371e-06  1.10630371e-06  1.79990280e+00 
 1.10650371e-06  1.10650371e-06  1.10650371e-06  1.79990288e+00 
 1.10670371e-06  1.10670371e-06  1.10670371e-06  1.79990280e+00 
 1.10690371e-06  1.10690371e-06  1.10690371e-06  1.79990288e+00 
 1.10710371e-06  1.10710371e-06  1.10710371e-06  1.79990280e+00 
 1.10730371e-06  1.10730371e-06  1.10730371e-06  1.79990288e+00 
 1.10750371e-06  1.10750371e-06  1.10750371e-06  1.79990280e+00 
 1.10770371e-06  1.10770371e-06  1.10770371e-06  1.79990288e+00 
 1.10790371e-06  1.10790371e-06  1.10790371e-06  1.79990280e+00 
 1.10810371e-06  1.10810371e-06  1.10810371e-06  1.79990288e+00 
 1.10830371e-06  1.10830371e-06  1.10830371e-06  1.79990280e+00 
 1.10850371e-06  1.10850371e-06  1.10850371e-06  1.79990288e+00 
 1.10870371e-06  1.10870371e-06  1.10870371e-06  1.79990280e+00 
 1.10890371e-06  1.10890371e-06  1.10890371e-06  1.79990288e+00 
 1.10910371e-06  1.10910371e-06  1.10910371e-06  1.79990280e+00 
 1.10930371e-06  1.10930371e-06  1.10930371e-06  1.79990288e+00 
 1.10950371e-06  1.10950371e-06  1.10950371e-06  1.79990280e+00 
 1.10970371e-06  1.10970371e-06  1.10970371e-06  1.79990288e+00 
 1.10990371e-06  1.10990371e-06  1.10990371e-06  1.79990280e+00 
 1.11010371e-06  1.11010371e-06  1.11010371e-06  1.79990288e+00 
 1.11030371e-06  1.11030371e-06  1.11030371e-06  1.79990280e+00 
 1.11050371e-06  1.11050371e-06  1.11050371e-06  1.79990288e+00 
 1.11070371e-06  1.11070371e-06  1.11070371e-06  1.79990280e+00 
 1.11090371e-06  1.11090371e-06  1.11090371e-06  1.79990288e+00 
 1.11110371e-06  1.11110371e-06  1.11110371e-06  1.79990280e+00 
 1.11130371e-06  1.11130371e-06  1.11130371e-06  1.79990288e+00 
 1.11150371e-06  1.11150371e-06  1.11150371e-06  1.79990280e+00 
 1.11170371e-06  1.11170371e-06  1.11170371e-06  1.79990288e+00 
 1.11190371e-06  1.11190371e-06  1.11190371e-06  1.79990280e+00 
 1.11210371e-06  1.11210371e-06  1.11210371e-06  1.79990288e+00 
 1.11230371e-06  1.11230371e-06  1.11230371e-06  1.79990280e+00 
 1.11250371e-06  1.11250371e-06  1.11250371e-06  1.79990288e+00 
 1.11270371e-06  1.11270371e-06  1.11270371e-06  1.79990280e+00 
 1.11290371e-06  1.11290371e-06  1.11290371e-06  1.79990288e+00 
 1.11310371e-06  1.11310371e-06  1.11310371e-06  1.79990280e+00 
 1.11330371e-06  1.11330371e-06  1.11330371e-06  1.79990288e+00 
 1.11350371e-06  1.11350371e-06  1.11350371e-06  1.79990280e+00 
 1.11370371e-06  1.11370371e-06  1.11370371e-06  1.79990288e+00 
 1.11390371e-06  1.11390371e-06  1.11390371e-06  1.79990280e+00 
 1.11410371e-06  1.11410371e-06  1.11410371e-06  1.79990288e+00 
 1.11430371e-06  1.11430371e-06  1.11430371e-06  1.79990280e+00 
 1.11450371e-06  1.11450371e-06  1.11450371e-06  1.79990288e+00 
 1.11470371e-06  1.11470371e-06  1.11470371e-06  1.79990280e+00 
 1.11490371e-06  1.11490371e-06  1.11490371e-06  1.79990288e+00 
 1.11510371e-06  1.11510371e-06  1.11510371e-06  1.79990280e+00 
 1.11530371e-06  1.11530371e-06  1.11530371e-06  1.79990288e+00 
 1.11550371e-06  1.11550371e-06  1.11550371e-06  1.79990280e+00 
 1.11570371e-06  1.11570371e-06  1.11570371e-06  1.79990288e+00 
 1.11590371e-06  1.11590371e-06  1.11590371e-06  1.79990280e+00 
 1.11610371e-06  1.11610371e-06  1.11610371e-06  1.79990288e+00 
 1.11630371e-06  1.11630371e-06  1.11630371e-06  1.79990280e+00 
 1.11650371e-06  1.11650371e-06  1.11650371e-06  1.79990288e+00 
 1.11670371e-06  1.11670371e-06  1.11670371e-06  1.79990280e+00 
 1.11690371e-06  1.11690371e-06  1.11690371e-06  1.79990288e+00 
 1.11710371e-06  1.11710371e-06  1.11710371e-06  1.79990280e+00 
 1.11730371e-06  1.11730371e-06  1.11730371e-06  1.79990288e+00 
 1.11750371e-06  1.11750371e-06  1.11750371e-06  1.79990280e+00 
 1.11770371e-06  1.11770371e-06  1.11770371e-06  1.79990288e+00 
 1.11790371e-06  1.11790371e-06  1.11790371e-06  1.79990280e+00 
 1.11810371e-06  1.11810371e-06  1.11810371e-06  1.79990288e+00 
 1.11830371e-06  1.11830371e-06  1.11830371e-06  1.79990280e+00 
 1.11850371e-06  1.11850371e-06  1.11850371e-06  1.79990288e+00 
 1.11870371e-06  1.11870371e-06  1.11870371e-06  1.79990280e+00 
 1.11890371e-06  1.11890371e-06  1.11890371e-06  1.79990288e+00 
 1.11910371e-06  1.11910371e-06  1.11910371e-06  1.79990280e+00 
 1.11930371e-06  1.11930371e-06  1.11930371e-06  1.79990288e+00 
 1.11950371e-06  1.11950371e-06  1.11950371e-06  1.79990280e+00 
 1.11970371e-06  1.11970371e-06  1.11970371e-06  1.79990288e+00 
 1.11990371e-06  1.11990371e-06  1.11990371e-06  1.79990280e+00 
 1.12010371e-06  1.12010371e-06  1.12010371e-06  1.79990288e+00 
 1.12030371e-06  1.12030371e-06  1.12030371e-06  1.79990280e+00 
 1.12050371e-06  1.12050371e-06  1.12050371e-06  1.79990288e+00 
 1.12070371e-06  1.12070371e-06  1.12070371e-06  1.79990280e+00 
 1.12090371e-06  1.12090371e-06  1.12090371e-06  1.79990288e+00 
 1.12110371e-06  1.12110371e-06  1.12110371e-06  1.79990280e+00 
 1.12130371e-06  1.12130371e-06  1.12130371e-06  1.79990288e+00 
 1.12150371e-06  1.12150371e-06  1.12150371e-06  1.79990280e+00 
 1.12170371e-06  1.12170371e-06  1.12170371e-06  1.79990288e+00 
 1.12190371e-06  1.12190371e-06  1.12190371e-06  1.79990280e+00 
 1.12210371e-06  1.12210371e-06  1.12210371e-06  1.79990288e+00 
 1.12230371e-06  1.12230371e-06  1.12230371e-06  1.79990280e+00 
 1.12250371e-06  1.12250371e-06  1.12250371e-06  1.79990288e+00 
 1.12270371e-06  1.12270371e-06  1.12270371e-06  1.79990280e+00 
 1.12290371e-06  1.12290371e-06  1.12290371e-06  1.79990288e+00 
 1.12310371e-06  1.12310371e-06  1.12310371e-06  1.79990280e+00 
 1.12330371e-06  1.12330371e-06  1.12330371e-06  1.79990288e+00 
 1.12350371e-06  1.12350371e-06  1.12350371e-06  1.79990280e+00 
 1.12370371e-06  1.12370371e-06  1.12370371e-06  1.79990288e+00 
 1.12390371e-06  1.12390371e-06  1.12390371e-06  1.79990280e+00 
 1.12410371e-06  1.12410371e-06  1.12410371e-06  1.79990288e+00 
 1.12430371e-06  1.12430371e-06  1.12430371e-06  1.79990280e+00 
 1.12450371e-06  1.12450371e-06  1.12450371e-06  1.79990288e+00 
 1.12470371e-06  1.12470371e-06  1.12470371e-06  1.79990280e+00 
 1.12490371e-06  1.12490371e-06  1.12490371e-06  1.79990288e+00 
 1.12510371e-06  1.12510371e-06  1.12510371e-06  1.79990280e+00 
 1.12530371e-06  1.12530371e-06  1.12530371e-06  1.79990288e+00 
 1.12550371e-06  1.12550371e-06  1.12550371e-06  1.79990280e+00 
 1.12570371e-06  1.12570371e-06  1.12570371e-06  1.79990288e+00 
 1.12590371e-06  1.12590371e-06  1.12590371e-06  1.79990280e+00 
 1.12610371e-06  1.12610371e-06  1.12610371e-06  1.79990288e+00 
 1.12630371e-06  1.12630371e-06  1.12630371e-06  1.79990280e+00 
 1.12650371e-06  1.12650371e-06  1.12650371e-06  1.79990288e+00 
 1.12670371e-06  1.12670371e-06  1.12670371e-06  1.79990280e+00 
 1.12690371e-06  1.12690371e-06  1.12690371e-06  1.79990288e+00 
 1.12710371e-06  1.12710371e-06  1.12710371e-06  1.79990280e+00 
 1.12730371e-06  1.12730371e-06  1.12730371e-06  1.79990288e+00 
 1.12750371e-06  1.12750371e-06  1.12750371e-06  1.79990280e+00 
 1.12770371e-06  1.12770371e-06  1.12770371e-06  1.79990288e+00 
 1.12790371e-06  1.12790371e-06  1.12790371e-06  1.79990280e+00 
 1.12810371e-06  1.12810371e-06  1.12810371e-06  1.79990288e+00 
 1.12830371e-06  1.12830371e-06  1.12830371e-06  1.79990280e+00 
 1.12850371e-06  1.12850371e-06  1.12850371e-06  1.79990288e+00 
 1.12870371e-06  1.12870371e-06  1.12870371e-06  1.79990280e+00 
 1.12890371e-06  1.12890371e-06  1.12890371e-06  1.79990288e+00 
 1.12910371e-06  1.12910371e-06  1.12910371e-06  1.79990280e+00 
 1.12930371e-06  1.12930371e-06  1.12930371e-06  1.79990288e+00 
 1.12950371e-06  1.12950371e-06  1.12950371e-06  1.79990280e+00 
 1.12970371e-06  1.12970371e-06  1.12970371e-06  1.79990288e+00 
 1.12990371e-06  1.12990371e-06  1.12990371e-06  1.79990280e+00 
 1.13010371e-06  1.13010371e-06  1.13010371e-06  1.79990288e+00 
 1.13030371e-06  1.13030371e-06  1.13030371e-06  1.79990280e+00 
 1.13050371e-06  1.13050371e-06  1.13050371e-06  1.79990288e+00 
 1.13070371e-06  1.13070371e-06  1.13070371e-06  1.79990280e+00 
 1.13090371e-06  1.13090371e-06  1.13090371e-06  1.79990288e+00 
 1.13110371e-06  1.13110371e-06  1.13110371e-06  1.79990280e+00 
 1.13130371e-06  1.13130371e-06  1.13130371e-06  1.79990288e+00 
 1.13150371e-06  1.13150371e-06  1.13150371e-06  1.79990280e+00 
 1.13170371e-06  1.13170371e-06  1.13170371e-06  1.79990288e+00 
 1.13190371e-06  1.13190371e-06  1.13190371e-06  1.79990280e+00 
 1.13210371e-06  1.13210371e-06  1.13210371e-06  1.79990288e+00 
 1.13230371e-06  1.13230371e-06  1.13230371e-06  1.79990280e+00 
 1.13250371e-06  1.13250371e-06  1.13250371e-06  1.79990288e+00 
 1.13270371e-06  1.13270371e-06  1.13270371e-06  1.79990280e+00 
 1.13290371e-06  1.13290371e-06  1.13290371e-06  1.79990288e+00 
 1.13310371e-06  1.13310371e-06  1.13310371e-06  1.79990280e+00 
 1.13330371e-06  1.13330371e-06  1.13330371e-06  1.79990288e+00 
 1.13350371e-06  1.13350371e-06  1.13350371e-06  1.79990280e+00 
 1.13370371e-06  1.13370371e-06  1.13370371e-06  1.79990288e+00 
 1.13390371e-06  1.13390371e-06  1.13390371e-06  1.79990280e+00 
 1.13410371e-06  1.13410371e-06  1.13410371e-06  1.79990288e+00 
 1.13430371e-06  1.13430371e-06  1.13430371e-06  1.79990280e+00 
 1.13450371e-06  1.13450371e-06  1.13450371e-06  1.79990288e+00 
 1.13470371e-06  1.13470371e-06  1.13470371e-06  1.79990280e+00 
 1.13490371e-06  1.13490371e-06  1.13490371e-06  1.79990288e+00 
 1.13510371e-06  1.13510371e-06  1.13510371e-06  1.79990280e+00 
 1.13530371e-06  1.13530371e-06  1.13530371e-06  1.79990288e+00 
 1.13550371e-06  1.13550371e-06  1.13550371e-06  1.79990280e+00 
 1.13570371e-06  1.13570371e-06  1.13570371e-06  1.79990288e+00 
 1.13590371e-06  1.13590371e-06  1.13590371e-06  1.79990280e+00 
 1.13610371e-06  1.13610371e-06  1.13610371e-06  1.79990288e+00 
 1.13630371e-06  1.13630371e-06  1.13630371e-06  1.79990280e+00 
 1.13650371e-06  1.13650371e-06  1.13650371e-06  1.79990288e+00 
 1.13670371e-06  1.13670371e-06  1.13670371e-06  1.79990280e+00 
 1.13690371e-06  1.13690371e-06  1.13690371e-06  1.79990288e+00 
 1.13710371e-06  1.13710371e-06  1.13710371e-06  1.79990280e+00 
 1.13730371e-06  1.13730371e-06  1.13730371e-06  1.79990288e+00 
 1.13750371e-06  1.13750371e-06  1.13750371e-06  1.79990280e+00 
 1.13770371e-06  1.13770371e-06  1.13770371e-06  1.79990288e+00 
 1.13790371e-06  1.13790371e-06  1.13790371e-06  1.79990280e+00 
 1.13810371e-06  1.13810371e-06  1.13810371e-06  1.79990288e+00 
 1.13830371e-06  1.13830371e-06  1.13830371e-06  1.79990280e+00 
 1.13850371e-06  1.13850371e-06  1.13850371e-06  1.79990288e+00 
 1.13870371e-06  1.13870371e-06  1.13870371e-06  1.79990280e+00 
 1.13890371e-06  1.13890371e-06  1.13890371e-06  1.79990288e+00 
 1.13910371e-06  1.13910371e-06  1.13910371e-06  1.79990280e+00 
 1.13930371e-06  1.13930371e-06  1.13930371e-06  1.79990288e+00 
 1.13950371e-06  1.13950371e-06  1.13950371e-06  1.79990280e+00 
 1.13970371e-06  1.13970371e-06  1.13970371e-06  1.79990288e+00 
 1.13990371e-06  1.13990371e-06  1.13990371e-06  1.79990280e+00 
 1.14010371e-06  1.14010371e-06  1.14010371e-06  1.79990288e+00 
 1.14030371e-06  1.14030371e-06  1.14030371e-06  1.79990280e+00 
 1.14050371e-06  1.14050371e-06  1.14050371e-06  1.79990288e+00 
 1.14070371e-06  1.14070371e-06  1.14070371e-06  1.79990280e+00 
 1.14090371e-06  1.14090371e-06  1.14090371e-06  1.79990288e+00 
 1.14110371e-06  1.14110371e-06  1.14110371e-06  1.79990280e+00 
 1.14130371e-06  1.14130371e-06  1.14130371e-06  1.79990288e+00 
 1.14150371e-06  1.14150371e-06  1.14150371e-06  1.79990280e+00 
 1.14170371e-06  1.14170371e-06  1.14170371e-06  1.79990288e+00 
 1.14190371e-06  1.14190371e-06  1.14190371e-06  1.79990280e+00 
 1.14210371e-06  1.14210371e-06  1.14210371e-06  1.79990288e+00 
 1.14230371e-06  1.14230371e-06  1.14230371e-06  1.79990280e+00 
 1.14250371e-06  1.14250371e-06  1.14250371e-06  1.79990288e+00 
 1.14270371e-06  1.14270371e-06  1.14270371e-06  1.79990280e+00 
 1.14290371e-06  1.14290371e-06  1.14290371e-06  1.79990288e+00 
 1.14310371e-06  1.14310371e-06  1.14310371e-06  1.79990280e+00 
 1.14330371e-06  1.14330371e-06  1.14330371e-06  1.79990288e+00 
 1.14350371e-06  1.14350371e-06  1.14350371e-06  1.79990280e+00 
 1.14370371e-06  1.14370371e-06  1.14370371e-06  1.79990288e+00 
 1.14390371e-06  1.14390371e-06  1.14390371e-06  1.79990280e+00 
 1.14410371e-06  1.14410371e-06  1.14410371e-06  1.79990288e+00 
 1.14430371e-06  1.14430371e-06  1.14430371e-06  1.79990280e+00 
 1.14450371e-06  1.14450371e-06  1.14450371e-06  1.79990288e+00 
 1.14470371e-06  1.14470371e-06  1.14470371e-06  1.79990280e+00 
 1.14490371e-06  1.14490371e-06  1.14490371e-06  1.79990288e+00 
 1.14510371e-06  1.14510371e-06  1.14510371e-06  1.79990280e+00 
 1.14530371e-06  1.14530371e-06  1.14530371e-06  1.79990288e+00 
 1.14550371e-06  1.14550371e-06  1.14550371e-06  1.79990280e+00 
 1.14570371e-06  1.14570371e-06  1.14570371e-06  1.79990288e+00 
 1.14590371e-06  1.14590371e-06  1.14590371e-06  1.79990280e+00 
 1.14610371e-06  1.14610371e-06  1.14610371e-06  1.79990288e+00 
 1.14630371e-06  1.14630371e-06  1.14630371e-06  1.79990280e+00 
 1.14650371e-06  1.14650371e-06  1.14650371e-06  1.79990288e+00 
 1.14670371e-06  1.14670371e-06  1.14670371e-06  1.79990280e+00 
 1.14690371e-06  1.14690371e-06  1.14690371e-06  1.79990288e+00 
 1.14710371e-06  1.14710371e-06  1.14710371e-06  1.79990280e+00 
 1.14730371e-06  1.14730371e-06  1.14730371e-06  1.79990288e+00 
 1.14750371e-06  1.14750371e-06  1.14750371e-06  1.79990280e+00 
 1.14770371e-06  1.14770371e-06  1.14770371e-06  1.79990288e+00 
 1.14790371e-06  1.14790371e-06  1.14790371e-06  1.79990280e+00 
 1.14810371e-06  1.14810371e-06  1.14810371e-06  1.79990288e+00 
 1.14830371e-06  1.14830371e-06  1.14830371e-06  1.79990280e+00 
 1.14850371e-06  1.14850371e-06  1.14850371e-06  1.79990288e+00 
 1.14870371e-06  1.14870371e-06  1.14870371e-06  1.79990280e+00 
 1.14890371e-06  1.14890371e-06  1.14890371e-06  1.79990288e+00 
 1.14910371e-06  1.14910371e-06  1.14910371e-06  1.79990280e+00 
 1.14930371e-06  1.14930371e-06  1.14930371e-06  1.79990288e+00 
 1.14950371e-06  1.14950371e-06  1.14950371e-06  1.79990280e+00 
 1.14970371e-06  1.14970371e-06  1.14970371e-06  1.79990288e+00 
 1.14990371e-06  1.14990371e-06  1.14990371e-06  1.79990280e+00 
 1.15010371e-06  1.15010371e-06  1.15010371e-06  1.79990288e+00 
 1.15030371e-06  1.15030371e-06  1.15030371e-06  1.79990280e+00 
 1.15050371e-06  1.15050371e-06  1.15050371e-06  1.79990288e+00 
 1.15070371e-06  1.15070371e-06  1.15070371e-06  1.79990280e+00 
 1.15090371e-06  1.15090371e-06  1.15090371e-06  1.79990288e+00 
 1.15110371e-06  1.15110371e-06  1.15110371e-06  1.79990281e+00 
 1.15130371e-06  1.15130371e-06  1.15130371e-06  1.79990288e+00 
 1.15150371e-06  1.15150371e-06  1.15150371e-06  1.79990281e+00 
 1.15170371e-06  1.15170371e-06  1.15170371e-06  1.79990288e+00 
 1.15190371e-06  1.15190371e-06  1.15190371e-06  1.79990281e+00 
 1.15210371e-06  1.15210371e-06  1.15210371e-06  1.79990288e+00 
 1.15230371e-06  1.15230371e-06  1.15230371e-06  1.79990281e+00 
 1.15250371e-06  1.15250371e-06  1.15250371e-06  1.79990288e+00 
 1.15270371e-06  1.15270371e-06  1.15270371e-06  1.79990281e+00 
 1.15290371e-06  1.15290371e-06  1.15290371e-06  1.79990288e+00 
 1.15310371e-06  1.15310371e-06  1.15310371e-06  1.79990281e+00 
 1.15330371e-06  1.15330371e-06  1.15330371e-06  1.79990288e+00 
 1.15350371e-06  1.15350371e-06  1.15350371e-06  1.79990281e+00 
 1.15370371e-06  1.15370371e-06  1.15370371e-06  1.79990288e+00 
 1.15390371e-06  1.15390371e-06  1.15390371e-06  1.79990281e+00 
 1.15410371e-06  1.15410371e-06  1.15410371e-06  1.79990288e+00 
 1.15430371e-06  1.15430371e-06  1.15430371e-06  1.79990281e+00 
 1.15450371e-06  1.15450371e-06  1.15450371e-06  1.79990288e+00 
 1.15470371e-06  1.15470371e-06  1.15470371e-06  1.79990281e+00 
 1.15490371e-06  1.15490371e-06  1.15490371e-06  1.79990288e+00 
 1.15510371e-06  1.15510371e-06  1.15510371e-06  1.79990281e+00 
 1.15530371e-06  1.15530371e-06  1.15530371e-06  1.79990288e+00 
 1.15550371e-06  1.15550371e-06  1.15550371e-06  1.79990281e+00 
 1.15570371e-06  1.15570371e-06  1.15570371e-06  1.79990288e+00 
 1.15590371e-06  1.15590371e-06  1.15590371e-06  1.79990281e+00 
 1.15610371e-06  1.15610371e-06  1.15610371e-06  1.79990288e+00 
 1.15630371e-06  1.15630371e-06  1.15630371e-06  1.79990281e+00 
 1.15650371e-06  1.15650371e-06  1.15650371e-06  1.79990288e+00 
 1.15670371e-06  1.15670371e-06  1.15670371e-06  1.79990281e+00 
 1.15690371e-06  1.15690371e-06  1.15690371e-06  1.79990288e+00 
 1.15710371e-06  1.15710371e-06  1.15710371e-06  1.79990281e+00 
 1.15730371e-06  1.15730371e-06  1.15730371e-06  1.79990288e+00 
 1.15750371e-06  1.15750371e-06  1.15750371e-06  1.79990281e+00 
 1.15770371e-06  1.15770371e-06  1.15770371e-06  1.79990288e+00 
 1.15790371e-06  1.15790371e-06  1.15790371e-06  1.79990281e+00 
 1.15810371e-06  1.15810371e-06  1.15810371e-06  1.79990288e+00 
 1.15830371e-06  1.15830371e-06  1.15830371e-06  1.79990281e+00 
 1.15850371e-06  1.15850371e-06  1.15850371e-06  1.79990288e+00 
 1.15870371e-06  1.15870371e-06  1.15870371e-06  1.79990281e+00 
 1.15890371e-06  1.15890371e-06  1.15890371e-06  1.79990288e+00 
 1.15910371e-06  1.15910371e-06  1.15910371e-06  1.79990281e+00 
 1.15930371e-06  1.15930371e-06  1.15930371e-06  1.79990288e+00 
 1.15950371e-06  1.15950371e-06  1.15950371e-06  1.79990281e+00 
 1.15970371e-06  1.15970371e-06  1.15970371e-06  1.79990288e+00 
 1.15990371e-06  1.15990371e-06  1.15990371e-06  1.79990281e+00 
 1.16010371e-06  1.16010371e-06  1.16010371e-06  1.79990288e+00 
 1.16030371e-06  1.16030371e-06  1.16030371e-06  1.79990281e+00 
 1.16050371e-06  1.16050371e-06  1.16050371e-06  1.79990288e+00 
 1.16070371e-06  1.16070371e-06  1.16070371e-06  1.79990281e+00 
 1.16090371e-06  1.16090371e-06  1.16090371e-06  1.79990288e+00 
 1.16110371e-06  1.16110371e-06  1.16110371e-06  1.79990281e+00 
 1.16130371e-06  1.16130371e-06  1.16130371e-06  1.79990288e+00 
 1.16150371e-06  1.16150371e-06  1.16150371e-06  1.79990281e+00 
 1.16170371e-06  1.16170371e-06  1.16170371e-06  1.79990288e+00 
 1.16190371e-06  1.16190371e-06  1.16190371e-06  1.79990281e+00 
 1.16210371e-06  1.16210371e-06  1.16210371e-06  1.79990288e+00 
 1.16230371e-06  1.16230371e-06  1.16230371e-06  1.79990281e+00 
 1.16250371e-06  1.16250371e-06  1.16250371e-06  1.79990288e+00 
 1.16270371e-06  1.16270371e-06  1.16270371e-06  1.79990281e+00 
 1.16290371e-06  1.16290371e-06  1.16290371e-06  1.79990288e+00 
 1.16310371e-06  1.16310371e-06  1.16310371e-06  1.79990281e+00 
 1.16330371e-06  1.16330371e-06  1.16330371e-06  1.79990288e+00 
 1.16350371e-06  1.16350371e-06  1.16350371e-06  1.79990281e+00 
 1.16370371e-06  1.16370371e-06  1.16370371e-06  1.79990288e+00 
 1.16390371e-06  1.16390371e-06  1.16390371e-06  1.79990281e+00 
 1.16410371e-06  1.16410371e-06  1.16410371e-06  1.79990288e+00 
 1.16430371e-06  1.16430371e-06  1.16430371e-06  1.79990281e+00 
 1.16450371e-06  1.16450371e-06  1.16450371e-06  1.79990288e+00 
 1.16470371e-06  1.16470371e-06  1.16470371e-06  1.79990281e+00 
 1.16490371e-06  1.16490371e-06  1.16490371e-06  1.79990288e+00 
 1.16510371e-06  1.16510371e-06  1.16510371e-06  1.79990281e+00 
 1.16530371e-06  1.16530371e-06  1.16530371e-06  1.79990288e+00 
 1.16550371e-06  1.16550371e-06  1.16550371e-06  1.79990281e+00 
 1.16570371e-06  1.16570371e-06  1.16570371e-06  1.79990288e+00 
 1.16590371e-06  1.16590371e-06  1.16590371e-06  1.79990281e+00 
 1.16610371e-06  1.16610371e-06  1.16610371e-06  1.79990288e+00 
 1.16630371e-06  1.16630371e-06  1.16630371e-06  1.79990281e+00 
 1.16650371e-06  1.16650371e-06  1.16650371e-06  1.79990288e+00 
 1.16670371e-06  1.16670371e-06  1.16670371e-06  1.79990281e+00 
 1.16690371e-06  1.16690371e-06  1.16690371e-06  1.79990288e+00 
 1.16710371e-06  1.16710371e-06  1.16710371e-06  1.79990281e+00 
 1.16730371e-06  1.16730371e-06  1.16730371e-06  1.79990288e+00 
 1.16750371e-06  1.16750371e-06  1.16750371e-06  1.79990281e+00 
 1.16770371e-06  1.16770371e-06  1.16770371e-06  1.79990288e+00 
 1.16790371e-06  1.16790371e-06  1.16790371e-06  1.79990281e+00 
 1.16810371e-06  1.16810371e-06  1.16810371e-06  1.79990288e+00 
 1.16830371e-06  1.16830371e-06  1.16830371e-06  1.79990281e+00 
 1.16850371e-06  1.16850371e-06  1.16850371e-06  1.79990288e+00 
 1.16870371e-06  1.16870371e-06  1.16870371e-06  1.79990281e+00 
 1.16890371e-06  1.16890371e-06  1.16890371e-06  1.79990288e+00 
 1.16910371e-06  1.16910371e-06  1.16910371e-06  1.79990281e+00 
 1.16930371e-06  1.16930371e-06  1.16930371e-06  1.79990288e+00 
 1.16950371e-06  1.16950371e-06  1.16950371e-06  1.79990281e+00 
 1.16970371e-06  1.16970371e-06  1.16970371e-06  1.79990287e+00 
 1.16990371e-06  1.16990371e-06  1.16990371e-06  1.79990281e+00 
 1.17010371e-06  1.17010371e-06  1.17010371e-06  1.79990287e+00 
 1.17030371e-06  1.17030371e-06  1.17030371e-06  1.79990281e+00 
 1.17050371e-06  1.17050371e-06  1.17050371e-06  1.79990287e+00 
 1.17070371e-06  1.17070371e-06  1.17070371e-06  1.79990281e+00 
 1.17090371e-06  1.17090371e-06  1.17090371e-06  1.79990287e+00 
 1.17110371e-06  1.17110371e-06  1.17110371e-06  1.79990281e+00 
 1.17130371e-06  1.17130371e-06  1.17130371e-06  1.79990287e+00 
 1.17150371e-06  1.17150371e-06  1.17150371e-06  1.79990281e+00 
 1.17170371e-06  1.17170371e-06  1.17170371e-06  1.79990287e+00 
 1.17190371e-06  1.17190371e-06  1.17190371e-06  1.79990281e+00 
 1.17210371e-06  1.17210371e-06  1.17210371e-06  1.79990287e+00 
 1.17230371e-06  1.17230371e-06  1.17230371e-06  1.79990281e+00 
 1.17250371e-06  1.17250371e-06  1.17250371e-06  1.79990287e+00 
 1.17270371e-06  1.17270371e-06  1.17270371e-06  1.79990281e+00 
 1.17290371e-06  1.17290371e-06  1.17290371e-06  1.79990287e+00 
 1.17310371e-06  1.17310371e-06  1.17310371e-06  1.79990281e+00 
 1.17330371e-06  1.17330371e-06  1.17330371e-06  1.79990287e+00 
 1.17350371e-06  1.17350371e-06  1.17350371e-06  1.79990281e+00 
 1.17370371e-06  1.17370371e-06  1.17370371e-06  1.79990287e+00 
 1.17390371e-06  1.17390371e-06  1.17390371e-06  1.79990281e+00 
 1.17410371e-06  1.17410371e-06  1.17410371e-06  1.79990287e+00 
 1.17430371e-06  1.17430371e-06  1.17430371e-06  1.79990281e+00 
 1.17450371e-06  1.17450371e-06  1.17450371e-06  1.79990287e+00 
 1.17470371e-06  1.17470371e-06  1.17470371e-06  1.79990281e+00 
 1.17490371e-06  1.17490371e-06  1.17490371e-06  1.79990287e+00 
 1.17510371e-06  1.17510371e-06  1.17510371e-06  1.79990281e+00 
 1.17530371e-06  1.17530371e-06  1.17530371e-06  1.79990287e+00 
 1.17550371e-06  1.17550371e-06  1.17550371e-06  1.79990281e+00 
 1.17570371e-06  1.17570371e-06  1.17570371e-06  1.79990287e+00 
 1.17590371e-06  1.17590371e-06  1.17590371e-06  1.79990281e+00 
 1.17610371e-06  1.17610371e-06  1.17610371e-06  1.79990287e+00 
 1.17630371e-06  1.17630371e-06  1.17630371e-06  1.79990281e+00 
 1.17650371e-06  1.17650371e-06  1.17650371e-06  1.79990287e+00 
 1.17670371e-06  1.17670371e-06  1.17670371e-06  1.79990281e+00 
 1.17690371e-06  1.17690371e-06  1.17690371e-06  1.79990287e+00 
 1.17710371e-06  1.17710371e-06  1.17710371e-06  1.79990281e+00 
 1.17730371e-06  1.17730371e-06  1.17730371e-06  1.79990287e+00 
 1.17750371e-06  1.17750371e-06  1.17750371e-06  1.79990281e+00 
 1.17770371e-06  1.17770371e-06  1.17770371e-06  1.79990287e+00 
 1.17790371e-06  1.17790371e-06  1.17790371e-06  1.79990281e+00 
 1.17810371e-06  1.17810371e-06  1.17810371e-06  1.79990287e+00 
 1.17830371e-06  1.17830371e-06  1.17830371e-06  1.79990281e+00 
 1.17850371e-06  1.17850371e-06  1.17850371e-06  1.79990287e+00 
 1.17870371e-06  1.17870371e-06  1.17870371e-06  1.79990281e+00 
 1.17890371e-06  1.17890371e-06  1.17890371e-06  1.79990287e+00 
 1.17910371e-06  1.17910371e-06  1.17910371e-06  1.79990281e+00 
 1.17930371e-06  1.17930371e-06  1.17930371e-06  1.79990287e+00 
 1.17950371e-06  1.17950371e-06  1.17950371e-06  1.79990281e+00 
 1.17970371e-06  1.17970371e-06  1.17970371e-06  1.79990287e+00 
 1.17990371e-06  1.17990371e-06  1.17990371e-06  1.79990281e+00 
 1.18010371e-06  1.18010371e-06  1.18010371e-06  1.79990287e+00 
 1.18030371e-06  1.18030371e-06  1.18030371e-06  1.79990281e+00 
 1.18050371e-06  1.18050371e-06  1.18050371e-06  1.79990287e+00 
 1.18070371e-06  1.18070371e-06  1.18070371e-06  1.79990281e+00 
 1.18090371e-06  1.18090371e-06  1.18090371e-06  1.79990287e+00 
 1.18110371e-06  1.18110371e-06  1.18110371e-06  1.79990281e+00 
 1.18130371e-06  1.18130371e-06  1.18130371e-06  1.79990287e+00 
 1.18150371e-06  1.18150371e-06  1.18150371e-06  1.79990281e+00 
 1.18170371e-06  1.18170371e-06  1.18170371e-06  1.79990287e+00 
 1.18190371e-06  1.18190371e-06  1.18190371e-06  1.79990281e+00 
 1.18210371e-06  1.18210371e-06  1.18210371e-06  1.79990287e+00 
 1.18230371e-06  1.18230371e-06  1.18230371e-06  1.79990281e+00 
 1.18250371e-06  1.18250371e-06  1.18250371e-06  1.79990287e+00 
 1.18270371e-06  1.18270371e-06  1.18270371e-06  1.79990281e+00 
 1.18290371e-06  1.18290371e-06  1.18290371e-06  1.79990287e+00 
 1.18310371e-06  1.18310371e-06  1.18310371e-06  1.79990281e+00 
 1.18330371e-06  1.18330371e-06  1.18330371e-06  1.79990287e+00 
 1.18350371e-06  1.18350371e-06  1.18350371e-06  1.79990281e+00 
 1.18370371e-06  1.18370371e-06  1.18370371e-06  1.79990287e+00 
 1.18390371e-06  1.18390371e-06  1.18390371e-06  1.79990281e+00 
 1.18410371e-06  1.18410371e-06  1.18410371e-06  1.79990287e+00 
 1.18430371e-06  1.18430371e-06  1.18430371e-06  1.79990281e+00 
 1.18450371e-06  1.18450371e-06  1.18450371e-06  1.79990287e+00 
 1.18470371e-06  1.18470371e-06  1.18470371e-06  1.79990281e+00 
 1.18490371e-06  1.18490371e-06  1.18490371e-06  1.79990287e+00 
 1.18510371e-06  1.18510371e-06  1.18510371e-06  1.79990281e+00 
 1.18530371e-06  1.18530371e-06  1.18530371e-06  1.79990287e+00 
 1.18550371e-06  1.18550371e-06  1.18550371e-06  1.79990281e+00 
 1.18570371e-06  1.18570371e-06  1.18570371e-06  1.79990287e+00 
 1.18590371e-06  1.18590371e-06  1.18590371e-06  1.79990281e+00 
 1.18610371e-06  1.18610371e-06  1.18610371e-06  1.79990287e+00 
 1.18630371e-06  1.18630371e-06  1.18630371e-06  1.79990281e+00 
 1.18650371e-06  1.18650371e-06  1.18650371e-06  1.79990287e+00 
 1.18670371e-06  1.18670371e-06  1.18670371e-06  1.79990281e+00 
 1.18690371e-06  1.18690371e-06  1.18690371e-06  1.79990287e+00 
 1.18710371e-06  1.18710371e-06  1.18710371e-06  1.79990281e+00 
 1.18730371e-06  1.18730371e-06  1.18730371e-06  1.79990287e+00 
 1.18750371e-06  1.18750371e-06  1.18750371e-06  1.79990281e+00 
 1.18770371e-06  1.18770371e-06  1.18770371e-06  1.79990287e+00 
 1.18790371e-06  1.18790371e-06  1.18790371e-06  1.79990281e+00 
 1.18810371e-06  1.18810371e-06  1.18810371e-06  1.79990287e+00 
 1.18830371e-06  1.18830371e-06  1.18830371e-06  1.79990281e+00 
 1.18850371e-06  1.18850371e-06  1.18850371e-06  1.79990287e+00 
 1.18870371e-06  1.18870371e-06  1.18870371e-06  1.79990281e+00 
 1.18890371e-06  1.18890371e-06  1.18890371e-06  1.79990287e+00 
 1.18910371e-06  1.18910371e-06  1.18910371e-06  1.79990281e+00 
 1.18930371e-06  1.18930371e-06  1.18930371e-06  1.79990287e+00 
 1.18950371e-06  1.18950371e-06  1.18950371e-06  1.79990281e+00 
 1.18970371e-06  1.18970371e-06  1.18970371e-06  1.79990287e+00 
 1.18990371e-06  1.18990371e-06  1.18990371e-06  1.79990281e+00 
 1.19010371e-06  1.19010371e-06  1.19010371e-06  1.79990287e+00 
 1.19030371e-06  1.19030371e-06  1.19030371e-06  1.79990281e+00 
 1.19050371e-06  1.19050371e-06  1.19050371e-06  1.79990287e+00 
 1.19070371e-06  1.19070371e-06  1.19070371e-06  1.79990281e+00 
 1.19090371e-06  1.19090371e-06  1.19090371e-06  1.79990287e+00 
 1.19110371e-06  1.19110371e-06  1.19110371e-06  1.79990281e+00 
 1.19130371e-06  1.19130371e-06  1.19130371e-06  1.79990287e+00 
 1.19150371e-06  1.19150371e-06  1.19150371e-06  1.79990281e+00 
 1.19170371e-06  1.19170371e-06  1.19170371e-06  1.79990287e+00 
 1.19190371e-06  1.19190371e-06  1.19190371e-06  1.79990281e+00 
 1.19210371e-06  1.19210371e-06  1.19210371e-06  1.79990287e+00 
 1.19230371e-06  1.19230371e-06  1.19230371e-06  1.79990281e+00 
 1.19250371e-06  1.19250371e-06  1.19250371e-06  1.79990287e+00 
 1.19270371e-06  1.19270371e-06  1.19270371e-06  1.79990281e+00 
 1.19290371e-06  1.19290371e-06  1.19290371e-06  1.79990287e+00 
 1.19310371e-06  1.19310371e-06  1.19310371e-06  1.79990281e+00 
 1.19330371e-06  1.19330371e-06  1.19330371e-06  1.79990287e+00 
 1.19350371e-06  1.19350371e-06  1.19350371e-06  1.79990281e+00 
 1.19370371e-06  1.19370371e-06  1.19370371e-06  1.79990287e+00 
 1.19390371e-06  1.19390371e-06  1.19390371e-06  1.79990281e+00 
 1.19410371e-06  1.19410371e-06  1.19410371e-06  1.79990287e+00 
 1.19430371e-06  1.19430371e-06  1.19430371e-06  1.79990281e+00 
 1.19450371e-06  1.19450371e-06  1.19450371e-06  1.79990287e+00 
 1.19470371e-06  1.19470371e-06  1.19470371e-06  1.79990281e+00 
 1.19490371e-06  1.19490371e-06  1.19490371e-06  1.79990287e+00 
 1.19510371e-06  1.19510371e-06  1.19510371e-06  1.79990281e+00 
 1.19530371e-06  1.19530371e-06  1.19530371e-06  1.79990287e+00 
 1.19550371e-06  1.19550371e-06  1.19550371e-06  1.79990281e+00 
 1.19570371e-06  1.19570371e-06  1.19570371e-06  1.79990287e+00 
 1.19590371e-06  1.19590371e-06  1.19590371e-06  1.79990281e+00 
 1.19610371e-06  1.19610371e-06  1.19610371e-06  1.79990287e+00 
 1.19630371e-06  1.19630371e-06  1.19630371e-06  1.79990281e+00 
 1.19650371e-06  1.19650371e-06  1.19650371e-06  1.79990287e+00 
 1.19670371e-06  1.19670371e-06  1.19670371e-06  1.79990281e+00 
 1.19690371e-06  1.19690371e-06  1.19690371e-06  1.79990287e+00 
 1.19710371e-06  1.19710371e-06  1.19710371e-06  1.79990281e+00 
 1.19730371e-06  1.19730371e-06  1.19730371e-06  1.79990287e+00 
 1.19750371e-06  1.19750371e-06  1.19750371e-06  1.79990281e+00 
 1.19770371e-06  1.19770371e-06  1.19770371e-06  1.79990287e+00 
 1.19790371e-06  1.19790371e-06  1.19790371e-06  1.79990281e+00 
 1.19810371e-06  1.19810371e-06  1.19810371e-06  1.79990287e+00 
 1.19830371e-06  1.19830371e-06  1.19830371e-06  1.79990281e+00 
 1.19850371e-06  1.19850371e-06  1.19850371e-06  1.79990287e+00 
 1.19870371e-06  1.19870371e-06  1.19870371e-06  1.79990281e+00 
 1.19890371e-06  1.19890371e-06  1.19890371e-06  1.79990287e+00 
 1.19910371e-06  1.19910371e-06  1.19910371e-06  1.79990281e+00 
 1.19930371e-06  1.19930371e-06  1.19930371e-06  1.79990287e+00 
 1.19950371e-06  1.19950371e-06  1.19950371e-06  1.79990281e+00 
 1.19970371e-06  1.19970371e-06  1.19970371e-06  1.79990287e+00 
 1.19990371e-06  1.19990371e-06  1.19990371e-06  1.79990281e+00 
 1.20010371e-06  1.20010371e-06  1.20010371e-06  1.79990287e+00 
 1.20030371e-06  1.20030371e-06  1.20030371e-06  1.79990281e+00 
 1.20050371e-06  1.20050371e-06  1.20050371e-06  1.79990287e+00 
 1.20070371e-06  1.20070371e-06  1.20070371e-06  1.79990281e+00 
 1.20090371e-06  1.20090371e-06  1.20090371e-06  1.79990287e+00 
 1.20110371e-06  1.20110371e-06  1.20110371e-06  1.79990281e+00 
 1.20130371e-06  1.20130371e-06  1.20130371e-06  1.79990287e+00 
 1.20150371e-06  1.20150371e-06  1.20150371e-06  1.79990281e+00 
 1.20170371e-06  1.20170371e-06  1.20170371e-06  1.79990287e+00 
 1.20190371e-06  1.20190371e-06  1.20190371e-06  1.79990281e+00 
 1.20210371e-06  1.20210371e-06  1.20210371e-06  1.79990287e+00 
 1.20230371e-06  1.20230371e-06  1.20230371e-06  1.79990281e+00 
 1.20250371e-06  1.20250371e-06  1.20250371e-06  1.79990287e+00 
 1.20270371e-06  1.20270371e-06  1.20270371e-06  1.79990281e+00 
 1.20290371e-06  1.20290371e-06  1.20290371e-06  1.79990287e+00 
 1.20310371e-06  1.20310371e-06  1.20310371e-06  1.79990281e+00 
 1.20330371e-06  1.20330371e-06  1.20330371e-06  1.79990287e+00 
 1.20350371e-06  1.20350371e-06  1.20350371e-06  1.79990281e+00 
 1.20370371e-06  1.20370371e-06  1.20370371e-06  1.79990287e+00 
 1.20390371e-06  1.20390371e-06  1.20390371e-06  1.79990281e+00 
 1.20410371e-06  1.20410371e-06  1.20410371e-06  1.79990287e+00 
 1.20430371e-06  1.20430371e-06  1.20430371e-06  1.79990281e+00 
 1.20450371e-06  1.20450371e-06  1.20450371e-06  1.79990287e+00 
 1.20470371e-06  1.20470371e-06  1.20470371e-06  1.79990281e+00 
 1.20490371e-06  1.20490371e-06  1.20490371e-06  1.79990287e+00 
 1.20510371e-06  1.20510371e-06  1.20510371e-06  1.79990281e+00 
 1.20530371e-06  1.20530371e-06  1.20530371e-06  1.79990287e+00 
 1.20550371e-06  1.20550371e-06  1.20550371e-06  1.79990281e+00 
 1.20570371e-06  1.20570371e-06  1.20570371e-06  1.79990287e+00 
 1.20590371e-06  1.20590371e-06  1.20590371e-06  1.79990281e+00 
 1.20610371e-06  1.20610371e-06  1.20610371e-06  1.79990287e+00 
 1.20630371e-06  1.20630371e-06  1.20630371e-06  1.79990281e+00 
 1.20650371e-06  1.20650371e-06  1.20650371e-06  1.79990287e+00 
 1.20670371e-06  1.20670371e-06  1.20670371e-06  1.79990281e+00 
 1.20690371e-06  1.20690371e-06  1.20690371e-06  1.79990287e+00 
 1.20710371e-06  1.20710371e-06  1.20710371e-06  1.79990281e+00 
 1.20730371e-06  1.20730371e-06  1.20730371e-06  1.79990287e+00 
 1.20750371e-06  1.20750371e-06  1.20750371e-06  1.79990281e+00 
 1.20770371e-06  1.20770371e-06  1.20770371e-06  1.79990287e+00 
 1.20790371e-06  1.20790371e-06  1.20790371e-06  1.79990281e+00 
 1.20810371e-06  1.20810371e-06  1.20810371e-06  1.79990287e+00 
 1.20830371e-06  1.20830371e-06  1.20830371e-06  1.79990281e+00 
 1.20850371e-06  1.20850371e-06  1.20850371e-06  1.79990287e+00 
 1.20870371e-06  1.20870371e-06  1.20870371e-06  1.79990281e+00 
 1.20890371e-06  1.20890371e-06  1.20890371e-06  1.79990287e+00 
 1.20910371e-06  1.20910371e-06  1.20910371e-06  1.79990281e+00 
 1.20930371e-06  1.20930371e-06  1.20930371e-06  1.79990287e+00 
 1.20950371e-06  1.20950371e-06  1.20950371e-06  1.79990281e+00 
 1.20970371e-06  1.20970371e-06  1.20970371e-06  1.79990287e+00 
 1.20990371e-06  1.20990371e-06  1.20990371e-06  1.79990281e+00 
 1.21010371e-06  1.21010371e-06  1.21010371e-06  1.79990287e+00 
 1.21030371e-06  1.21030371e-06  1.21030371e-06  1.79990281e+00 
 1.21050371e-06  1.21050371e-06  1.21050371e-06  1.79990287e+00 
 1.21070371e-06  1.21070371e-06  1.21070371e-06  1.79990281e+00 
 1.21090371e-06  1.21090371e-06  1.21090371e-06  1.79990287e+00 
 1.21110371e-06  1.21110371e-06  1.21110371e-06  1.79990281e+00 
 1.21130371e-06  1.21130371e-06  1.21130371e-06  1.79990287e+00 
 1.21150371e-06  1.21150371e-06  1.21150371e-06  1.79990281e+00 
 1.21170371e-06  1.21170371e-06  1.21170371e-06  1.79990287e+00 
 1.21190371e-06  1.21190371e-06  1.21190371e-06  1.79990281e+00 
 1.21210371e-06  1.21210371e-06  1.21210371e-06  1.79990287e+00 
 1.21230371e-06  1.21230371e-06  1.21230371e-06  1.79990281e+00 
 1.21250371e-06  1.21250371e-06  1.21250371e-06  1.79990287e+00 
 1.21270371e-06  1.21270371e-06  1.21270371e-06  1.79990281e+00 
 1.21290371e-06  1.21290371e-06  1.21290371e-06  1.79990287e+00 
 1.21310371e-06  1.21310371e-06  1.21310371e-06  1.79990281e+00 
 1.21330371e-06  1.21330371e-06  1.21330371e-06  1.79990287e+00 
 1.21350371e-06  1.21350371e-06  1.21350371e-06  1.79990281e+00 
 1.21370371e-06  1.21370371e-06  1.21370371e-06  1.79990287e+00 
 1.21390371e-06  1.21390371e-06  1.21390371e-06  1.79990281e+00 
 1.21410371e-06  1.21410371e-06  1.21410371e-06  1.79990287e+00 
 1.21430371e-06  1.21430371e-06  1.21430371e-06  1.79990281e+00 
 1.21450371e-06  1.21450371e-06  1.21450371e-06  1.79990287e+00 
 1.21470371e-06  1.21470371e-06  1.21470371e-06  1.79990281e+00 
 1.21490371e-06  1.21490371e-06  1.21490371e-06  1.79990287e+00 
 1.21510371e-06  1.21510371e-06  1.21510371e-06  1.79990281e+00 
 1.21530371e-06  1.21530371e-06  1.21530371e-06  1.79990287e+00 
 1.21550371e-06  1.21550371e-06  1.21550371e-06  1.79990281e+00 
 1.21570371e-06  1.21570371e-06  1.21570371e-06  1.79990287e+00 
 1.21590371e-06  1.21590371e-06  1.21590371e-06  1.79990281e+00 
 1.21610371e-06  1.21610371e-06  1.21610371e-06  1.79990287e+00 
 1.21630371e-06  1.21630371e-06  1.21630371e-06  1.79990281e+00 
 1.21650371e-06  1.21650371e-06  1.21650371e-06  1.79990287e+00 
 1.21670371e-06  1.21670371e-06  1.21670371e-06  1.79990281e+00 
 1.21690371e-06  1.21690371e-06  1.21690371e-06  1.79990287e+00 
 1.21710371e-06  1.21710371e-06  1.21710371e-06  1.79990281e+00 
 1.21730371e-06  1.21730371e-06  1.21730371e-06  1.79990287e+00 
 1.21750371e-06  1.21750371e-06  1.21750371e-06  1.79990281e+00 
 1.21770371e-06  1.21770371e-06  1.21770371e-06  1.79990287e+00 
 1.21790371e-06  1.21790371e-06  1.21790371e-06  1.79990281e+00 
 1.21810371e-06  1.21810371e-06  1.21810371e-06  1.79990287e+00 
 1.21830371e-06  1.21830371e-06  1.21830371e-06  1.79990281e+00 
 1.21850371e-06  1.21850371e-06  1.21850371e-06  1.79990287e+00 
 1.21870371e-06  1.21870371e-06  1.21870371e-06  1.79990281e+00 
 1.21890371e-06  1.21890371e-06  1.21890371e-06  1.79990287e+00 
 1.21910371e-06  1.21910371e-06  1.21910371e-06  1.79990281e+00 
 1.21930371e-06  1.21930371e-06  1.21930371e-06  1.79990287e+00 
 1.21950371e-06  1.21950371e-06  1.21950371e-06  1.79990281e+00 
 1.21970371e-06  1.21970371e-06  1.21970371e-06  1.79990287e+00 
 1.21990371e-06  1.21990371e-06  1.21990371e-06  1.79990281e+00 
 1.22010371e-06  1.22010371e-06  1.22010371e-06  1.79990287e+00 
 1.22030371e-06  1.22030371e-06  1.22030371e-06  1.79990281e+00 
 1.22050371e-06  1.22050371e-06  1.22050371e-06  1.79990287e+00 
 1.22070371e-06  1.22070371e-06  1.22070371e-06  1.79990281e+00 
 1.22090371e-06  1.22090371e-06  1.22090371e-06  1.79990287e+00 
 1.22110371e-06  1.22110371e-06  1.22110371e-06  1.79990281e+00 
 1.22130371e-06  1.22130371e-06  1.22130371e-06  1.79990287e+00 
 1.22150371e-06  1.22150371e-06  1.22150371e-06  1.79990281e+00 
 1.22170371e-06  1.22170371e-06  1.22170371e-06  1.79990287e+00 
 1.22190371e-06  1.22190371e-06  1.22190371e-06  1.79990281e+00 
 1.22210371e-06  1.22210371e-06  1.22210371e-06  1.79990287e+00 
 1.22230371e-06  1.22230371e-06  1.22230371e-06  1.79990281e+00 
 1.22250371e-06  1.22250371e-06  1.22250371e-06  1.79990287e+00 
 1.22270371e-06  1.22270371e-06  1.22270371e-06  1.79990281e+00 
 1.22290371e-06  1.22290371e-06  1.22290371e-06  1.79990287e+00 
 1.22310371e-06  1.22310371e-06  1.22310371e-06  1.79990281e+00 
 1.22330371e-06  1.22330371e-06  1.22330371e-06  1.79990287e+00 
 1.22350371e-06  1.22350371e-06  1.22350371e-06  1.79990281e+00 
 1.22370371e-06  1.22370371e-06  1.22370371e-06  1.79990287e+00 
 1.22390371e-06  1.22390371e-06  1.22390371e-06  1.79990281e+00 
 1.22410371e-06  1.22410371e-06  1.22410371e-06  1.79990287e+00 
 1.22430371e-06  1.22430371e-06  1.22430371e-06  1.79990281e+00 
 1.22450371e-06  1.22450371e-06  1.22450371e-06  1.79990287e+00 
 1.22470371e-06  1.22470371e-06  1.22470371e-06  1.79990281e+00 
 1.22490371e-06  1.22490371e-06  1.22490371e-06  1.79990287e+00 
 1.22510371e-06  1.22510371e-06  1.22510371e-06  1.79990281e+00 
 1.22530371e-06  1.22530371e-06  1.22530371e-06  1.79990287e+00 
 1.22550371e-06  1.22550371e-06  1.22550371e-06  1.79990281e+00 
 1.22570371e-06  1.22570371e-06  1.22570371e-06  1.79990287e+00 
 1.22590371e-06  1.22590371e-06  1.22590371e-06  1.79990281e+00 
 1.22610371e-06  1.22610371e-06  1.22610371e-06  1.79990287e+00 
 1.22630371e-06  1.22630371e-06  1.22630371e-06  1.79990281e+00 
 1.22650371e-06  1.22650371e-06  1.22650371e-06  1.79990287e+00 
 1.22670371e-06  1.22670371e-06  1.22670371e-06  1.79990281e+00 
 1.22690371e-06  1.22690371e-06  1.22690371e-06  1.79990287e+00 
 1.22710371e-06  1.22710371e-06  1.22710371e-06  1.79990281e+00 
 1.22730371e-06  1.22730371e-06  1.22730371e-06  1.79990287e+00 
 1.22750371e-06  1.22750371e-06  1.22750371e-06  1.79990281e+00 
 1.22770371e-06  1.22770371e-06  1.22770371e-06  1.79990287e+00 
 1.22790371e-06  1.22790371e-06  1.22790371e-06  1.79990281e+00 
 1.22810371e-06  1.22810371e-06  1.22810371e-06  1.79990287e+00 
 1.22830371e-06  1.22830371e-06  1.22830371e-06  1.79990281e+00 
 1.22850371e-06  1.22850371e-06  1.22850371e-06  1.79990287e+00 
 1.22870371e-06  1.22870371e-06  1.22870371e-06  1.79990281e+00 
 1.22890371e-06  1.22890371e-06  1.22890371e-06  1.79990287e+00 
 1.22910371e-06  1.22910371e-06  1.22910371e-06  1.79990281e+00 
 1.22930371e-06  1.22930371e-06  1.22930371e-06  1.79990287e+00 
 1.22950371e-06  1.22950371e-06  1.22950371e-06  1.79990281e+00 
 1.22970371e-06  1.22970371e-06  1.22970371e-06  1.79990287e+00 
 1.22990371e-06  1.22990371e-06  1.22990371e-06  1.79990281e+00 
 1.23010371e-06  1.23010371e-06  1.23010371e-06  1.79990287e+00 
 1.23030371e-06  1.23030371e-06  1.23030371e-06  1.79990281e+00 
 1.23050371e-06  1.23050371e-06  1.23050371e-06  1.79990287e+00 
 1.23070371e-06  1.23070371e-06  1.23070371e-06  1.79990281e+00 
 1.23090371e-06  1.23090371e-06  1.23090371e-06  1.79990287e+00 
 1.23110371e-06  1.23110371e-06  1.23110371e-06  1.79990281e+00 
 1.23130371e-06  1.23130371e-06  1.23130371e-06  1.79990287e+00 
 1.23150371e-06  1.23150371e-06  1.23150371e-06  1.79990281e+00 
 1.23170371e-06  1.23170371e-06  1.23170371e-06  1.79990287e+00 
 1.23190371e-06  1.23190371e-06  1.23190371e-06  1.79990281e+00 
 1.23210371e-06  1.23210371e-06  1.23210371e-06  1.79990287e+00 
 1.23230371e-06  1.23230371e-06  1.23230371e-06  1.79990281e+00 
 1.23250371e-06  1.23250371e-06  1.23250371e-06  1.79990287e+00 
 1.23270371e-06  1.23270371e-06  1.23270371e-06  1.79990281e+00 
 1.23290371e-06  1.23290371e-06  1.23290371e-06  1.79990287e+00 
 1.23310371e-06  1.23310371e-06  1.23310371e-06  1.79990281e+00 
 1.23330371e-06  1.23330371e-06  1.23330371e-06  1.79990287e+00 
 1.23350371e-06  1.23350371e-06  1.23350371e-06  1.79990281e+00 
 1.23370371e-06  1.23370371e-06  1.23370371e-06  1.79990287e+00 
 1.23390371e-06  1.23390371e-06  1.23390371e-06  1.79990281e+00 
 1.23410371e-06  1.23410371e-06  1.23410371e-06  1.79990287e+00 
 1.23430371e-06  1.23430371e-06  1.23430371e-06  1.79990281e+00 
 1.23450371e-06  1.23450371e-06  1.23450371e-06  1.79990287e+00 
 1.23470371e-06  1.23470371e-06  1.23470371e-06  1.79990281e+00 
 1.23490371e-06  1.23490371e-06  1.23490371e-06  1.79990287e+00 
 1.23510371e-06  1.23510371e-06  1.23510371e-06  1.79990281e+00 
 1.23530371e-06  1.23530371e-06  1.23530371e-06  1.79990287e+00 
 1.23550371e-06  1.23550371e-06  1.23550371e-06  1.79990281e+00 
 1.23570371e-06  1.23570371e-06  1.23570371e-06  1.79990287e+00 
 1.23590371e-06  1.23590371e-06  1.23590371e-06  1.79990281e+00 
 1.23610371e-06  1.23610371e-06  1.23610371e-06  1.79990287e+00 
 1.23630371e-06  1.23630371e-06  1.23630371e-06  1.79990281e+00 
 1.23650371e-06  1.23650371e-06  1.23650371e-06  1.79990287e+00 
 1.23670371e-06  1.23670371e-06  1.23670371e-06  1.79990281e+00 
 1.23690371e-06  1.23690371e-06  1.23690371e-06  1.79990287e+00 
 1.23710371e-06  1.23710371e-06  1.23710371e-06  1.79990281e+00 
 1.23730371e-06  1.23730371e-06  1.23730371e-06  1.79990287e+00 
 1.23750371e-06  1.23750371e-06  1.23750371e-06  1.79990281e+00 
 1.23770371e-06  1.23770371e-06  1.23770371e-06  1.79990287e+00 
 1.23790371e-06  1.23790371e-06  1.23790371e-06  1.79990281e+00 
 1.23810371e-06  1.23810371e-06  1.23810371e-06  1.79990287e+00 
 1.23830371e-06  1.23830371e-06  1.23830371e-06  1.79990281e+00 
 1.23850371e-06  1.23850371e-06  1.23850371e-06  1.79990287e+00 
 1.23870371e-06  1.23870371e-06  1.23870371e-06  1.79990281e+00 
 1.23890371e-06  1.23890371e-06  1.23890371e-06  1.79990287e+00 
 1.23910371e-06  1.23910371e-06  1.23910371e-06  1.79990281e+00 
 1.23930371e-06  1.23930371e-06  1.23930371e-06  1.79990287e+00 
 1.23950371e-06  1.23950371e-06  1.23950371e-06  1.79990281e+00 
 1.23970371e-06  1.23970371e-06  1.23970371e-06  1.79990287e+00 
 1.23990371e-06  1.23990371e-06  1.23990371e-06  1.79990281e+00 
 1.24010371e-06  1.24010371e-06  1.24010371e-06  1.79990287e+00 
 1.24030371e-06  1.24030371e-06  1.24030371e-06  1.79990281e+00 
 1.24050371e-06  1.24050371e-06  1.24050371e-06  1.79990287e+00 
 1.24070371e-06  1.24070371e-06  1.24070371e-06  1.79990281e+00 
 1.24090371e-06  1.24090371e-06  1.24090371e-06  1.79990287e+00 
 1.24110371e-06  1.24110371e-06  1.24110371e-06  1.79990281e+00 
 1.24130371e-06  1.24130371e-06  1.24130371e-06  1.79990287e+00 
 1.24150371e-06  1.24150371e-06  1.24150371e-06  1.79990281e+00 
 1.24170371e-06  1.24170371e-06  1.24170371e-06  1.79990287e+00 
 1.24190371e-06  1.24190371e-06  1.24190371e-06  1.79990281e+00 
 1.24210371e-06  1.24210371e-06  1.24210371e-06  1.79990287e+00 
 1.24230371e-06  1.24230371e-06  1.24230371e-06  1.79990281e+00 
 1.24250371e-06  1.24250371e-06  1.24250371e-06  1.79990287e+00 
 1.24270371e-06  1.24270371e-06  1.24270371e-06  1.79990281e+00 
 1.24290371e-06  1.24290371e-06  1.24290371e-06  1.79990287e+00 
 1.24310371e-06  1.24310371e-06  1.24310371e-06  1.79990281e+00 
 1.24330371e-06  1.24330371e-06  1.24330371e-06  1.79990287e+00 
 1.24350371e-06  1.24350371e-06  1.24350371e-06  1.79990281e+00 
 1.24370371e-06  1.24370371e-06  1.24370371e-06  1.79990287e+00 
 1.24390371e-06  1.24390371e-06  1.24390371e-06  1.79990281e+00 
 1.24410371e-06  1.24410371e-06  1.24410371e-06  1.79990287e+00 
 1.24430371e-06  1.24430371e-06  1.24430371e-06  1.79990281e+00 
 1.24450371e-06  1.24450371e-06  1.24450371e-06  1.79990287e+00 
 1.24470371e-06  1.24470371e-06  1.24470371e-06  1.79990281e+00 
 1.24490371e-06  1.24490371e-06  1.24490371e-06  1.79990287e+00 
 1.24510371e-06  1.24510371e-06  1.24510371e-06  1.79990281e+00 
 1.24530371e-06  1.24530371e-06  1.24530371e-06  1.79990287e+00 
 1.24550371e-06  1.24550371e-06  1.24550371e-06  1.79990281e+00 
 1.24570371e-06  1.24570371e-06  1.24570371e-06  1.79990287e+00 
 1.24590371e-06  1.24590371e-06  1.24590371e-06  1.79990281e+00 
 1.24610371e-06  1.24610371e-06  1.24610371e-06  1.79990287e+00 
 1.24630371e-06  1.24630371e-06  1.24630371e-06  1.79990281e+00 
 1.24650371e-06  1.24650371e-06  1.24650371e-06  1.79990287e+00 
 1.24670371e-06  1.24670371e-06  1.24670371e-06  1.79990281e+00 
 1.24690371e-06  1.24690371e-06  1.24690371e-06  1.79990287e+00 
 1.24710371e-06  1.24710371e-06  1.24710371e-06  1.79990281e+00 
 1.24730371e-06  1.24730371e-06  1.24730371e-06  1.79990287e+00 
 1.24750371e-06  1.24750371e-06  1.24750371e-06  1.79990281e+00 
 1.24770371e-06  1.24770371e-06  1.24770371e-06  1.79990287e+00 
 1.24790371e-06  1.24790371e-06  1.24790371e-06  1.79990281e+00 
 1.24810371e-06  1.24810371e-06  1.24810371e-06  1.79990287e+00 
 1.24830371e-06  1.24830371e-06  1.24830371e-06  1.79990281e+00 
 1.24850371e-06  1.24850371e-06  1.24850371e-06  1.79990287e+00 
 1.24870371e-06  1.24870371e-06  1.24870371e-06  1.79990281e+00 
 1.24890371e-06  1.24890371e-06  1.24890371e-06  1.79990287e+00 
 1.24910371e-06  1.24910371e-06  1.24910371e-06  1.79990281e+00 
 1.24930371e-06  1.24930371e-06  1.24930371e-06  1.79990287e+00 
 1.24950371e-06  1.24950371e-06  1.24950371e-06  1.79990281e+00 
 1.24970371e-06  1.24970371e-06  1.24970371e-06  1.79990287e+00 
 1.24990371e-06  1.24990371e-06  1.24990371e-06  1.79990281e+00 
 1.25010371e-06  1.25010371e-06  1.25010371e-06  1.79990287e+00 
 1.25030371e-06  1.25030371e-06  1.25030371e-06  1.79990281e+00 
 1.25050371e-06  1.25050371e-06  1.25050371e-06  1.79990287e+00 
 1.25070371e-06  1.25070371e-06  1.25070371e-06  1.79990281e+00 
 1.25090371e-06  1.25090371e-06  1.25090371e-06  1.79990287e+00 
 1.25110371e-06  1.25110371e-06  1.25110371e-06  1.79990281e+00 
 1.25130371e-06  1.25130371e-06  1.25130371e-06  1.79990287e+00 
 1.25150371e-06  1.25150371e-06  1.25150371e-06  1.79990281e+00 
 1.25170371e-06  1.25170371e-06  1.25170371e-06  1.79990287e+00 
 1.25190371e-06  1.25190371e-06  1.25190371e-06  1.79990281e+00 
 1.25210371e-06  1.25210371e-06  1.25210371e-06  1.79990287e+00 
 1.25230371e-06  1.25230371e-06  1.25230371e-06  1.79990281e+00 
 1.25250371e-06  1.25250371e-06  1.25250371e-06  1.79990287e+00 
 1.25270371e-06  1.25270371e-06  1.25270371e-06  1.79990281e+00 
 1.25290371e-06  1.25290371e-06  1.25290371e-06  1.79990287e+00 
 1.25310371e-06  1.25310371e-06  1.25310371e-06  1.79990281e+00 
 1.25330371e-06  1.25330371e-06  1.25330371e-06  1.79990287e+00 
 1.25350371e-06  1.25350371e-06  1.25350371e-06  1.79990281e+00 
 1.25370371e-06  1.25370371e-06  1.25370371e-06  1.79990287e+00 
 1.25390371e-06  1.25390371e-06  1.25390371e-06  1.79990281e+00 
 1.25410371e-06  1.25410371e-06  1.25410371e-06  1.79990287e+00 
 1.25430371e-06  1.25430371e-06  1.25430371e-06  1.79990281e+00 
 1.25450371e-06  1.25450371e-06  1.25450371e-06  1.79990287e+00 
 1.25470371e-06  1.25470371e-06  1.25470371e-06  1.79990281e+00 
 1.25490371e-06  1.25490371e-06  1.25490371e-06  1.79990287e+00 
 1.25510371e-06  1.25510371e-06  1.25510371e-06  1.79990281e+00 
 1.25530371e-06  1.25530371e-06  1.25530371e-06  1.79990287e+00 
 1.25550371e-06  1.25550371e-06  1.25550371e-06  1.79990281e+00 
 1.25570371e-06  1.25570371e-06  1.25570371e-06  1.79990287e+00 
 1.25590371e-06  1.25590371e-06  1.25590371e-06  1.79990281e+00 
 1.25610371e-06  1.25610371e-06  1.25610371e-06  1.79990287e+00 
 1.25630371e-06  1.25630371e-06  1.25630371e-06  1.79990281e+00 
 1.25650371e-06  1.25650371e-06  1.25650371e-06  1.79990287e+00 
 1.25670371e-06  1.25670371e-06  1.25670371e-06  1.79990281e+00 
 1.25690371e-06  1.25690371e-06  1.25690371e-06  1.79990287e+00 
 1.25710371e-06  1.25710371e-06  1.25710371e-06  1.79990281e+00 
 1.25730371e-06  1.25730371e-06  1.25730371e-06  1.79990287e+00 
 1.25750371e-06  1.25750371e-06  1.25750371e-06  1.79990281e+00 
 1.25770371e-06  1.25770371e-06  1.25770371e-06  1.79990287e+00 
 1.25790371e-06  1.25790371e-06  1.25790371e-06  1.79990281e+00 
 1.25810371e-06  1.25810371e-06  1.25810371e-06  1.79990287e+00 
 1.25830371e-06  1.25830371e-06  1.25830371e-06  1.79990281e+00 
 1.25850371e-06  1.25850371e-06  1.25850371e-06  1.79990287e+00 
 1.25870371e-06  1.25870371e-06  1.25870371e-06  1.79990281e+00 
 1.25890371e-06  1.25890371e-06  1.25890371e-06  1.79990287e+00 
 1.25910371e-06  1.25910371e-06  1.25910371e-06  1.79990281e+00 
 1.25930371e-06  1.25930371e-06  1.25930371e-06  1.79990287e+00 
 1.25950371e-06  1.25950371e-06  1.25950371e-06  1.79990281e+00 
 1.25970371e-06  1.25970371e-06  1.25970371e-06  1.79990287e+00 
 1.25990371e-06  1.25990371e-06  1.25990371e-06  1.79990281e+00 
 1.26010371e-06  1.26010371e-06  1.26010371e-06  1.79990287e+00 
 1.26030371e-06  1.26030371e-06  1.26030371e-06  1.79990281e+00 
 1.26050371e-06  1.26050371e-06  1.26050371e-06  1.79990287e+00 
 1.26070371e-06  1.26070371e-06  1.26070371e-06  1.79990281e+00 
 1.26090371e-06  1.26090371e-06  1.26090371e-06  1.79990287e+00 
 1.26110371e-06  1.26110371e-06  1.26110371e-06  1.79990281e+00 
 1.26130371e-06  1.26130371e-06  1.26130371e-06  1.79990287e+00 
 1.26150371e-06  1.26150371e-06  1.26150371e-06  1.79990281e+00 
 1.26170371e-06  1.26170371e-06  1.26170371e-06  1.79990287e+00 
 1.26190371e-06  1.26190371e-06  1.26190371e-06  1.79990281e+00 
 1.26210371e-06  1.26210371e-06  1.26210371e-06  1.79990287e+00 
 1.26230371e-06  1.26230371e-06  1.26230371e-06  1.79990281e+00 
 1.26250371e-06  1.26250371e-06  1.26250371e-06  1.79990287e+00 
 1.26270371e-06  1.26270371e-06  1.26270371e-06  1.79990281e+00 
 1.26290371e-06  1.26290371e-06  1.26290371e-06  1.79990287e+00 
 1.26310371e-06  1.26310371e-06  1.26310371e-06  1.79990281e+00 
 1.26330371e-06  1.26330371e-06  1.26330371e-06  1.79990287e+00 
 1.26350371e-06  1.26350371e-06  1.26350371e-06  1.79990281e+00 
 1.26370371e-06  1.26370371e-06  1.26370371e-06  1.79990287e+00 
 1.26390371e-06  1.26390371e-06  1.26390371e-06  1.79990281e+00 
 1.26410371e-06  1.26410371e-06  1.26410371e-06  1.79990287e+00 
 1.26430371e-06  1.26430371e-06  1.26430371e-06  1.79990281e+00 
 1.26450371e-06  1.26450371e-06  1.26450371e-06  1.79990287e+00 
 1.26470371e-06  1.26470371e-06  1.26470371e-06  1.79990281e+00 
 1.26490371e-06  1.26490371e-06  1.26490371e-06  1.79990287e+00 
 1.26510371e-06  1.26510371e-06  1.26510371e-06  1.79990281e+00 
 1.26530371e-06  1.26530371e-06  1.26530371e-06  1.79990287e+00 
 1.26550371e-06  1.26550371e-06  1.26550371e-06  1.79990281e+00 
 1.26570371e-06  1.26570371e-06  1.26570371e-06  1.79990287e+00 
 1.26590371e-06  1.26590371e-06  1.26590371e-06  1.79990281e+00 
 1.26610371e-06  1.26610371e-06  1.26610371e-06  1.79990287e+00 
 1.26630371e-06  1.26630371e-06  1.26630371e-06  1.79990281e+00 
 1.26650371e-06  1.26650371e-06  1.26650371e-06  1.79990287e+00 
 1.26670371e-06  1.26670371e-06  1.26670371e-06  1.79990281e+00 
 1.26690371e-06  1.26690371e-06  1.26690371e-06  1.79990287e+00 
 1.26710371e-06  1.26710371e-06  1.26710371e-06  1.79990281e+00 
 1.26730371e-06  1.26730371e-06  1.26730371e-06  1.79990287e+00 
 1.26750371e-06  1.26750371e-06  1.26750371e-06  1.79990281e+00 
 1.26770371e-06  1.26770371e-06  1.26770371e-06  1.79990287e+00 
 1.26790371e-06  1.26790371e-06  1.26790371e-06  1.79990281e+00 
 1.26810371e-06  1.26810371e-06  1.26810371e-06  1.79990287e+00 
 1.26830371e-06  1.26830371e-06  1.26830371e-06  1.79990281e+00 
 1.26850371e-06  1.26850371e-06  1.26850371e-06  1.79990287e+00 
 1.26870371e-06  1.26870371e-06  1.26870371e-06  1.79990281e+00 
 1.26890371e-06  1.26890371e-06  1.26890371e-06  1.79990287e+00 
 1.26910371e-06  1.26910371e-06  1.26910371e-06  1.79990281e+00 
 1.26930371e-06  1.26930371e-06  1.26930371e-06  1.79990287e+00 
 1.26950371e-06  1.26950371e-06  1.26950371e-06  1.79990281e+00 
 1.26970371e-06  1.26970371e-06  1.26970371e-06  1.79990287e+00 
 1.26990371e-06  1.26990371e-06  1.26990371e-06  1.79990281e+00 
 1.27010371e-06  1.27010371e-06  1.27010371e-06  1.79990287e+00 
 1.27030371e-06  1.27030371e-06  1.27030371e-06  1.79990281e+00 
 1.27050371e-06  1.27050371e-06  1.27050371e-06  1.79990287e+00 
 1.27070371e-06  1.27070371e-06  1.27070371e-06  1.79990281e+00 
 1.27090371e-06  1.27090371e-06  1.27090371e-06  1.79990287e+00 
 1.27110371e-06  1.27110371e-06  1.27110371e-06  1.79990281e+00 
 1.27130371e-06  1.27130371e-06  1.27130371e-06  1.79990287e+00 
 1.27150371e-06  1.27150371e-06  1.27150371e-06  1.79990281e+00 
 1.27170371e-06  1.27170371e-06  1.27170371e-06  1.79990287e+00 
 1.27190371e-06  1.27190371e-06  1.27190371e-06  1.79990281e+00 
 1.27210371e-06  1.27210371e-06  1.27210371e-06  1.79990287e+00 
 1.27230371e-06  1.27230371e-06  1.27230371e-06  1.79990281e+00 
 1.27250371e-06  1.27250371e-06  1.27250371e-06  1.79990287e+00 
 1.27270371e-06  1.27270371e-06  1.27270371e-06  1.79990281e+00 
 1.27290371e-06  1.27290371e-06  1.27290371e-06  1.79990287e+00 
 1.27310371e-06  1.27310371e-06  1.27310371e-06  1.79990281e+00 
 1.27330371e-06  1.27330371e-06  1.27330371e-06  1.79990287e+00 
 1.27350371e-06  1.27350371e-06  1.27350371e-06  1.79990281e+00 
 1.27370371e-06  1.27370371e-06  1.27370371e-06  1.79990287e+00 
 1.27390371e-06  1.27390371e-06  1.27390371e-06  1.79990281e+00 
 1.27410371e-06  1.27410371e-06  1.27410371e-06  1.79990287e+00 
 1.27430371e-06  1.27430371e-06  1.27430371e-06  1.79990281e+00 
 1.27450371e-06  1.27450371e-06  1.27450371e-06  1.79990287e+00 
 1.27470371e-06  1.27470371e-06  1.27470371e-06  1.79990281e+00 
 1.27490371e-06  1.27490371e-06  1.27490371e-06  1.79990287e+00 
 1.27510371e-06  1.27510371e-06  1.27510371e-06  1.79990281e+00 
 1.27530371e-06  1.27530371e-06  1.27530371e-06  1.79990287e+00 
 1.27550371e-06  1.27550371e-06  1.27550371e-06  1.79990281e+00 
 1.27570371e-06  1.27570371e-06  1.27570371e-06  1.79990287e+00 
 1.27590371e-06  1.27590371e-06  1.27590371e-06  1.79990281e+00 
 1.27610371e-06  1.27610371e-06  1.27610371e-06  1.79990287e+00 
 1.27630371e-06  1.27630371e-06  1.27630371e-06  1.79990281e+00 
 1.27650371e-06  1.27650371e-06  1.27650371e-06  1.79990287e+00 
 1.27670371e-06  1.27670371e-06  1.27670371e-06  1.79990281e+00 
 1.27690371e-06  1.27690371e-06  1.27690371e-06  1.79990287e+00 
 1.27710371e-06  1.27710371e-06  1.27710371e-06  1.79990281e+00 
 1.27730371e-06  1.27730371e-06  1.27730371e-06  1.79990287e+00 
 1.27750371e-06  1.27750371e-06  1.27750371e-06  1.79990281e+00 
 1.27770371e-06  1.27770371e-06  1.27770371e-06  1.79990287e+00 
 1.27790371e-06  1.27790371e-06  1.27790371e-06  1.79990281e+00 
 1.27810371e-06  1.27810371e-06  1.27810371e-06  1.79990287e+00 
 1.27830371e-06  1.27830371e-06  1.27830371e-06  1.79990281e+00 
 1.27850371e-06  1.27850371e-06  1.27850371e-06  1.79990287e+00 
 1.27870371e-06  1.27870371e-06  1.27870371e-06  1.79990281e+00 
 1.27890371e-06  1.27890371e-06  1.27890371e-06  1.79990287e+00 
 1.27910371e-06  1.27910371e-06  1.27910371e-06  1.79990281e+00 
 1.27930371e-06  1.27930371e-06  1.27930371e-06  1.79990287e+00 
 1.27950371e-06  1.27950371e-06  1.27950371e-06  1.79990281e+00 
 1.27970371e-06  1.27970371e-06  1.27970371e-06  1.79990287e+00 
 1.27990371e-06  1.27990371e-06  1.27990371e-06  1.79990281e+00 
 1.28010371e-06  1.28010371e-06  1.28010371e-06  1.79990287e+00 
 1.28030371e-06  1.28030371e-06  1.28030371e-06  1.79990281e+00 
 1.28050371e-06  1.28050371e-06  1.28050371e-06  1.79990287e+00 
 1.28070371e-06  1.28070371e-06  1.28070371e-06  1.79990281e+00 
 1.28090371e-06  1.28090371e-06  1.28090371e-06  1.79990287e+00 
 1.28110371e-06  1.28110371e-06  1.28110371e-06  1.79990281e+00 
 1.28130371e-06  1.28130371e-06  1.28130371e-06  1.79990287e+00 
 1.28150371e-06  1.28150371e-06  1.28150371e-06  1.79990281e+00 
 1.28170371e-06  1.28170371e-06  1.28170371e-06  1.79990287e+00 
 1.28190371e-06  1.28190371e-06  1.28190371e-06  1.79990281e+00 
 1.28210371e-06  1.28210371e-06  1.28210371e-06  1.79990287e+00 
 1.28230371e-06  1.28230371e-06  1.28230371e-06  1.79990281e+00 
 1.28250371e-06  1.28250371e-06  1.28250371e-06  1.79990287e+00 
 1.28270371e-06  1.28270371e-06  1.28270371e-06  1.79990281e+00 
 1.28290371e-06  1.28290371e-06  1.28290371e-06  1.79990287e+00 
 1.28310371e-06  1.28310371e-06  1.28310371e-06  1.79990281e+00 
 1.28330371e-06  1.28330371e-06  1.28330371e-06  1.79990287e+00 
 1.28350371e-06  1.28350371e-06  1.28350371e-06  1.79990281e+00 
 1.28370371e-06  1.28370371e-06  1.28370371e-06  1.79990287e+00 
 1.28390371e-06  1.28390371e-06  1.28390371e-06  1.79990281e+00 
 1.28410371e-06  1.28410371e-06  1.28410371e-06  1.79990287e+00 
 1.28430371e-06  1.28430371e-06  1.28430371e-06  1.79990281e+00 
 1.28450371e-06  1.28450371e-06  1.28450371e-06  1.79990287e+00 
 1.28470371e-06  1.28470371e-06  1.28470371e-06  1.79990281e+00 
 1.28490371e-06  1.28490371e-06  1.28490371e-06  1.79990287e+00 
 1.28510371e-06  1.28510371e-06  1.28510371e-06  1.79990281e+00 
 1.28530371e-06  1.28530371e-06  1.28530371e-06  1.79990287e+00 
 1.28550371e-06  1.28550371e-06  1.28550371e-06  1.79990281e+00 
 1.28570371e-06  1.28570371e-06  1.28570371e-06  1.79990287e+00 
 1.28590371e-06  1.28590371e-06  1.28590371e-06  1.79990281e+00 
 1.28610371e-06  1.28610371e-06  1.28610371e-06  1.79990287e+00 
 1.28630371e-06  1.28630371e-06  1.28630371e-06  1.79990281e+00 
 1.28650371e-06  1.28650371e-06  1.28650371e-06  1.79990287e+00 
 1.28670371e-06  1.28670371e-06  1.28670371e-06  1.79990281e+00 
 1.28690371e-06  1.28690371e-06  1.28690371e-06  1.79990287e+00 
 1.28710371e-06  1.28710371e-06  1.28710371e-06  1.79990281e+00 
 1.28730371e-06  1.28730371e-06  1.28730371e-06  1.79990287e+00 
 1.28750371e-06  1.28750371e-06  1.28750371e-06  1.79990281e+00 
 1.28770371e-06  1.28770371e-06  1.28770371e-06  1.79990287e+00 
 1.28790371e-06  1.28790371e-06  1.28790371e-06  1.79990281e+00 
 1.28810371e-06  1.28810371e-06  1.28810371e-06  1.79990287e+00 
 1.28830371e-06  1.28830371e-06  1.28830371e-06  1.79990281e+00 
 1.28850371e-06  1.28850371e-06  1.28850371e-06  1.79990287e+00 
 1.28870371e-06  1.28870371e-06  1.28870371e-06  1.79990281e+00 
 1.28890371e-06  1.28890371e-06  1.28890371e-06  1.79990287e+00 
 1.28910371e-06  1.28910371e-06  1.28910371e-06  1.79990281e+00 
 1.28930371e-06  1.28930371e-06  1.28930371e-06  1.79990287e+00 
 1.28950371e-06  1.28950371e-06  1.28950371e-06  1.79990281e+00 
 1.28970371e-06  1.28970371e-06  1.28970371e-06  1.79990287e+00 
 1.28990371e-06  1.28990371e-06  1.28990371e-06  1.79990281e+00 
 1.29010371e-06  1.29010371e-06  1.29010371e-06  1.79990287e+00 
 1.29030371e-06  1.29030371e-06  1.29030371e-06  1.79990281e+00 
 1.29050371e-06  1.29050371e-06  1.29050371e-06  1.79990287e+00 
 1.29070371e-06  1.29070371e-06  1.29070371e-06  1.79990281e+00 
 1.29090371e-06  1.29090371e-06  1.29090371e-06  1.79990287e+00 
 1.29110371e-06  1.29110371e-06  1.29110371e-06  1.79990281e+00 
 1.29130371e-06  1.29130371e-06  1.29130371e-06  1.79990287e+00 
 1.29150371e-06  1.29150371e-06  1.29150371e-06  1.79990282e+00 
 1.29170371e-06  1.29170371e-06  1.29170371e-06  1.79990287e+00 
 1.29190371e-06  1.29190371e-06  1.29190371e-06  1.79990282e+00 
 1.29210371e-06  1.29210371e-06  1.29210371e-06  1.79990287e+00 
 1.29230371e-06  1.29230371e-06  1.29230371e-06  1.79990282e+00 
 1.29250371e-06  1.29250371e-06  1.29250371e-06  1.79990287e+00 
 1.29270371e-06  1.29270371e-06  1.29270371e-06  1.79990282e+00 
 1.29290371e-06  1.29290371e-06  1.29290371e-06  1.79990287e+00 
 1.29310371e-06  1.29310371e-06  1.29310371e-06  1.79990282e+00 
 1.29330371e-06  1.29330371e-06  1.29330371e-06  1.79990287e+00 
 1.29350371e-06  1.29350371e-06  1.29350371e-06  1.79990282e+00 
 1.29370371e-06  1.29370371e-06  1.29370371e-06  1.79990287e+00 
 1.29390371e-06  1.29390371e-06  1.29390371e-06  1.79990282e+00 
 1.29410371e-06  1.29410371e-06  1.29410371e-06  1.79990287e+00 
 1.29430371e-06  1.29430371e-06  1.29430371e-06  1.79990282e+00 
 1.29450371e-06  1.29450371e-06  1.29450371e-06  1.79990287e+00 
 1.29470371e-06  1.29470371e-06  1.29470371e-06  1.79990282e+00 
 1.29490371e-06  1.29490371e-06  1.29490371e-06  1.79990287e+00 
 1.29510371e-06  1.29510371e-06  1.29510371e-06  1.79990282e+00 
 1.29530371e-06  1.29530371e-06  1.29530371e-06  1.79990287e+00 
 1.29550371e-06  1.29550371e-06  1.29550371e-06  1.79990282e+00 
 1.29570371e-06  1.29570371e-06  1.29570371e-06  1.79990287e+00 
 1.29590371e-06  1.29590371e-06  1.29590371e-06  1.79990282e+00 
 1.29610371e-06  1.29610371e-06  1.29610371e-06  1.79990287e+00 
 1.29630371e-06  1.29630371e-06  1.29630371e-06  1.79990282e+00 
 1.29650371e-06  1.29650371e-06  1.29650371e-06  1.79990287e+00 
 1.29670371e-06  1.29670371e-06  1.29670371e-06  1.79990282e+00 
 1.29690371e-06  1.29690371e-06  1.29690371e-06  1.79990287e+00 
 1.29710371e-06  1.29710371e-06  1.29710371e-06  1.79990282e+00 
 1.29730371e-06  1.29730371e-06  1.29730371e-06  1.79990287e+00 
 1.29750371e-06  1.29750371e-06  1.29750371e-06  1.79990282e+00 
 1.29770371e-06  1.29770371e-06  1.29770371e-06  1.79990287e+00 
 1.29790371e-06  1.29790371e-06  1.29790371e-06  1.79990282e+00 
 1.29810371e-06  1.29810371e-06  1.29810371e-06  1.79990287e+00 
 1.29830371e-06  1.29830371e-06  1.29830371e-06  1.79990282e+00 
 1.29850371e-06  1.29850371e-06  1.29850371e-06  1.79990287e+00 
 1.29870371e-06  1.29870371e-06  1.29870371e-06  1.79990282e+00 
 1.29890371e-06  1.29890371e-06  1.29890371e-06  1.79990287e+00 
 1.29910371e-06  1.29910371e-06  1.29910371e-06  1.79990282e+00 
 1.29930371e-06  1.29930371e-06  1.29930371e-06  1.79990287e+00 
 1.29950371e-06  1.29950371e-06  1.29950371e-06  1.79990282e+00 
 1.29970371e-06  1.29970371e-06  1.29970371e-06  1.79990287e+00 
 1.29990371e-06  1.29990371e-06  1.29990371e-06  1.79990282e+00 
 1.30010371e-06  1.30010371e-06  1.30010371e-06  1.79990287e+00 
 1.30030371e-06  1.30030371e-06  1.30030371e-06  1.79990282e+00 
 1.30050371e-06  1.30050371e-06  1.30050371e-06  1.79990287e+00 
 1.30070371e-06  1.30070371e-06  1.30070371e-06  1.79990282e+00 
 1.30090371e-06  1.30090371e-06  1.30090371e-06  1.79990287e+00 
 1.30110371e-06  1.30110371e-06  1.30110371e-06  1.79990282e+00 
 1.30130371e-06  1.30130371e-06  1.30130371e-06  1.79990287e+00 
 1.30150371e-06  1.30150371e-06  1.30150371e-06  1.79990282e+00 
 1.30170371e-06  1.30170371e-06  1.30170371e-06  1.79990287e+00 
 1.30190371e-06  1.30190371e-06  1.30190371e-06  1.79990282e+00 
 1.30210371e-06  1.30210371e-06  1.30210371e-06  1.79990287e+00 
 1.30230371e-06  1.30230371e-06  1.30230371e-06  1.79990282e+00 
 1.30250371e-06  1.30250371e-06  1.30250371e-06  1.79990287e+00 
 1.30270371e-06  1.30270371e-06  1.30270371e-06  1.79990282e+00 
 1.30290371e-06  1.30290371e-06  1.30290371e-06  1.79990287e+00 
 1.30310371e-06  1.30310371e-06  1.30310371e-06  1.79990282e+00 
 1.30330371e-06  1.30330371e-06  1.30330371e-06  1.79990287e+00 
 1.30350371e-06  1.30350371e-06  1.30350371e-06  1.79990282e+00 
 1.30370371e-06  1.30370371e-06  1.30370371e-06  1.79990287e+00 
 1.30390371e-06  1.30390371e-06  1.30390371e-06  1.79990282e+00 
 1.30410371e-06  1.30410371e-06  1.30410371e-06  1.79990287e+00 
 1.30430371e-06  1.30430371e-06  1.30430371e-06  1.79990282e+00 
 1.30450371e-06  1.30450371e-06  1.30450371e-06  1.79990287e+00 
 1.30470371e-06  1.30470371e-06  1.30470371e-06  1.79990282e+00 
 1.30490371e-06  1.30490371e-06  1.30490371e-06  1.79990287e+00 
 1.30510371e-06  1.30510371e-06  1.30510371e-06  1.79990282e+00 
 1.30530371e-06  1.30530371e-06  1.30530371e-06  1.79990287e+00 
 1.30550371e-06  1.30550371e-06  1.30550371e-06  1.79990282e+00 
 1.30570371e-06  1.30570371e-06  1.30570371e-06  1.79990287e+00 
 1.30590371e-06  1.30590371e-06  1.30590371e-06  1.79990282e+00 
 1.30610371e-06  1.30610371e-06  1.30610371e-06  1.79990287e+00 
 1.30630371e-06  1.30630371e-06  1.30630371e-06  1.79990282e+00 
 1.30650371e-06  1.30650371e-06  1.30650371e-06  1.79990287e+00 
 1.30670371e-06  1.30670371e-06  1.30670371e-06  1.79990282e+00 
 1.30690371e-06  1.30690371e-06  1.30690371e-06  1.79990287e+00 
 1.30710371e-06  1.30710371e-06  1.30710371e-06  1.79990282e+00 
 1.30730371e-06  1.30730371e-06  1.30730371e-06  1.79990287e+00 
 1.30750371e-06  1.30750371e-06  1.30750371e-06  1.79990282e+00 
 1.30770371e-06  1.30770371e-06  1.30770371e-06  1.79990287e+00 
 1.30790371e-06  1.30790371e-06  1.30790371e-06  1.79990282e+00 
 1.30810371e-06  1.30810371e-06  1.30810371e-06  1.79990287e+00 
 1.30830371e-06  1.30830371e-06  1.30830371e-06  1.79990282e+00 
 1.30850371e-06  1.30850371e-06  1.30850371e-06  1.79990287e+00 
 1.30870371e-06  1.30870371e-06  1.30870371e-06  1.79990282e+00 
 1.30890371e-06  1.30890371e-06  1.30890371e-06  1.79990287e+00 
 1.30910371e-06  1.30910371e-06  1.30910371e-06  1.79990282e+00 
 1.30930371e-06  1.30930371e-06  1.30930371e-06  1.79990287e+00 
 1.30950371e-06  1.30950371e-06  1.30950371e-06  1.79990282e+00 
 1.30970371e-06  1.30970371e-06  1.30970371e-06  1.79990287e+00 
 1.30990371e-06  1.30990371e-06  1.30990371e-06  1.79990282e+00 
 1.31010371e-06  1.31010371e-06  1.31010371e-06  1.79990287e+00 
 1.31030371e-06  1.31030371e-06  1.31030371e-06  1.79990282e+00 
 1.31050371e-06  1.31050371e-06  1.31050371e-06  1.79990287e+00 
 1.31070371e-06  1.31070371e-06  1.31070371e-06  1.79990282e+00 
 1.31090371e-06  1.31090371e-06  1.31090371e-06  1.79990287e+00 
 1.31110371e-06  1.31110371e-06  1.31110371e-06  1.79990282e+00 
 1.31130371e-06  1.31130371e-06  1.31130371e-06  1.79990287e+00 
 1.31150371e-06  1.31150371e-06  1.31150371e-06  1.79990282e+00 
 1.31170371e-06  1.31170371e-06  1.31170371e-06  1.79990287e+00 
 1.31190371e-06  1.31190371e-06  1.31190371e-06  1.79990282e+00 
 1.31210371e-06  1.31210371e-06  1.31210371e-06  1.79990287e+00 
 1.31230371e-06  1.31230371e-06  1.31230371e-06  1.79990282e+00 
 1.31250371e-06  1.31250371e-06  1.31250371e-06  1.79990287e+00 
 1.31270371e-06  1.31270371e-06  1.31270371e-06  1.79990282e+00 
 1.31290371e-06  1.31290371e-06  1.31290371e-06  1.79990287e+00 
 1.31310371e-06  1.31310371e-06  1.31310371e-06  1.79990282e+00 
 1.31330371e-06  1.31330371e-06  1.31330371e-06  1.79990287e+00 
 1.31350371e-06  1.31350371e-06  1.31350371e-06  1.79990282e+00 
 1.31370371e-06  1.31370371e-06  1.31370371e-06  1.79990287e+00 
 1.31390371e-06  1.31390371e-06  1.31390371e-06  1.79990282e+00 
 1.31410371e-06  1.31410371e-06  1.31410371e-06  1.79990287e+00 
 1.31430371e-06  1.31430371e-06  1.31430371e-06  1.79990282e+00 
 1.31450371e-06  1.31450371e-06  1.31450371e-06  1.79990287e+00 
 1.31470371e-06  1.31470371e-06  1.31470371e-06  1.79990282e+00 
 1.31490371e-06  1.31490371e-06  1.31490371e-06  1.79990287e+00 
 1.31510371e-06  1.31510371e-06  1.31510371e-06  1.79990282e+00 
 1.31530371e-06  1.31530371e-06  1.31530371e-06  1.79990287e+00 
 1.31550371e-06  1.31550371e-06  1.31550371e-06  1.79990282e+00 
 1.31570371e-06  1.31570371e-06  1.31570371e-06  1.79990287e+00 
 1.31590371e-06  1.31590371e-06  1.31590371e-06  1.79990282e+00 
 1.31610371e-06  1.31610371e-06  1.31610371e-06  1.79990287e+00 
 1.31630371e-06  1.31630371e-06  1.31630371e-06  1.79990282e+00 
 1.31650371e-06  1.31650371e-06  1.31650371e-06  1.79990287e+00 
 1.31670371e-06  1.31670371e-06  1.31670371e-06  1.79990282e+00 
 1.31690371e-06  1.31690371e-06  1.31690371e-06  1.79990287e+00 
 1.31710371e-06  1.31710371e-06  1.31710371e-06  1.79990282e+00 
 1.31730371e-06  1.31730371e-06  1.31730371e-06  1.79990287e+00 
 1.31750371e-06  1.31750371e-06  1.31750371e-06  1.79990282e+00 
 1.31770371e-06  1.31770371e-06  1.31770371e-06  1.79990287e+00 
 1.31790371e-06  1.31790371e-06  1.31790371e-06  1.79990282e+00 
 1.31810371e-06  1.31810371e-06  1.31810371e-06  1.79990287e+00 
 1.31830371e-06  1.31830371e-06  1.31830371e-06  1.79990282e+00 
 1.31850371e-06  1.31850371e-06  1.31850371e-06  1.79990287e+00 
 1.31870371e-06  1.31870371e-06  1.31870371e-06  1.79990282e+00 
 1.31890371e-06  1.31890371e-06  1.31890371e-06  1.79990287e+00 
 1.31910371e-06  1.31910371e-06  1.31910371e-06  1.79990282e+00 
 1.31930371e-06  1.31930371e-06  1.31930371e-06  1.79990287e+00 
 1.31950371e-06  1.31950371e-06  1.31950371e-06  1.79990282e+00 
 1.31970371e-06  1.31970371e-06  1.31970371e-06  1.79990287e+00 
 1.31990371e-06  1.31990371e-06  1.31990371e-06  1.79990282e+00 
 1.32010371e-06  1.32010371e-06  1.32010371e-06  1.79990287e+00 
 1.32030371e-06  1.32030371e-06  1.32030371e-06  1.79990282e+00 
 1.32050371e-06  1.32050371e-06  1.32050371e-06  1.79990287e+00 
 1.32070371e-06  1.32070371e-06  1.32070371e-06  1.79990282e+00 
 1.32090371e-06  1.32090371e-06  1.32090371e-06  1.79990287e+00 
 1.32110371e-06  1.32110371e-06  1.32110371e-06  1.79990282e+00 
 1.32130371e-06  1.32130371e-06  1.32130371e-06  1.79990287e+00 
 1.32150371e-06  1.32150371e-06  1.32150371e-06  1.79990282e+00 
 1.32170371e-06  1.32170371e-06  1.32170371e-06  1.79990287e+00 
 1.32190371e-06  1.32190371e-06  1.32190371e-06  1.79990282e+00 
 1.32210371e-06  1.32210371e-06  1.32210371e-06  1.79990287e+00 
 1.32230371e-06  1.32230371e-06  1.32230371e-06  1.79990282e+00 
 1.32250371e-06  1.32250371e-06  1.32250371e-06  1.79990287e+00 
 1.32270371e-06  1.32270371e-06  1.32270371e-06  1.79990282e+00 
 1.32290371e-06  1.32290371e-06  1.32290371e-06  1.79990287e+00 
 1.32310371e-06  1.32310371e-06  1.32310371e-06  1.79990282e+00 
 1.32330371e-06  1.32330371e-06  1.32330371e-06  1.79990287e+00 
 1.32350371e-06  1.32350371e-06  1.32350371e-06  1.79990282e+00 
 1.32370371e-06  1.32370371e-06  1.32370371e-06  1.79990287e+00 
 1.32390371e-06  1.32390371e-06  1.32390371e-06  1.79990282e+00 
 1.32410371e-06  1.32410371e-06  1.32410371e-06  1.79990287e+00 
 1.32430371e-06  1.32430371e-06  1.32430371e-06  1.79990282e+00 
 1.32450371e-06  1.32450371e-06  1.32450371e-06  1.79990287e+00 
 1.32470371e-06  1.32470371e-06  1.32470371e-06  1.79990282e+00 
 1.32490371e-06  1.32490371e-06  1.32490371e-06  1.79990287e+00 
 1.32510371e-06  1.32510371e-06  1.32510371e-06  1.79990282e+00 
 1.32530371e-06  1.32530371e-06  1.32530371e-06  1.79990287e+00 
 1.32550371e-06  1.32550371e-06  1.32550371e-06  1.79990282e+00 
 1.32570371e-06  1.32570371e-06  1.32570371e-06  1.79990287e+00 
 1.32590371e-06  1.32590371e-06  1.32590371e-06  1.79990282e+00 
 1.32610371e-06  1.32610371e-06  1.32610371e-06  1.79990287e+00 
 1.32630371e-06  1.32630371e-06  1.32630371e-06  1.79990282e+00 
 1.32650371e-06  1.32650371e-06  1.32650371e-06  1.79990287e+00 
 1.32670371e-06  1.32670371e-06  1.32670371e-06  1.79990282e+00 
 1.32690371e-06  1.32690371e-06  1.32690371e-06  1.79990287e+00 
 1.32710371e-06  1.32710371e-06  1.32710371e-06  1.79990282e+00 
 1.32730371e-06  1.32730371e-06  1.32730371e-06  1.79990287e+00 
 1.32750371e-06  1.32750371e-06  1.32750371e-06  1.79990282e+00 
 1.32770371e-06  1.32770371e-06  1.32770371e-06  1.79990287e+00 
 1.32790371e-06  1.32790371e-06  1.32790371e-06  1.79990282e+00 
 1.32810371e-06  1.32810371e-06  1.32810371e-06  1.79990287e+00 
 1.32830371e-06  1.32830371e-06  1.32830371e-06  1.79990282e+00 
 1.32850371e-06  1.32850371e-06  1.32850371e-06  1.79990287e+00 
 1.32870371e-06  1.32870371e-06  1.32870371e-06  1.79990282e+00 
 1.32890371e-06  1.32890371e-06  1.32890371e-06  1.79990287e+00 
 1.32910371e-06  1.32910371e-06  1.32910371e-06  1.79990282e+00 
 1.32930371e-06  1.32930371e-06  1.32930371e-06  1.79990287e+00 
 1.32950371e-06  1.32950371e-06  1.32950371e-06  1.79990282e+00 
 1.32970371e-06  1.32970371e-06  1.32970371e-06  1.79990287e+00 
 1.32990371e-06  1.32990371e-06  1.32990371e-06  1.79990282e+00 
 1.33010371e-06  1.33010371e-06  1.33010371e-06  1.79990287e+00 
 1.33030371e-06  1.33030371e-06  1.33030371e-06  1.79990282e+00 
 1.33050371e-06  1.33050371e-06  1.33050371e-06  1.79990287e+00 
 1.33070371e-06  1.33070371e-06  1.33070371e-06  1.79990282e+00 
 1.33090371e-06  1.33090371e-06  1.33090371e-06  1.79990287e+00 
 1.33110371e-06  1.33110371e-06  1.33110371e-06  1.79990282e+00 
 1.33130371e-06  1.33130371e-06  1.33130371e-06  1.79990287e+00 
 1.33150371e-06  1.33150371e-06  1.33150371e-06  1.79990282e+00 
 1.33170371e-06  1.33170371e-06  1.33170371e-06  1.79990287e+00 
 1.33190371e-06  1.33190371e-06  1.33190371e-06  1.79990282e+00 
 1.33210371e-06  1.33210371e-06  1.33210371e-06  1.79990287e+00 
 1.33230371e-06  1.33230371e-06  1.33230371e-06  1.79990282e+00 
 1.33250371e-06  1.33250371e-06  1.33250371e-06  1.79990287e+00 
 1.33270371e-06  1.33270371e-06  1.33270371e-06  1.79990282e+00 
 1.33290371e-06  1.33290371e-06  1.33290371e-06  1.79990287e+00 
 1.33310371e-06  1.33310371e-06  1.33310371e-06  1.79990282e+00 
 1.33330371e-06  1.33330371e-06  1.33330371e-06  1.79990287e+00 
 1.33350371e-06  1.33350371e-06  1.33350371e-06  1.79990282e+00 
 1.33370371e-06  1.33370371e-06  1.33370371e-06  1.79990287e+00 
 1.33390371e-06  1.33390371e-06  1.33390371e-06  1.79990282e+00 
 1.33410371e-06  1.33410371e-06  1.33410371e-06  1.79990287e+00 
 1.33430371e-06  1.33430371e-06  1.33430371e-06  1.79990282e+00 
 1.33450371e-06  1.33450371e-06  1.33450371e-06  1.79990287e+00 
 1.33470371e-06  1.33470371e-06  1.33470371e-06  1.79990282e+00 
 1.33490371e-06  1.33490371e-06  1.33490371e-06  1.79990287e+00 
 1.33510371e-06  1.33510371e-06  1.33510371e-06  1.79990282e+00 
 1.33530371e-06  1.33530371e-06  1.33530371e-06  1.79990287e+00 
 1.33550371e-06  1.33550371e-06  1.33550371e-06  1.79990282e+00 
 1.33570371e-06  1.33570371e-06  1.33570371e-06  1.79990287e+00 
 1.33590371e-06  1.33590371e-06  1.33590371e-06  1.79990282e+00 
 1.33610371e-06  1.33610371e-06  1.33610371e-06  1.79990287e+00 
 1.33630371e-06  1.33630371e-06  1.33630371e-06  1.79990282e+00 
 1.33650371e-06  1.33650371e-06  1.33650371e-06  1.79990287e+00 
 1.33670371e-06  1.33670371e-06  1.33670371e-06  1.79990282e+00 
 1.33690371e-06  1.33690371e-06  1.33690371e-06  1.79990287e+00 
 1.33710371e-06  1.33710371e-06  1.33710371e-06  1.79990282e+00 
 1.33730371e-06  1.33730371e-06  1.33730371e-06  1.79990287e+00 
 1.33750371e-06  1.33750371e-06  1.33750371e-06  1.79990282e+00 
 1.33770371e-06  1.33770371e-06  1.33770371e-06  1.79990286e+00 
 1.33790371e-06  1.33790371e-06  1.33790371e-06  1.79990282e+00 
 1.33810371e-06  1.33810371e-06  1.33810371e-06  1.79990286e+00 
 1.33830371e-06  1.33830371e-06  1.33830371e-06  1.79990282e+00 
 1.33850371e-06  1.33850371e-06  1.33850371e-06  1.79990286e+00 
 1.33870371e-06  1.33870371e-06  1.33870371e-06  1.79990282e+00 
 1.33890371e-06  1.33890371e-06  1.33890371e-06  1.79990286e+00 
 1.33910371e-06  1.33910371e-06  1.33910371e-06  1.79990282e+00 
 1.33930371e-06  1.33930371e-06  1.33930371e-06  1.79990286e+00 
 1.33950371e-06  1.33950371e-06  1.33950371e-06  1.79990282e+00 
 1.33970371e-06  1.33970371e-06  1.33970371e-06  1.79990286e+00 
 1.33990371e-06  1.33990371e-06  1.33990371e-06  1.79990282e+00 
 1.34010371e-06  1.34010371e-06  1.34010371e-06  1.79990286e+00 
 1.34030371e-06  1.34030371e-06  1.34030371e-06  1.79990282e+00 
 1.34050371e-06  1.34050371e-06  1.34050371e-06  1.79990286e+00 
 1.34070371e-06  1.34070371e-06  1.34070371e-06  1.79990282e+00 
 1.34090371e-06  1.34090371e-06  1.34090371e-06  1.79990286e+00 
 1.34110371e-06  1.34110371e-06  1.34110371e-06  1.79990282e+00 
 1.34130371e-06  1.34130371e-06  1.34130371e-06  1.79990286e+00 
 1.34150371e-06  1.34150371e-06  1.34150371e-06  1.79990282e+00 
 1.34170371e-06  1.34170371e-06  1.34170371e-06  1.79990286e+00 
 1.34190371e-06  1.34190371e-06  1.34190371e-06  1.79990282e+00 
 1.34210371e-06  1.34210371e-06  1.34210371e-06  1.79990286e+00 
 1.34230371e-06  1.34230371e-06  1.34230371e-06  1.79990282e+00 
 1.34250371e-06  1.34250371e-06  1.34250371e-06  1.79990286e+00 
 1.34270371e-06  1.34270371e-06  1.34270371e-06  1.79990282e+00 
 1.34290371e-06  1.34290371e-06  1.34290371e-06  1.79990286e+00 
 1.34310371e-06  1.34310371e-06  1.34310371e-06  1.79990282e+00 
 1.34330371e-06  1.34330371e-06  1.34330371e-06  1.79990286e+00 
 1.34350371e-06  1.34350371e-06  1.34350371e-06  1.79990282e+00 
 1.34370371e-06  1.34370371e-06  1.34370371e-06  1.79990286e+00 
 1.34390371e-06  1.34390371e-06  1.34390371e-06  1.79990282e+00 
 1.34410371e-06  1.34410371e-06  1.34410371e-06  1.79990286e+00 
 1.34430371e-06  1.34430371e-06  1.34430371e-06  1.79990282e+00 
 1.34450371e-06  1.34450371e-06  1.34450371e-06  1.79990286e+00 
 1.34470371e-06  1.34470371e-06  1.34470371e-06  1.79990282e+00 
 1.34490371e-06  1.34490371e-06  1.34490371e-06  1.79990286e+00 
 1.34510371e-06  1.34510371e-06  1.34510371e-06  1.79990282e+00 
 1.34530371e-06  1.34530371e-06  1.34530371e-06  1.79990286e+00 
 1.34550371e-06  1.34550371e-06  1.34550371e-06  1.79990282e+00 
 1.34570371e-06  1.34570371e-06  1.34570371e-06  1.79990286e+00 
 1.34590371e-06  1.34590371e-06  1.34590371e-06  1.79990282e+00 
 1.34610371e-06  1.34610371e-06  1.34610371e-06  1.79990286e+00 
 1.34630371e-06  1.34630371e-06  1.34630371e-06  1.79990282e+00 
 1.34650371e-06  1.34650371e-06  1.34650371e-06  1.79990286e+00 
 1.34670371e-06  1.34670371e-06  1.34670371e-06  1.79990282e+00 
 1.34690371e-06  1.34690371e-06  1.34690371e-06  1.79990286e+00 
 1.34710371e-06  1.34710371e-06  1.34710371e-06  1.79990282e+00 
 1.34730371e-06  1.34730371e-06  1.34730371e-06  1.79990286e+00 
 1.34750371e-06  1.34750371e-06  1.34750371e-06  1.79990282e+00 
 1.34770371e-06  1.34770371e-06  1.34770371e-06  1.79990286e+00 
 1.34790371e-06  1.34790371e-06  1.34790371e-06  1.79990282e+00 
 1.34810371e-06  1.34810371e-06  1.34810371e-06  1.79990286e+00 
 1.34830371e-06  1.34830371e-06  1.34830371e-06  1.79990282e+00 
 1.34850371e-06  1.34850371e-06  1.34850371e-06  1.79990286e+00 
 1.34870371e-06  1.34870371e-06  1.34870371e-06  1.79990282e+00 
 1.34890371e-06  1.34890371e-06  1.34890371e-06  1.79990286e+00 
 1.34910371e-06  1.34910371e-06  1.34910371e-06  1.79990282e+00 
 1.34930371e-06  1.34930371e-06  1.34930371e-06  1.79990286e+00 
 1.34950371e-06  1.34950371e-06  1.34950371e-06  1.79990282e+00 
 1.34970371e-06  1.34970371e-06  1.34970371e-06  1.79990286e+00 
 1.34990371e-06  1.34990371e-06  1.34990371e-06  1.79990282e+00 
 1.35010371e-06  1.35010371e-06  1.35010371e-06  1.79990286e+00 
 1.35030371e-06  1.35030371e-06  1.35030371e-06  1.79990282e+00 
 1.35050371e-06  1.35050371e-06  1.35050371e-06  1.79990286e+00 
 1.35070371e-06  1.35070371e-06  1.35070371e-06  1.79990282e+00 
 1.35090371e-06  1.35090371e-06  1.35090371e-06  1.79990286e+00 
 1.35110371e-06  1.35110371e-06  1.35110371e-06  1.79990282e+00 
 1.35130371e-06  1.35130371e-06  1.35130371e-06  1.79990286e+00 
 1.35150371e-06  1.35150371e-06  1.35150371e-06  1.79990282e+00 
 1.35170371e-06  1.35170371e-06  1.35170371e-06  1.79990286e+00 
 1.35190371e-06  1.35190371e-06  1.35190371e-06  1.79990282e+00 
 1.35210371e-06  1.35210371e-06  1.35210371e-06  1.79990286e+00 
 1.35230371e-06  1.35230371e-06  1.35230371e-06  1.79990282e+00 
 1.35250371e-06  1.35250371e-06  1.35250371e-06  1.79990286e+00 
 1.35270371e-06  1.35270371e-06  1.35270371e-06  1.79990282e+00 
 1.35290371e-06  1.35290371e-06  1.35290371e-06  1.79990286e+00 
 1.35310371e-06  1.35310371e-06  1.35310371e-06  1.79990282e+00 
 1.35330371e-06  1.35330371e-06  1.35330371e-06  1.79990286e+00 
 1.35350371e-06  1.35350371e-06  1.35350371e-06  1.79990282e+00 
 1.35370371e-06  1.35370371e-06  1.35370371e-06  1.79990286e+00 
 1.35390371e-06  1.35390371e-06  1.35390371e-06  1.79990282e+00 
 1.35410371e-06  1.35410371e-06  1.35410371e-06  1.79990286e+00 
 1.35430371e-06  1.35430371e-06  1.35430371e-06  1.79990282e+00 
 1.35450371e-06  1.35450371e-06  1.35450371e-06  1.79990286e+00 
 1.35470371e-06  1.35470371e-06  1.35470371e-06  1.79990282e+00 
 1.35490371e-06  1.35490371e-06  1.35490371e-06  1.79990286e+00 
 1.35510371e-06  1.35510371e-06  1.35510371e-06  1.79990282e+00 
 1.35530371e-06  1.35530371e-06  1.35530371e-06  1.79990286e+00 
 1.35550371e-06  1.35550371e-06  1.35550371e-06  1.79990282e+00 
 1.35570371e-06  1.35570371e-06  1.35570371e-06  1.79990286e+00 
 1.35590371e-06  1.35590371e-06  1.35590371e-06  1.79990282e+00 
 1.35610371e-06  1.35610371e-06  1.35610371e-06  1.79990286e+00 
 1.35630371e-06  1.35630371e-06  1.35630371e-06  1.79990282e+00 
 1.35650371e-06  1.35650371e-06  1.35650371e-06  1.79990286e+00 
 1.35670371e-06  1.35670371e-06  1.35670371e-06  1.79990282e+00 
 1.35690371e-06  1.35690371e-06  1.35690371e-06  1.79990286e+00 
 1.35710371e-06  1.35710371e-06  1.35710371e-06  1.79990282e+00 
 1.35730371e-06  1.35730371e-06  1.35730371e-06  1.79990286e+00 
 1.35750371e-06  1.35750371e-06  1.35750371e-06  1.79990282e+00 
 1.35770371e-06  1.35770371e-06  1.35770371e-06  1.79990286e+00 
 1.35790371e-06  1.35790371e-06  1.35790371e-06  1.79990282e+00 
 1.35810371e-06  1.35810371e-06  1.35810371e-06  1.79990286e+00 
 1.35830371e-06  1.35830371e-06  1.35830371e-06  1.79990282e+00 
 1.35850371e-06  1.35850371e-06  1.35850371e-06  1.79990286e+00 
 1.35870371e-06  1.35870371e-06  1.35870371e-06  1.79990282e+00 
 1.35890371e-06  1.35890371e-06  1.35890371e-06  1.79990286e+00 
 1.35910371e-06  1.35910371e-06  1.35910371e-06  1.79990282e+00 
 1.35930371e-06  1.35930371e-06  1.35930371e-06  1.79990286e+00 
 1.35950371e-06  1.35950371e-06  1.35950371e-06  1.79990282e+00 
 1.35970371e-06  1.35970371e-06  1.35970371e-06  1.79990286e+00 
 1.35990371e-06  1.35990371e-06  1.35990371e-06  1.79990282e+00 
 1.36010371e-06  1.36010371e-06  1.36010371e-06  1.79990286e+00 
 1.36030371e-06  1.36030371e-06  1.36030371e-06  1.79990282e+00 
 1.36050371e-06  1.36050371e-06  1.36050371e-06  1.79990286e+00 
 1.36070371e-06  1.36070371e-06  1.36070371e-06  1.79990282e+00 
 1.36090371e-06  1.36090371e-06  1.36090371e-06  1.79990286e+00 
 1.36110371e-06  1.36110371e-06  1.36110371e-06  1.79990282e+00 
 1.36130371e-06  1.36130371e-06  1.36130371e-06  1.79990286e+00 
 1.36150371e-06  1.36150371e-06  1.36150371e-06  1.79990282e+00 
 1.36170371e-06  1.36170371e-06  1.36170371e-06  1.79990286e+00 
 1.36190371e-06  1.36190371e-06  1.36190371e-06  1.79990282e+00 
 1.36210371e-06  1.36210371e-06  1.36210371e-06  1.79990286e+00 
 1.36230371e-06  1.36230371e-06  1.36230371e-06  1.79990282e+00 
 1.36250371e-06  1.36250371e-06  1.36250371e-06  1.79990286e+00 
 1.36270371e-06  1.36270371e-06  1.36270371e-06  1.79990282e+00 
 1.36290371e-06  1.36290371e-06  1.36290371e-06  1.79990286e+00 
 1.36310371e-06  1.36310371e-06  1.36310371e-06  1.79990282e+00 
 1.36330371e-06  1.36330371e-06  1.36330371e-06  1.79990286e+00 
 1.36350371e-06  1.36350371e-06  1.36350371e-06  1.79990282e+00 
 1.36370371e-06  1.36370371e-06  1.36370371e-06  1.79990286e+00 
 1.36390371e-06  1.36390371e-06  1.36390371e-06  1.79990282e+00 
 1.36410371e-06  1.36410371e-06  1.36410371e-06  1.79990286e+00 
 1.36430371e-06  1.36430371e-06  1.36430371e-06  1.79990282e+00 
 1.36450371e-06  1.36450371e-06  1.36450371e-06  1.79990286e+00 
 1.36470371e-06  1.36470371e-06  1.36470371e-06  1.79990282e+00 
 1.36490371e-06  1.36490371e-06  1.36490371e-06  1.79990286e+00 
 1.36510371e-06  1.36510371e-06  1.36510371e-06  1.79990282e+00 
 1.36530371e-06  1.36530371e-06  1.36530371e-06  1.79990286e+00 
 1.36550371e-06  1.36550371e-06  1.36550371e-06  1.79990282e+00 
 1.36570371e-06  1.36570371e-06  1.36570371e-06  1.79990286e+00 
 1.36590371e-06  1.36590371e-06  1.36590371e-06  1.79990282e+00 
 1.36610371e-06  1.36610371e-06  1.36610371e-06  1.79990286e+00 
 1.36630371e-06  1.36630371e-06  1.36630371e-06  1.79990282e+00 
 1.36650371e-06  1.36650371e-06  1.36650371e-06  1.79990286e+00 
 1.36670371e-06  1.36670371e-06  1.36670371e-06  1.79990282e+00 
 1.36690371e-06  1.36690371e-06  1.36690371e-06  1.79990286e+00 
 1.36710371e-06  1.36710371e-06  1.36710371e-06  1.79990282e+00 
 1.36730371e-06  1.36730371e-06  1.36730371e-06  1.79990286e+00 
 1.36750371e-06  1.36750371e-06  1.36750371e-06  1.79990282e+00 
 1.36770371e-06  1.36770371e-06  1.36770371e-06  1.79990286e+00 
 1.36790371e-06  1.36790371e-06  1.36790371e-06  1.79990282e+00 
 1.36810371e-06  1.36810371e-06  1.36810371e-06  1.79990286e+00 
 1.36830371e-06  1.36830371e-06  1.36830371e-06  1.79990282e+00 
 1.36850371e-06  1.36850371e-06  1.36850371e-06  1.79990286e+00 
 1.36870371e-06  1.36870371e-06  1.36870371e-06  1.79990282e+00 
 1.36890371e-06  1.36890371e-06  1.36890371e-06  1.79990286e+00 
 1.36910371e-06  1.36910371e-06  1.36910371e-06  1.79990282e+00 
 1.36930371e-06  1.36930371e-06  1.36930371e-06  1.79990286e+00 
 1.36950371e-06  1.36950371e-06  1.36950371e-06  1.79990282e+00 
 1.36970371e-06  1.36970371e-06  1.36970371e-06  1.79990286e+00 
 1.36990371e-06  1.36990371e-06  1.36990371e-06  1.79990282e+00 
 1.37010371e-06  1.37010371e-06  1.37010371e-06  1.79990286e+00 
 1.37030371e-06  1.37030371e-06  1.37030371e-06  1.79990282e+00 
 1.37050371e-06  1.37050371e-06  1.37050371e-06  1.79990286e+00 
 1.37070371e-06  1.37070371e-06  1.37070371e-06  1.79990282e+00 
 1.37090371e-06  1.37090371e-06  1.37090371e-06  1.79990286e+00 
 1.37110371e-06  1.37110371e-06  1.37110371e-06  1.79990282e+00 
 1.37130371e-06  1.37130371e-06  1.37130371e-06  1.79990286e+00 
 1.37150371e-06  1.37150371e-06  1.37150371e-06  1.79990282e+00 
 1.37170371e-06  1.37170371e-06  1.37170371e-06  1.79990286e+00 
 1.37190371e-06  1.37190371e-06  1.37190371e-06  1.79990282e+00 
 1.37210371e-06  1.37210371e-06  1.37210371e-06  1.79990286e+00 
 1.37230371e-06  1.37230371e-06  1.37230371e-06  1.79990282e+00 
 1.37250371e-06  1.37250371e-06  1.37250371e-06  1.79990286e+00 
 1.37270371e-06  1.37270371e-06  1.37270371e-06  1.79990282e+00 
 1.37290371e-06  1.37290371e-06  1.37290371e-06  1.79990286e+00 
 1.37310371e-06  1.37310371e-06  1.37310371e-06  1.79990282e+00 
 1.37330371e-06  1.37330371e-06  1.37330371e-06  1.79990286e+00 
 1.37350371e-06  1.37350371e-06  1.37350371e-06  1.79990282e+00 
 1.37370371e-06  1.37370371e-06  1.37370371e-06  1.79990286e+00 
 1.37390371e-06  1.37390371e-06  1.37390371e-06  1.79990282e+00 
 1.37410371e-06  1.37410371e-06  1.37410371e-06  1.79990286e+00 
 1.37430371e-06  1.37430371e-06  1.37430371e-06  1.79990282e+00 
 1.37450371e-06  1.37450371e-06  1.37450371e-06  1.79990286e+00 
 1.37470371e-06  1.37470371e-06  1.37470371e-06  1.79990282e+00 
 1.37490371e-06  1.37490371e-06  1.37490371e-06  1.79990286e+00 
 1.37510371e-06  1.37510371e-06  1.37510371e-06  1.79990282e+00 
 1.37530371e-06  1.37530371e-06  1.37530371e-06  1.79990286e+00 
 1.37550371e-06  1.37550371e-06  1.37550371e-06  1.79990282e+00 
 1.37570371e-06  1.37570371e-06  1.37570371e-06  1.79990286e+00 
 1.37590371e-06  1.37590371e-06  1.37590371e-06  1.79990282e+00 
 1.37610371e-06  1.37610371e-06  1.37610371e-06  1.79990286e+00 
 1.37630371e-06  1.37630371e-06  1.37630371e-06  1.79990282e+00 
 1.37650371e-06  1.37650371e-06  1.37650371e-06  1.79990286e+00 
 1.37670371e-06  1.37670371e-06  1.37670371e-06  1.79990282e+00 
 1.37690371e-06  1.37690371e-06  1.37690371e-06  1.79990286e+00 
 1.37710371e-06  1.37710371e-06  1.37710371e-06  1.79990282e+00 
 1.37730371e-06  1.37730371e-06  1.37730371e-06  1.79990286e+00 
 1.37750371e-06  1.37750371e-06  1.37750371e-06  1.79990282e+00 
 1.37770371e-06  1.37770371e-06  1.37770371e-06  1.79990286e+00 
 1.37790371e-06  1.37790371e-06  1.37790371e-06  1.79990282e+00 
 1.37810371e-06  1.37810371e-06  1.37810371e-06  1.79990286e+00 
 1.37830371e-06  1.37830371e-06  1.37830371e-06  1.79990282e+00 
 1.37850371e-06  1.37850371e-06  1.37850371e-06  1.79990286e+00 
 1.37870371e-06  1.37870371e-06  1.37870371e-06  1.79990282e+00 
 1.37890371e-06  1.37890371e-06  1.37890371e-06  1.79990286e+00 
 1.37910371e-06  1.37910371e-06  1.37910371e-06  1.79990282e+00 
 1.37930371e-06  1.37930371e-06  1.37930371e-06  1.79990286e+00 
 1.37950371e-06  1.37950371e-06  1.37950371e-06  1.79990282e+00 
 1.37970371e-06  1.37970371e-06  1.37970371e-06  1.79990286e+00 
 1.37990371e-06  1.37990371e-06  1.37990371e-06  1.79990282e+00 
 1.38010371e-06  1.38010371e-06  1.38010371e-06  1.79990286e+00 
 1.38030371e-06  1.38030371e-06  1.38030371e-06  1.79990282e+00 
 1.38050371e-06  1.38050371e-06  1.38050371e-06  1.79990286e+00 
 1.38070371e-06  1.38070371e-06  1.38070371e-06  1.79990282e+00 
 1.38090371e-06  1.38090371e-06  1.38090371e-06  1.79990286e+00 
 1.38110371e-06  1.38110371e-06  1.38110371e-06  1.79990282e+00 
 1.38130371e-06  1.38130371e-06  1.38130371e-06  1.79990286e+00 
 1.38150371e-06  1.38150371e-06  1.38150371e-06  1.79990282e+00 
 1.38170371e-06  1.38170371e-06  1.38170371e-06  1.79990286e+00 
 1.38190371e-06  1.38190371e-06  1.38190371e-06  1.79990282e+00 
 1.38210371e-06  1.38210371e-06  1.38210371e-06  1.79990286e+00 
 1.38230371e-06  1.38230371e-06  1.38230371e-06  1.79990282e+00 
 1.38250371e-06  1.38250371e-06  1.38250371e-06  1.79990286e+00 
 1.38270371e-06  1.38270371e-06  1.38270371e-06  1.79990282e+00 
 1.38290371e-06  1.38290371e-06  1.38290371e-06  1.79990286e+00 
 1.38310371e-06  1.38310371e-06  1.38310371e-06  1.79990282e+00 
 1.38330371e-06  1.38330371e-06  1.38330371e-06  1.79990286e+00 
 1.38350371e-06  1.38350371e-06  1.38350371e-06  1.79990282e+00 
 1.38370371e-06  1.38370371e-06  1.38370371e-06  1.79990286e+00 
 1.38390371e-06  1.38390371e-06  1.38390371e-06  1.79990282e+00 
 1.38410371e-06  1.38410371e-06  1.38410371e-06  1.79990286e+00 
 1.38430371e-06  1.38430371e-06  1.38430371e-06  1.79990282e+00 
 1.38450371e-06  1.38450371e-06  1.38450371e-06  1.79990286e+00 
 1.38470371e-06  1.38470371e-06  1.38470371e-06  1.79990282e+00 
 1.38490371e-06  1.38490371e-06  1.38490371e-06  1.79990286e+00 
 1.38510371e-06  1.38510371e-06  1.38510371e-06  1.79990282e+00 
 1.38530371e-06  1.38530371e-06  1.38530371e-06  1.79990286e+00 
 1.38550371e-06  1.38550371e-06  1.38550371e-06  1.79990282e+00 
 1.38570371e-06  1.38570371e-06  1.38570371e-06  1.79990286e+00 
 1.38590371e-06  1.38590371e-06  1.38590371e-06  1.79990282e+00 
 1.38610371e-06  1.38610371e-06  1.38610371e-06  1.79990286e+00 
 1.38630371e-06  1.38630371e-06  1.38630371e-06  1.79990282e+00 
 1.38650371e-06  1.38650371e-06  1.38650371e-06  1.79990286e+00 
 1.38670371e-06  1.38670371e-06  1.38670371e-06  1.79990282e+00 
 1.38690371e-06  1.38690371e-06  1.38690371e-06  1.79990286e+00 
 1.38710371e-06  1.38710371e-06  1.38710371e-06  1.79990282e+00 
 1.38730371e-06  1.38730371e-06  1.38730371e-06  1.79990286e+00 
 1.38750371e-06  1.38750371e-06  1.38750371e-06  1.79990282e+00 
 1.38770371e-06  1.38770371e-06  1.38770371e-06  1.79990286e+00 
 1.38790371e-06  1.38790371e-06  1.38790371e-06  1.79990282e+00 
 1.38810371e-06  1.38810371e-06  1.38810371e-06  1.79990286e+00 
 1.38830371e-06  1.38830371e-06  1.38830371e-06  1.79990282e+00 
 1.38850371e-06  1.38850371e-06  1.38850371e-06  1.79990286e+00 
 1.38870371e-06  1.38870371e-06  1.38870371e-06  1.79990282e+00 
 1.38890371e-06  1.38890371e-06  1.38890371e-06  1.79990286e+00 
 1.38910371e-06  1.38910371e-06  1.38910371e-06  1.79990282e+00 
 1.38930371e-06  1.38930371e-06  1.38930371e-06  1.79990286e+00 
 1.38950371e-06  1.38950371e-06  1.38950371e-06  1.79990282e+00 
 1.38970371e-06  1.38970371e-06  1.38970371e-06  1.79990286e+00 
 1.38990371e-06  1.38990371e-06  1.38990371e-06  1.79990282e+00 
 1.39010371e-06  1.39010371e-06  1.39010371e-06  1.79990286e+00 
 1.39030371e-06  1.39030371e-06  1.39030371e-06  1.79990282e+00 
 1.39050371e-06  1.39050371e-06  1.39050371e-06  1.79990286e+00 
 1.39070371e-06  1.39070371e-06  1.39070371e-06  1.79990282e+00 
 1.39090371e-06  1.39090371e-06  1.39090371e-06  1.79990286e+00 
 1.39110371e-06  1.39110371e-06  1.39110371e-06  1.79990282e+00 
 1.39130371e-06  1.39130371e-06  1.39130371e-06  1.79990286e+00 
 1.39150371e-06  1.39150371e-06  1.39150371e-06  1.79990282e+00 
 1.39170371e-06  1.39170371e-06  1.39170371e-06  1.79990286e+00 
 1.39190371e-06  1.39190371e-06  1.39190371e-06  1.79990282e+00 
 1.39210371e-06  1.39210371e-06  1.39210371e-06  1.79990286e+00 
 1.39230371e-06  1.39230371e-06  1.39230371e-06  1.79990282e+00 
 1.39250371e-06  1.39250371e-06  1.39250371e-06  1.79990286e+00 
 1.39270371e-06  1.39270371e-06  1.39270371e-06  1.79990282e+00 
 1.39290371e-06  1.39290371e-06  1.39290371e-06  1.79990286e+00 
 1.39310371e-06  1.39310371e-06  1.39310371e-06  1.79990282e+00 
 1.39330371e-06  1.39330371e-06  1.39330371e-06  1.79990286e+00 
 1.39350371e-06  1.39350371e-06  1.39350371e-06  1.79990282e+00 
 1.39370371e-06  1.39370371e-06  1.39370371e-06  1.79990286e+00 
 1.39390371e-06  1.39390371e-06  1.39390371e-06  1.79990282e+00 
 1.39410371e-06  1.39410371e-06  1.39410371e-06  1.79990286e+00 
 1.39430371e-06  1.39430371e-06  1.39430371e-06  1.79990282e+00 
 1.39450371e-06  1.39450371e-06  1.39450371e-06  1.79990286e+00 
 1.39470371e-06  1.39470371e-06  1.39470371e-06  1.79990282e+00 
 1.39490371e-06  1.39490371e-06  1.39490371e-06  1.79990286e+00 
 1.39510371e-06  1.39510371e-06  1.39510371e-06  1.79990282e+00 
 1.39530371e-06  1.39530371e-06  1.39530371e-06  1.79990286e+00 
 1.39550371e-06  1.39550371e-06  1.39550371e-06  1.79990282e+00 
 1.39570371e-06  1.39570371e-06  1.39570371e-06  1.79990286e+00 
 1.39590371e-06  1.39590371e-06  1.39590371e-06  1.79990282e+00 
 1.39610371e-06  1.39610371e-06  1.39610371e-06  1.79990286e+00 
 1.39630371e-06  1.39630371e-06  1.39630371e-06  1.79990282e+00 
 1.39650371e-06  1.39650371e-06  1.39650371e-06  1.79990286e+00 
 1.39670371e-06  1.39670371e-06  1.39670371e-06  1.79990282e+00 
 1.39690371e-06  1.39690371e-06  1.39690371e-06  1.79990286e+00 
 1.39710371e-06  1.39710371e-06  1.39710371e-06  1.79990282e+00 
 1.39730371e-06  1.39730371e-06  1.39730371e-06  1.79990286e+00 
 1.39750371e-06  1.39750371e-06  1.39750371e-06  1.79990282e+00 
 1.39770371e-06  1.39770371e-06  1.39770371e-06  1.79990286e+00 
 1.39790371e-06  1.39790371e-06  1.39790371e-06  1.79990282e+00 
 1.39810371e-06  1.39810371e-06  1.39810371e-06  1.79990286e+00 
 1.39830371e-06  1.39830371e-06  1.39830371e-06  1.79990282e+00 
 1.39850371e-06  1.39850371e-06  1.39850371e-06  1.79990286e+00 
 1.39870371e-06  1.39870371e-06  1.39870371e-06  1.79990282e+00 
 1.39890371e-06  1.39890371e-06  1.39890371e-06  1.79990286e+00 
 1.39910371e-06  1.39910371e-06  1.39910371e-06  1.79990282e+00 
 1.39930371e-06  1.39930371e-06  1.39930371e-06  1.79990286e+00 
 1.39950371e-06  1.39950371e-06  1.39950371e-06  1.79990282e+00 
 1.39970371e-06  1.39970371e-06  1.39970371e-06  1.79990286e+00 
 1.39990371e-06  1.39990371e-06  1.39990371e-06  1.79990282e+00 
 1.40010371e-06  1.40010371e-06  1.40010371e-06  1.79990286e+00 
 1.40030371e-06  1.40030371e-06  1.40030371e-06  1.79990282e+00 
 1.40050371e-06  1.40050371e-06  1.40050371e-06  1.79990286e+00 
 1.40070371e-06  1.40070371e-06  1.40070371e-06  1.79990282e+00 
 1.40090371e-06  1.40090371e-06  1.40090371e-06  1.79990286e+00 
 1.40110371e-06  1.40110371e-06  1.40110371e-06  1.79990282e+00 
 1.40130371e-06  1.40130371e-06  1.40130371e-06  1.79990286e+00 
 1.40150371e-06  1.40150371e-06  1.40150371e-06  1.79990282e+00 
 1.40170371e-06  1.40170371e-06  1.40170371e-06  1.79990286e+00 
 1.40190371e-06  1.40190371e-06  1.40190371e-06  1.79990282e+00 
 1.40210371e-06  1.40210371e-06  1.40210371e-06  1.79990286e+00 
 1.40230371e-06  1.40230371e-06  1.40230371e-06  1.79990282e+00 
 1.40250371e-06  1.40250371e-06  1.40250371e-06  1.79990286e+00 
 1.40270371e-06  1.40270371e-06  1.40270371e-06  1.79990282e+00 
 1.40290371e-06  1.40290371e-06  1.40290371e-06  1.79990286e+00 
 1.40310371e-06  1.40310371e-06  1.40310371e-06  1.79990282e+00 
 1.40330371e-06  1.40330371e-06  1.40330371e-06  1.79990286e+00 
 1.40350371e-06  1.40350371e-06  1.40350371e-06  1.79990282e+00 
 1.40370371e-06  1.40370371e-06  1.40370371e-06  1.79990286e+00 
 1.40390371e-06  1.40390371e-06  1.40390371e-06  1.79990282e+00 
 1.40410371e-06  1.40410371e-06  1.40410371e-06  1.79990286e+00 
 1.40430371e-06  1.40430371e-06  1.40430371e-06  1.79990282e+00 
 1.40450371e-06  1.40450371e-06  1.40450371e-06  1.79990286e+00 
 1.40470371e-06  1.40470371e-06  1.40470371e-06  1.79990282e+00 
 1.40490371e-06  1.40490371e-06  1.40490371e-06  1.79990286e+00 
 1.40510371e-06  1.40510371e-06  1.40510371e-06  1.79990282e+00 
 1.40530371e-06  1.40530371e-06  1.40530371e-06  1.79990286e+00 
 1.40550371e-06  1.40550371e-06  1.40550371e-06  1.79990282e+00 
 1.40570371e-06  1.40570371e-06  1.40570371e-06  1.79990286e+00 
 1.40590371e-06  1.40590371e-06  1.40590371e-06  1.79990282e+00 
 1.40610371e-06  1.40610371e-06  1.40610371e-06  1.79990286e+00 
 1.40630371e-06  1.40630371e-06  1.40630371e-06  1.79990282e+00 
 1.40650371e-06  1.40650371e-06  1.40650371e-06  1.79990286e+00 
 1.40670371e-06  1.40670371e-06  1.40670371e-06  1.79990282e+00 
 1.40690371e-06  1.40690371e-06  1.40690371e-06  1.79990286e+00 
 1.40710371e-06  1.40710371e-06  1.40710371e-06  1.79990282e+00 
 1.40730371e-06  1.40730371e-06  1.40730371e-06  1.79990286e+00 
 1.40750371e-06  1.40750371e-06  1.40750371e-06  1.79990282e+00 
 1.40770371e-06  1.40770371e-06  1.40770371e-06  1.79990286e+00 
 1.40790371e-06  1.40790371e-06  1.40790371e-06  1.79990282e+00 
 1.40810371e-06  1.40810371e-06  1.40810371e-06  1.79990286e+00 
 1.40830371e-06  1.40830371e-06  1.40830371e-06  1.79990282e+00 
 1.40850371e-06  1.40850371e-06  1.40850371e-06  1.79990286e+00 
 1.40870371e-06  1.40870371e-06  1.40870371e-06  1.79990282e+00 
 1.40890371e-06  1.40890371e-06  1.40890371e-06  1.79990286e+00 
 1.40910371e-06  1.40910371e-06  1.40910371e-06  1.79990282e+00 
 1.40930371e-06  1.40930371e-06  1.40930371e-06  1.79990286e+00 
 1.40950371e-06  1.40950371e-06  1.40950371e-06  1.79990282e+00 
 1.40970371e-06  1.40970371e-06  1.40970371e-06  1.79990286e+00 
 1.40990371e-06  1.40990371e-06  1.40990371e-06  1.79990282e+00 
 1.41010371e-06  1.41010371e-06  1.41010371e-06  1.79990286e+00 
 1.41030371e-06  1.41030371e-06  1.41030371e-06  1.79990282e+00 
 1.41050371e-06  1.41050371e-06  1.41050371e-06  1.79990286e+00 
 1.41070371e-06  1.41070371e-06  1.41070371e-06  1.79990282e+00 
 1.41090371e-06  1.41090371e-06  1.41090371e-06  1.79990286e+00 
 1.41110371e-06  1.41110371e-06  1.41110371e-06  1.79990282e+00 
 1.41130371e-06  1.41130371e-06  1.41130371e-06  1.79990286e+00 
 1.41150371e-06  1.41150371e-06  1.41150371e-06  1.79990282e+00 
 1.41170371e-06  1.41170371e-06  1.41170371e-06  1.79990286e+00 
 1.41190371e-06  1.41190371e-06  1.41190371e-06  1.79990282e+00 
 1.41210371e-06  1.41210371e-06  1.41210371e-06  1.79990286e+00 
 1.41230371e-06  1.41230371e-06  1.41230371e-06  1.79990282e+00 
 1.41250371e-06  1.41250371e-06  1.41250371e-06  1.79990286e+00 
 1.41270371e-06  1.41270371e-06  1.41270371e-06  1.79990282e+00 
 1.41290371e-06  1.41290371e-06  1.41290371e-06  1.79990286e+00 
 1.41310371e-06  1.41310371e-06  1.41310371e-06  1.79990282e+00 
 1.41330371e-06  1.41330371e-06  1.41330371e-06  1.79990286e+00 
 1.41350371e-06  1.41350371e-06  1.41350371e-06  1.79990282e+00 
 1.41370371e-06  1.41370371e-06  1.41370371e-06  1.79990286e+00 
 1.41390371e-06  1.41390371e-06  1.41390371e-06  1.79990282e+00 
 1.41410371e-06  1.41410371e-06  1.41410371e-06  1.79990286e+00 
 1.41430371e-06  1.41430371e-06  1.41430371e-06  1.79990282e+00 
 1.41450371e-06  1.41450371e-06  1.41450371e-06  1.79990286e+00 
 1.41470371e-06  1.41470371e-06  1.41470371e-06  1.79990282e+00 
 1.41490371e-06  1.41490371e-06  1.41490371e-06  1.79990286e+00 
 1.41510371e-06  1.41510371e-06  1.41510371e-06  1.79990282e+00 
 1.41530371e-06  1.41530371e-06  1.41530371e-06  1.79990286e+00 
 1.41550371e-06  1.41550371e-06  1.41550371e-06  1.79990282e+00 
 1.41570371e-06  1.41570371e-06  1.41570371e-06  1.79990286e+00 
 1.41590371e-06  1.41590371e-06  1.41590371e-06  1.79990282e+00 
 1.41610371e-06  1.41610371e-06  1.41610371e-06  1.79990286e+00 
 1.41630371e-06  1.41630371e-06  1.41630371e-06  1.79990282e+00 
 1.41650371e-06  1.41650371e-06  1.41650371e-06  1.79990286e+00 
 1.41670371e-06  1.41670371e-06  1.41670371e-06  1.79990282e+00 
 1.41690371e-06  1.41690371e-06  1.41690371e-06  1.79990286e+00 
 1.41710371e-06  1.41710371e-06  1.41710371e-06  1.79990282e+00 
 1.41730371e-06  1.41730371e-06  1.41730371e-06  1.79990286e+00 
 1.41750371e-06  1.41750371e-06  1.41750371e-06  1.79990282e+00 
 1.41770371e-06  1.41770371e-06  1.41770371e-06  1.79990286e+00 
 1.41790371e-06  1.41790371e-06  1.41790371e-06  1.79990282e+00 
 1.41810371e-06  1.41810371e-06  1.41810371e-06  1.79990286e+00 
 1.41830371e-06  1.41830371e-06  1.41830371e-06  1.79990282e+00 
 1.41850371e-06  1.41850371e-06  1.41850371e-06  1.79990286e+00 
 1.41870371e-06  1.41870371e-06  1.41870371e-06  1.79990282e+00 
 1.41890371e-06  1.41890371e-06  1.41890371e-06  1.79990286e+00 
 1.41910371e-06  1.41910371e-06  1.41910371e-06  1.79990282e+00 
 1.41930371e-06  1.41930371e-06  1.41930371e-06  1.79990286e+00 
 1.41950371e-06  1.41950371e-06  1.41950371e-06  1.79990282e+00 
 1.41970371e-06  1.41970371e-06  1.41970371e-06  1.79990286e+00 
 1.41990371e-06  1.41990371e-06  1.41990371e-06  1.79990282e+00 
 1.42010371e-06  1.42010371e-06  1.42010371e-06  1.79990286e+00 
 1.42030371e-06  1.42030371e-06  1.42030371e-06  1.79990282e+00 
 1.42050371e-06  1.42050371e-06  1.42050371e-06  1.79990286e+00 
 1.42070371e-06  1.42070371e-06  1.42070371e-06  1.79990282e+00 
 1.42090371e-06  1.42090371e-06  1.42090371e-06  1.79990286e+00 
 1.42110371e-06  1.42110371e-06  1.42110371e-06  1.79990282e+00 
 1.42130371e-06  1.42130371e-06  1.42130371e-06  1.79990286e+00 
 1.42150371e-06  1.42150371e-06  1.42150371e-06  1.79990282e+00 
 1.42170371e-06  1.42170371e-06  1.42170371e-06  1.79990286e+00 
 1.42190371e-06  1.42190371e-06  1.42190371e-06  1.79990282e+00 
 1.42210371e-06  1.42210371e-06  1.42210371e-06  1.79990286e+00 
 1.42230371e-06  1.42230371e-06  1.42230371e-06  1.79990282e+00 
 1.42250371e-06  1.42250371e-06  1.42250371e-06  1.79990286e+00 
 1.42270371e-06  1.42270371e-06  1.42270371e-06  1.79990282e+00 
 1.42290371e-06  1.42290371e-06  1.42290371e-06  1.79990286e+00 
 1.42310371e-06  1.42310371e-06  1.42310371e-06  1.79990282e+00 
 1.42330371e-06  1.42330371e-06  1.42330371e-06  1.79990286e+00 
 1.42350371e-06  1.42350371e-06  1.42350371e-06  1.79990282e+00 
 1.42370371e-06  1.42370371e-06  1.42370371e-06  1.79990286e+00 
 1.42390371e-06  1.42390371e-06  1.42390371e-06  1.79990282e+00 
 1.42410371e-06  1.42410371e-06  1.42410371e-06  1.79990286e+00 
 1.42430371e-06  1.42430371e-06  1.42430371e-06  1.79990282e+00 
 1.42450371e-06  1.42450371e-06  1.42450371e-06  1.79990286e+00 
 1.42470371e-06  1.42470371e-06  1.42470371e-06  1.79990282e+00 
 1.42490371e-06  1.42490371e-06  1.42490371e-06  1.79990286e+00 
 1.42510371e-06  1.42510371e-06  1.42510371e-06  1.79990282e+00 
 1.42530371e-06  1.42530371e-06  1.42530371e-06  1.79990286e+00 
 1.42550371e-06  1.42550371e-06  1.42550371e-06  1.79990282e+00 
 1.42570371e-06  1.42570371e-06  1.42570371e-06  1.79990286e+00 
 1.42590371e-06  1.42590371e-06  1.42590371e-06  1.79990282e+00 
 1.42610371e-06  1.42610371e-06  1.42610371e-06  1.79990286e+00 
 1.42630371e-06  1.42630371e-06  1.42630371e-06  1.79990282e+00 
 1.42650371e-06  1.42650371e-06  1.42650371e-06  1.79990286e+00 
 1.42670371e-06  1.42670371e-06  1.42670371e-06  1.79990282e+00 
 1.42690371e-06  1.42690371e-06  1.42690371e-06  1.79990286e+00 
 1.42710371e-06  1.42710371e-06  1.42710371e-06  1.79990282e+00 
 1.42730371e-06  1.42730371e-06  1.42730371e-06  1.79990286e+00 
 1.42750371e-06  1.42750371e-06  1.42750371e-06  1.79990282e+00 
 1.42770371e-06  1.42770371e-06  1.42770371e-06  1.79990286e+00 
 1.42790371e-06  1.42790371e-06  1.42790371e-06  1.79990282e+00 
 1.42810371e-06  1.42810371e-06  1.42810371e-06  1.79990286e+00 
 1.42830371e-06  1.42830371e-06  1.42830371e-06  1.79990282e+00 
 1.42850371e-06  1.42850371e-06  1.42850371e-06  1.79990286e+00 
 1.42870371e-06  1.42870371e-06  1.42870371e-06  1.79990282e+00 
 1.42890371e-06  1.42890371e-06  1.42890371e-06  1.79990286e+00 
 1.42910371e-06  1.42910371e-06  1.42910371e-06  1.79990282e+00 
 1.42930371e-06  1.42930371e-06  1.42930371e-06  1.79990286e+00 
 1.42950371e-06  1.42950371e-06  1.42950371e-06  1.79990282e+00 
 1.42970371e-06  1.42970371e-06  1.42970371e-06  1.79990286e+00 
 1.42990371e-06  1.42990371e-06  1.42990371e-06  1.79990282e+00 
 1.43010371e-06  1.43010371e-06  1.43010371e-06  1.79990286e+00 
 1.43030371e-06  1.43030371e-06  1.43030371e-06  1.79990282e+00 
 1.43050371e-06  1.43050371e-06  1.43050371e-06  1.79990286e+00 
 1.43070371e-06  1.43070371e-06  1.43070371e-06  1.79990282e+00 
 1.43090371e-06  1.43090371e-06  1.43090371e-06  1.79990286e+00 
 1.43110371e-06  1.43110371e-06  1.43110371e-06  1.79990282e+00 
 1.43130371e-06  1.43130371e-06  1.43130371e-06  1.79990286e+00 
 1.43150371e-06  1.43150371e-06  1.43150371e-06  1.79990282e+00 
 1.43170371e-06  1.43170371e-06  1.43170371e-06  1.79990286e+00 
 1.43190371e-06  1.43190371e-06  1.43190371e-06  1.79990282e+00 
 1.43210371e-06  1.43210371e-06  1.43210371e-06  1.79990286e+00 
 1.43230371e-06  1.43230371e-06  1.43230371e-06  1.79990282e+00 
 1.43250371e-06  1.43250371e-06  1.43250371e-06  1.79990286e+00 
 1.43270371e-06  1.43270371e-06  1.43270371e-06  1.79990282e+00 
 1.43290371e-06  1.43290371e-06  1.43290371e-06  1.79990286e+00 
 1.43310371e-06  1.43310371e-06  1.43310371e-06  1.79990282e+00 
 1.43330371e-06  1.43330371e-06  1.43330371e-06  1.79990286e+00 
 1.43350371e-06  1.43350371e-06  1.43350371e-06  1.79990282e+00 
 1.43370371e-06  1.43370371e-06  1.43370371e-06  1.79990286e+00 
 1.43390371e-06  1.43390371e-06  1.43390371e-06  1.79990282e+00 
 1.43410371e-06  1.43410371e-06  1.43410371e-06  1.79990286e+00 
 1.43430371e-06  1.43430371e-06  1.43430371e-06  1.79990282e+00 
 1.43450371e-06  1.43450371e-06  1.43450371e-06  1.79990286e+00 
 1.43470371e-06  1.43470371e-06  1.43470371e-06  1.79990282e+00 
 1.43490371e-06  1.43490371e-06  1.43490371e-06  1.79990286e+00 
 1.43510371e-06  1.43510371e-06  1.43510371e-06  1.79990282e+00 
 1.43530371e-06  1.43530371e-06  1.43530371e-06  1.79990286e+00 
 1.43550371e-06  1.43550371e-06  1.43550371e-06  1.79990282e+00 
 1.43570371e-06  1.43570371e-06  1.43570371e-06  1.79990286e+00 
 1.43590371e-06  1.43590371e-06  1.43590371e-06  1.79990282e+00 
 1.43610371e-06  1.43610371e-06  1.43610371e-06  1.79990286e+00 
 1.43630371e-06  1.43630371e-06  1.43630371e-06  1.79990282e+00 
 1.43650371e-06  1.43650371e-06  1.43650371e-06  1.79990286e+00 
 1.43670371e-06  1.43670371e-06  1.43670371e-06  1.79990282e+00 
 1.43690371e-06  1.43690371e-06  1.43690371e-06  1.79990286e+00 
 1.43710371e-06  1.43710371e-06  1.43710371e-06  1.79990282e+00 
 1.43730371e-06  1.43730371e-06  1.43730371e-06  1.79990286e+00 
 1.43750371e-06  1.43750371e-06  1.43750371e-06  1.79990282e+00 
 1.43770371e-06  1.43770371e-06  1.43770371e-06  1.79990286e+00 
 1.43790371e-06  1.43790371e-06  1.43790371e-06  1.79990282e+00 
 1.43810371e-06  1.43810371e-06  1.43810371e-06  1.79990286e+00 
 1.43830371e-06  1.43830371e-06  1.43830371e-06  1.79990282e+00 
 1.43850371e-06  1.43850371e-06  1.43850371e-06  1.79990286e+00 
 1.43870371e-06  1.43870371e-06  1.43870371e-06  1.79990282e+00 
 1.43890371e-06  1.43890371e-06  1.43890371e-06  1.79990286e+00 
 1.43910371e-06  1.43910371e-06  1.43910371e-06  1.79990282e+00 
 1.43930371e-06  1.43930371e-06  1.43930371e-06  1.79990286e+00 
 1.43950371e-06  1.43950371e-06  1.43950371e-06  1.79990282e+00 
 1.43970371e-06  1.43970371e-06  1.43970371e-06  1.79990286e+00 
 1.43990371e-06  1.43990371e-06  1.43990371e-06  1.79990282e+00 
 1.44010371e-06  1.44010371e-06  1.44010371e-06  1.79990286e+00 
 1.44030371e-06  1.44030371e-06  1.44030371e-06  1.79990282e+00 
 1.44050371e-06  1.44050371e-06  1.44050371e-06  1.79990286e+00 
 1.44070371e-06  1.44070371e-06  1.44070371e-06  1.79990282e+00 
 1.44090371e-06  1.44090371e-06  1.44090371e-06  1.79990286e+00 
 1.44110371e-06  1.44110371e-06  1.44110371e-06  1.79990282e+00 
 1.44130371e-06  1.44130371e-06  1.44130371e-06  1.79990286e+00 
 1.44150371e-06  1.44150371e-06  1.44150371e-06  1.79990282e+00 
 1.44170371e-06  1.44170371e-06  1.44170371e-06  1.79990286e+00 
 1.44190371e-06  1.44190371e-06  1.44190371e-06  1.79990282e+00 
 1.44210371e-06  1.44210371e-06  1.44210371e-06  1.79990286e+00 
 1.44230371e-06  1.44230371e-06  1.44230371e-06  1.79990282e+00 
 1.44250371e-06  1.44250371e-06  1.44250371e-06  1.79990286e+00 
 1.44270371e-06  1.44270371e-06  1.44270371e-06  1.79990282e+00 
 1.44290371e-06  1.44290371e-06  1.44290371e-06  1.79990286e+00 
 1.44310371e-06  1.44310371e-06  1.44310371e-06  1.79990282e+00 
 1.44330371e-06  1.44330371e-06  1.44330371e-06  1.79990286e+00 
 1.44350371e-06  1.44350371e-06  1.44350371e-06  1.79990282e+00 
 1.44370371e-06  1.44370371e-06  1.44370371e-06  1.79990286e+00 
 1.44390371e-06  1.44390371e-06  1.44390371e-06  1.79990282e+00 
 1.44410371e-06  1.44410371e-06  1.44410371e-06  1.79990286e+00 
 1.44430371e-06  1.44430371e-06  1.44430371e-06  1.79990282e+00 
 1.44450371e-06  1.44450371e-06  1.44450371e-06  1.79990286e+00 
 1.44470371e-06  1.44470371e-06  1.44470371e-06  1.79990282e+00 
 1.44490371e-06  1.44490371e-06  1.44490371e-06  1.79990286e+00 
 1.44510371e-06  1.44510371e-06  1.44510371e-06  1.79990282e+00 
 1.44530371e-06  1.44530371e-06  1.44530371e-06  1.79990286e+00 
 1.44550371e-06  1.44550371e-06  1.44550371e-06  1.79990282e+00 
 1.44570371e-06  1.44570371e-06  1.44570371e-06  1.79990286e+00 
 1.44590371e-06  1.44590371e-06  1.44590371e-06  1.79990282e+00 
 1.44610371e-06  1.44610371e-06  1.44610371e-06  1.79990286e+00 
 1.44630371e-06  1.44630371e-06  1.44630371e-06  1.79990282e+00 
 1.44650371e-06  1.44650371e-06  1.44650371e-06  1.79990286e+00 
 1.44670371e-06  1.44670371e-06  1.44670371e-06  1.79990282e+00 
 1.44690371e-06  1.44690371e-06  1.44690371e-06  1.79990286e+00 
 1.44710371e-06  1.44710371e-06  1.44710371e-06  1.79990282e+00 
 1.44730371e-06  1.44730371e-06  1.44730371e-06  1.79990286e+00 
 1.44750371e-06  1.44750371e-06  1.44750371e-06  1.79990282e+00 
 1.44770371e-06  1.44770371e-06  1.44770371e-06  1.79990286e+00 
 1.44790371e-06  1.44790371e-06  1.44790371e-06  1.79990282e+00 
 1.44810371e-06  1.44810371e-06  1.44810371e-06  1.79990286e+00 
 1.44830371e-06  1.44830371e-06  1.44830371e-06  1.79990282e+00 
 1.44850371e-06  1.44850371e-06  1.44850371e-06  1.79990286e+00 
 1.44870371e-06  1.44870371e-06  1.44870371e-06  1.79990282e+00 
 1.44890371e-06  1.44890371e-06  1.44890371e-06  1.79990286e+00 
 1.44910371e-06  1.44910371e-06  1.44910371e-06  1.79990282e+00 
 1.44930371e-06  1.44930371e-06  1.44930371e-06  1.79990286e+00 
 1.44950371e-06  1.44950371e-06  1.44950371e-06  1.79990282e+00 
 1.44970371e-06  1.44970371e-06  1.44970371e-06  1.79990286e+00 
 1.44990371e-06  1.44990371e-06  1.44990371e-06  1.79990282e+00 
 1.45010371e-06  1.45010371e-06  1.45010371e-06  1.79990286e+00 
 1.45030371e-06  1.45030371e-06  1.45030371e-06  1.79990282e+00 
 1.45050371e-06  1.45050371e-06  1.45050371e-06  1.79990286e+00 
 1.45070371e-06  1.45070371e-06  1.45070371e-06  1.79990282e+00 
 1.45090371e-06  1.45090371e-06  1.45090371e-06  1.79990286e+00 
 1.45110371e-06  1.45110371e-06  1.45110371e-06  1.79990282e+00 
 1.45130371e-06  1.45130371e-06  1.45130371e-06  1.79990286e+00 
 1.45150371e-06  1.45150371e-06  1.45150371e-06  1.79990282e+00 
 1.45170371e-06  1.45170371e-06  1.45170371e-06  1.79990286e+00 
 1.45190371e-06  1.45190371e-06  1.45190371e-06  1.79990282e+00 
 1.45210371e-06  1.45210371e-06  1.45210371e-06  1.79990286e+00 
 1.45230371e-06  1.45230371e-06  1.45230371e-06  1.79990282e+00 
 1.45250371e-06  1.45250371e-06  1.45250371e-06  1.79990286e+00 
 1.45270371e-06  1.45270371e-06  1.45270371e-06  1.79990282e+00 
 1.45290371e-06  1.45290371e-06  1.45290371e-06  1.79990286e+00 
 1.45310371e-06  1.45310371e-06  1.45310371e-06  1.79990282e+00 
 1.45330371e-06  1.45330371e-06  1.45330371e-06  1.79990286e+00 
 1.45350371e-06  1.45350371e-06  1.45350371e-06  1.79990282e+00 
 1.45370371e-06  1.45370371e-06  1.45370371e-06  1.79990286e+00 
 1.45390371e-06  1.45390371e-06  1.45390371e-06  1.79990282e+00 
 1.45410371e-06  1.45410371e-06  1.45410371e-06  1.79990286e+00 
 1.45430371e-06  1.45430371e-06  1.45430371e-06  1.79990282e+00 
 1.45450371e-06  1.45450371e-06  1.45450371e-06  1.79990286e+00 
 1.45470371e-06  1.45470371e-06  1.45470371e-06  1.79990282e+00 
 1.45490371e-06  1.45490371e-06  1.45490371e-06  1.79990286e+00 
 1.45510371e-06  1.45510371e-06  1.45510371e-06  1.79990282e+00 
 1.45530371e-06  1.45530371e-06  1.45530371e-06  1.79990286e+00 
 1.45550371e-06  1.45550371e-06  1.45550371e-06  1.79990282e+00 
 1.45570371e-06  1.45570371e-06  1.45570371e-06  1.79990286e+00 
 1.45590371e-06  1.45590371e-06  1.45590371e-06  1.79990282e+00 
 1.45610371e-06  1.45610371e-06  1.45610371e-06  1.79990286e+00 
 1.45630371e-06  1.45630371e-06  1.45630371e-06  1.79990282e+00 
 1.45650371e-06  1.45650371e-06  1.45650371e-06  1.79990286e+00 
 1.45670371e-06  1.45670371e-06  1.45670371e-06  1.79990282e+00 
 1.45690371e-06  1.45690371e-06  1.45690371e-06  1.79990286e+00 
 1.45710371e-06  1.45710371e-06  1.45710371e-06  1.79990282e+00 
 1.45730371e-06  1.45730371e-06  1.45730371e-06  1.79990286e+00 
 1.45750371e-06  1.45750371e-06  1.45750371e-06  1.79990282e+00 
 1.45770371e-06  1.45770371e-06  1.45770371e-06  1.79990286e+00 
 1.45790371e-06  1.45790371e-06  1.45790371e-06  1.79990282e+00 
 1.45810371e-06  1.45810371e-06  1.45810371e-06  1.79990286e+00 
 1.45830371e-06  1.45830371e-06  1.45830371e-06  1.79990282e+00 
 1.45850371e-06  1.45850371e-06  1.45850371e-06  1.79990286e+00 
 1.45870371e-06  1.45870371e-06  1.45870371e-06  1.79990282e+00 
 1.45890371e-06  1.45890371e-06  1.45890371e-06  1.79990286e+00 
 1.45910371e-06  1.45910371e-06  1.45910371e-06  1.79990282e+00 
 1.45930371e-06  1.45930371e-06  1.45930371e-06  1.79990286e+00 
 1.45950371e-06  1.45950371e-06  1.45950371e-06  1.79990282e+00 
 1.45970371e-06  1.45970371e-06  1.45970371e-06  1.79990286e+00 
 1.45990371e-06  1.45990371e-06  1.45990371e-06  1.79990282e+00 
 1.46010371e-06  1.46010371e-06  1.46010371e-06  1.79990286e+00 
 1.46030371e-06  1.46030371e-06  1.46030371e-06  1.79990282e+00 
 1.46050371e-06  1.46050371e-06  1.46050371e-06  1.79990286e+00 
 1.46070371e-06  1.46070371e-06  1.46070371e-06  1.79990282e+00 
 1.46090371e-06  1.46090371e-06  1.46090371e-06  1.79990286e+00 
 1.46110371e-06  1.46110371e-06  1.46110371e-06  1.79990282e+00 
 1.46130371e-06  1.46130371e-06  1.46130371e-06  1.79990286e+00 
 1.46150371e-06  1.46150371e-06  1.46150371e-06  1.79990282e+00 
 1.46170371e-06  1.46170371e-06  1.46170371e-06  1.79990286e+00 
 1.46190371e-06  1.46190371e-06  1.46190371e-06  1.79990282e+00 
 1.46210371e-06  1.46210371e-06  1.46210371e-06  1.79990286e+00 
 1.46230371e-06  1.46230371e-06  1.46230371e-06  1.79990282e+00 
 1.46250371e-06  1.46250371e-06  1.46250371e-06  1.79990286e+00 
 1.46270371e-06  1.46270371e-06  1.46270371e-06  1.79990282e+00 
 1.46290371e-06  1.46290371e-06  1.46290371e-06  1.79990286e+00 
 1.46310371e-06  1.46310371e-06  1.46310371e-06  1.79990282e+00 
 1.46330371e-06  1.46330371e-06  1.46330371e-06  1.79990286e+00 
 1.46350371e-06  1.46350371e-06  1.46350371e-06  1.79990282e+00 
 1.46370371e-06  1.46370371e-06  1.46370371e-06  1.79990286e+00 
 1.46390371e-06  1.46390371e-06  1.46390371e-06  1.79990282e+00 
 1.46410371e-06  1.46410371e-06  1.46410371e-06  1.79990286e+00 
 1.46430371e-06  1.46430371e-06  1.46430371e-06  1.79990282e+00 
 1.46450371e-06  1.46450371e-06  1.46450371e-06  1.79990286e+00 
 1.46470371e-06  1.46470371e-06  1.46470371e-06  1.79990282e+00 
 1.46490371e-06  1.46490371e-06  1.46490371e-06  1.79990286e+00 
 1.46510371e-06  1.46510371e-06  1.46510371e-06  1.79990282e+00 
 1.46530371e-06  1.46530371e-06  1.46530371e-06  1.79990286e+00 
 1.46550371e-06  1.46550371e-06  1.46550371e-06  1.79990282e+00 
 1.46570371e-06  1.46570371e-06  1.46570371e-06  1.79990286e+00 
 1.46590371e-06  1.46590371e-06  1.46590371e-06  1.79990282e+00 
 1.46610371e-06  1.46610371e-06  1.46610371e-06  1.79990286e+00 
 1.46630371e-06  1.46630371e-06  1.46630371e-06  1.79990282e+00 
 1.46650371e-06  1.46650371e-06  1.46650371e-06  1.79990286e+00 
 1.46670371e-06  1.46670371e-06  1.46670371e-06  1.79990282e+00 
 1.46690371e-06  1.46690371e-06  1.46690371e-06  1.79990286e+00 
 1.46710371e-06  1.46710371e-06  1.46710371e-06  1.79990282e+00 
 1.46730371e-06  1.46730371e-06  1.46730371e-06  1.79990286e+00 
 1.46750371e-06  1.46750371e-06  1.46750371e-06  1.79990282e+00 
 1.46770371e-06  1.46770371e-06  1.46770371e-06  1.79990286e+00 
 1.46790371e-06  1.46790371e-06  1.46790371e-06  1.79990282e+00 
 1.46810371e-06  1.46810371e-06  1.46810371e-06  1.79990286e+00 
 1.46830371e-06  1.46830371e-06  1.46830371e-06  1.79990282e+00 
 1.46850371e-06  1.46850371e-06  1.46850371e-06  1.79990286e+00 
 1.46870371e-06  1.46870371e-06  1.46870371e-06  1.79990282e+00 
 1.46890371e-06  1.46890371e-06  1.46890371e-06  1.79990286e+00 
 1.46910371e-06  1.46910371e-06  1.46910371e-06  1.79990282e+00 
 1.46930371e-06  1.46930371e-06  1.46930371e-06  1.79990286e+00 
 1.46950371e-06  1.46950371e-06  1.46950371e-06  1.79990282e+00 
 1.46970371e-06  1.46970371e-06  1.46970371e-06  1.79990286e+00 
 1.46990371e-06  1.46990371e-06  1.46990371e-06  1.79990282e+00 
 1.47010371e-06  1.47010371e-06  1.47010371e-06  1.79990286e+00 
 1.47030371e-06  1.47030371e-06  1.47030371e-06  1.79990282e+00 
 1.47050371e-06  1.47050371e-06  1.47050371e-06  1.79990286e+00 
 1.47070371e-06  1.47070371e-06  1.47070371e-06  1.79990282e+00 
 1.47090371e-06  1.47090371e-06  1.47090371e-06  1.79990286e+00 
 1.47110371e-06  1.47110371e-06  1.47110371e-06  1.79990282e+00 
 1.47130371e-06  1.47130371e-06  1.47130371e-06  1.79990286e+00 
 1.47150371e-06  1.47150371e-06  1.47150371e-06  1.79990282e+00 
 1.47170371e-06  1.47170371e-06  1.47170371e-06  1.79990286e+00 
 1.47190371e-06  1.47190371e-06  1.47190371e-06  1.79990282e+00 
 1.47210371e-06  1.47210371e-06  1.47210371e-06  1.79990286e+00 
 1.47230371e-06  1.47230371e-06  1.47230371e-06  1.79990282e+00 
 1.47250371e-06  1.47250371e-06  1.47250371e-06  1.79990286e+00 
 1.47270371e-06  1.47270371e-06  1.47270371e-06  1.79990282e+00 
 1.47290371e-06  1.47290371e-06  1.47290371e-06  1.79990286e+00 
 1.47310371e-06  1.47310371e-06  1.47310371e-06  1.79990282e+00 
 1.47330371e-06  1.47330371e-06  1.47330371e-06  1.79990286e+00 
 1.47350371e-06  1.47350371e-06  1.47350371e-06  1.79990282e+00 
 1.47370371e-06  1.47370371e-06  1.47370371e-06  1.79990286e+00 
 1.47390371e-06  1.47390371e-06  1.47390371e-06  1.79990282e+00 
 1.47410371e-06  1.47410371e-06  1.47410371e-06  1.79990286e+00 
 1.47430371e-06  1.47430371e-06  1.47430371e-06  1.79990282e+00 
 1.47450371e-06  1.47450371e-06  1.47450371e-06  1.79990286e+00 
 1.47470371e-06  1.47470371e-06  1.47470371e-06  1.79990282e+00 
 1.47490371e-06  1.47490371e-06  1.47490371e-06  1.79990286e+00 
 1.47510371e-06  1.47510371e-06  1.47510371e-06  1.79990282e+00 
 1.47530371e-06  1.47530371e-06  1.47530371e-06  1.79990286e+00 
 1.47550371e-06  1.47550371e-06  1.47550371e-06  1.79990282e+00 
 1.47570371e-06  1.47570371e-06  1.47570371e-06  1.79990286e+00 
 1.47590371e-06  1.47590371e-06  1.47590371e-06  1.79990282e+00 
 1.47610371e-06  1.47610371e-06  1.47610371e-06  1.79990286e+00 
 1.47630371e-06  1.47630371e-06  1.47630371e-06  1.79990282e+00 
 1.47650371e-06  1.47650371e-06  1.47650371e-06  1.79990286e+00 
 1.47670371e-06  1.47670371e-06  1.47670371e-06  1.79990282e+00 
 1.47690371e-06  1.47690371e-06  1.47690371e-06  1.79990286e+00 
 1.47710371e-06  1.47710371e-06  1.47710371e-06  1.79990282e+00 
 1.47730371e-06  1.47730371e-06  1.47730371e-06  1.79990286e+00 
 1.47750371e-06  1.47750371e-06  1.47750371e-06  1.79990282e+00 
 1.47770371e-06  1.47770371e-06  1.47770371e-06  1.79990286e+00 
 1.47790371e-06  1.47790371e-06  1.47790371e-06  1.79990282e+00 
 1.47810371e-06  1.47810371e-06  1.47810371e-06  1.79990286e+00 
 1.47830371e-06  1.47830371e-06  1.47830371e-06  1.79990282e+00 
 1.47850371e-06  1.47850371e-06  1.47850371e-06  1.79990286e+00 
 1.47870371e-06  1.47870371e-06  1.47870371e-06  1.79990282e+00 
 1.47890371e-06  1.47890371e-06  1.47890371e-06  1.79990286e+00 
 1.47910371e-06  1.47910371e-06  1.47910371e-06  1.79990282e+00 
 1.47930371e-06  1.47930371e-06  1.47930371e-06  1.79990286e+00 
 1.47950371e-06  1.47950371e-06  1.47950371e-06  1.79990282e+00 
 1.47970371e-06  1.47970371e-06  1.47970371e-06  1.79990286e+00 
 1.47990371e-06  1.47990371e-06  1.47990371e-06  1.79990282e+00 
 1.48010371e-06  1.48010371e-06  1.48010371e-06  1.79990286e+00 
 1.48030371e-06  1.48030371e-06  1.48030371e-06  1.79990282e+00 
 1.48050371e-06  1.48050371e-06  1.48050371e-06  1.79990286e+00 
 1.48070371e-06  1.48070371e-06  1.48070371e-06  1.79990282e+00 
 1.48090371e-06  1.48090371e-06  1.48090371e-06  1.79990286e+00 
 1.48110371e-06  1.48110371e-06  1.48110371e-06  1.79990282e+00 
 1.48130371e-06  1.48130371e-06  1.48130371e-06  1.79990286e+00 
 1.48150371e-06  1.48150371e-06  1.48150371e-06  1.79990282e+00 
 1.48170371e-06  1.48170371e-06  1.48170371e-06  1.79990286e+00 
 1.48190371e-06  1.48190371e-06  1.48190371e-06  1.79990282e+00 
 1.48210371e-06  1.48210371e-06  1.48210371e-06  1.79990286e+00 
 1.48230371e-06  1.48230371e-06  1.48230371e-06  1.79990282e+00 
 1.48250371e-06  1.48250371e-06  1.48250371e-06  1.79990286e+00 
 1.48270371e-06  1.48270371e-06  1.48270371e-06  1.79990282e+00 
 1.48290371e-06  1.48290371e-06  1.48290371e-06  1.79990286e+00 
 1.48310371e-06  1.48310371e-06  1.48310371e-06  1.79990282e+00 
 1.48330371e-06  1.48330371e-06  1.48330371e-06  1.79990286e+00 
 1.48350371e-06  1.48350371e-06  1.48350371e-06  1.79990282e+00 
 1.48370371e-06  1.48370371e-06  1.48370371e-06  1.79990286e+00 
 1.48390371e-06  1.48390371e-06  1.48390371e-06  1.79990282e+00 
 1.48410371e-06  1.48410371e-06  1.48410371e-06  1.79990286e+00 
 1.48430371e-06  1.48430371e-06  1.48430371e-06  1.79990282e+00 
 1.48450371e-06  1.48450371e-06  1.48450371e-06  1.79990286e+00 
 1.48470371e-06  1.48470371e-06  1.48470371e-06  1.79990282e+00 
 1.48490371e-06  1.48490371e-06  1.48490371e-06  1.79990286e+00 
 1.48510371e-06  1.48510371e-06  1.48510371e-06  1.79990282e+00 
 1.48530371e-06  1.48530371e-06  1.48530371e-06  1.79990286e+00 
 1.48550371e-06  1.48550371e-06  1.48550371e-06  1.79990282e+00 
 1.48570371e-06  1.48570371e-06  1.48570371e-06  1.79990286e+00 
 1.48590371e-06  1.48590371e-06  1.48590371e-06  1.79990282e+00 
 1.48610371e-06  1.48610371e-06  1.48610371e-06  1.79990286e+00 
 1.48630371e-06  1.48630371e-06  1.48630371e-06  1.79990282e+00 
 1.48650371e-06  1.48650371e-06  1.48650371e-06  1.79990286e+00 
 1.48670371e-06  1.48670371e-06  1.48670371e-06  1.79990282e+00 
 1.48690371e-06  1.48690371e-06  1.48690371e-06  1.79990286e+00 
 1.48710371e-06  1.48710371e-06  1.48710371e-06  1.79990282e+00 
 1.48730371e-06  1.48730371e-06  1.48730371e-06  1.79990286e+00 
 1.48750371e-06  1.48750371e-06  1.48750371e-06  1.79990282e+00 
 1.48770371e-06  1.48770371e-06  1.48770371e-06  1.79990286e+00 
 1.48790371e-06  1.48790371e-06  1.48790371e-06  1.79990282e+00 
 1.48810371e-06  1.48810371e-06  1.48810371e-06  1.79990286e+00 
 1.48830371e-06  1.48830371e-06  1.48830371e-06  1.79990282e+00 
 1.48850371e-06  1.48850371e-06  1.48850371e-06  1.79990286e+00 
 1.48870371e-06  1.48870371e-06  1.48870371e-06  1.79990282e+00 
 1.48890371e-06  1.48890371e-06  1.48890371e-06  1.79990286e+00 
 1.48910371e-06  1.48910371e-06  1.48910371e-06  1.79990282e+00 
 1.48930371e-06  1.48930371e-06  1.48930371e-06  1.79990286e+00 
 1.48950371e-06  1.48950371e-06  1.48950371e-06  1.79990282e+00 
 1.48970371e-06  1.48970371e-06  1.48970371e-06  1.79990286e+00 
 1.48990371e-06  1.48990371e-06  1.48990371e-06  1.79990282e+00 
 1.49010371e-06  1.49010371e-06  1.49010371e-06  1.79990286e+00 
 1.49030371e-06  1.49030371e-06  1.49030371e-06  1.79990282e+00 
 1.49050371e-06  1.49050371e-06  1.49050371e-06  1.79990286e+00 
 1.49070371e-06  1.49070371e-06  1.49070371e-06  1.79990282e+00 
 1.49090371e-06  1.49090371e-06  1.49090371e-06  1.79990286e+00 
 1.49110371e-06  1.49110371e-06  1.49110371e-06  1.79990282e+00 
 1.49130371e-06  1.49130371e-06  1.49130371e-06  1.79990286e+00 
 1.49150371e-06  1.49150371e-06  1.49150371e-06  1.79990282e+00 
 1.49170371e-06  1.49170371e-06  1.49170371e-06  1.79990286e+00 
 1.49190371e-06  1.49190371e-06  1.49190371e-06  1.79990282e+00 
 1.49210371e-06  1.49210371e-06  1.49210371e-06  1.79990286e+00 
 1.49230371e-06  1.49230371e-06  1.49230371e-06  1.79990282e+00 
 1.49250371e-06  1.49250371e-06  1.49250371e-06  1.79990286e+00 
 1.49270371e-06  1.49270371e-06  1.49270371e-06  1.79990282e+00 
 1.49290371e-06  1.49290371e-06  1.49290371e-06  1.79990286e+00 
 1.49310371e-06  1.49310371e-06  1.49310371e-06  1.79990282e+00 
 1.49330371e-06  1.49330371e-06  1.49330371e-06  1.79990286e+00 
 1.49350371e-06  1.49350371e-06  1.49350371e-06  1.79990282e+00 
 1.49370371e-06  1.49370371e-06  1.49370371e-06  1.79990286e+00 
 1.49390371e-06  1.49390371e-06  1.49390371e-06  1.79990282e+00 
 1.49410371e-06  1.49410371e-06  1.49410371e-06  1.79990286e+00 
 1.49430371e-06  1.49430371e-06  1.49430371e-06  1.79990282e+00 
 1.49450371e-06  1.49450371e-06  1.49450371e-06  1.79990286e+00 
 1.49470371e-06  1.49470371e-06  1.49470371e-06  1.79990282e+00 
 1.49490371e-06  1.49490371e-06  1.49490371e-06  1.79990286e+00 
 1.49510371e-06  1.49510371e-06  1.49510371e-06  1.79990282e+00 
 1.49530371e-06  1.49530371e-06  1.49530371e-06  1.79990286e+00 
 1.49550371e-06  1.49550371e-06  1.49550371e-06  1.79990282e+00 
 1.49570371e-06  1.49570371e-06  1.49570371e-06  1.79990286e+00 
 1.49590371e-06  1.49590371e-06  1.49590371e-06  1.79990282e+00 
 1.49610371e-06  1.49610371e-06  1.49610371e-06  1.79990286e+00 
 1.49630371e-06  1.49630371e-06  1.49630371e-06  1.79990282e+00 
 1.49650371e-06  1.49650371e-06  1.49650371e-06  1.79990286e+00 
 1.49670371e-06  1.49670371e-06  1.49670371e-06  1.79990282e+00 
 1.49690371e-06  1.49690371e-06  1.49690371e-06  1.79990286e+00 
 1.49710371e-06  1.49710371e-06  1.49710371e-06  1.79990282e+00 
 1.49730371e-06  1.49730371e-06  1.49730371e-06  1.79990286e+00 
 1.49750371e-06  1.49750371e-06  1.49750371e-06  1.79990282e+00 
 1.49770371e-06  1.49770371e-06  1.49770371e-06  1.79990286e+00 
 1.49790371e-06  1.49790371e-06  1.49790371e-06  1.79990282e+00 
 1.49810371e-06  1.49810371e-06  1.49810371e-06  1.79990286e+00 
 1.49830371e-06  1.49830371e-06  1.49830371e-06  1.79990282e+00 
 1.49850371e-06  1.49850371e-06  1.49850371e-06  1.79990286e+00 
 1.49870371e-06  1.49870371e-06  1.49870371e-06  1.79990282e+00 
 1.49890371e-06  1.49890371e-06  1.49890371e-06  1.79990286e+00 
 1.49910371e-06  1.49910371e-06  1.49910371e-06  1.79990282e+00 
 1.49930371e-06  1.49930371e-06  1.49930371e-06  1.79990286e+00 
 1.49950371e-06  1.49950371e-06  1.49950371e-06  1.79990282e+00 
 1.49970371e-06  1.49970371e-06  1.49970371e-06  1.79990286e+00 
 1.49990371e-06  1.49990371e-06  1.49990371e-06  1.79990282e+00 
 1.50010371e-06  1.50010371e-06  1.50010371e-06  1.79990286e+00 
 1.50030371e-06  1.50030371e-06  1.50030371e-06  1.79990282e+00 
 1.50050371e-06  1.50050371e-06  1.50050371e-06  1.79990286e+00 
 1.50070371e-06  1.50070371e-06  1.50070371e-06  1.79990283e+00 
 1.50090371e-06  1.50090371e-06  1.50090371e-06  1.79990286e+00 
 1.50110371e-06  1.50110371e-06  1.50110371e-06  1.79990283e+00 
 1.50130371e-06  1.50130371e-06  1.50130371e-06  1.79990286e+00 
 1.50150371e-06  1.50150371e-06  1.50150371e-06  1.79990283e+00 
 1.50170371e-06  1.50170371e-06  1.50170371e-06  1.79990286e+00 
 1.50190371e-06  1.50190371e-06  1.50190371e-06  1.79990283e+00 
 1.50210371e-06  1.50210371e-06  1.50210371e-06  1.79990286e+00 
 1.50230371e-06  1.50230371e-06  1.50230371e-06  1.79990283e+00 
 1.50250371e-06  1.50250371e-06  1.50250371e-06  1.79990286e+00 
 1.50270371e-06  1.50270371e-06  1.50270371e-06  1.79990283e+00 
 1.50290371e-06  1.50290371e-06  1.50290371e-06  1.79990286e+00 
 1.50310371e-06  1.50310371e-06  1.50310371e-06  1.79990283e+00 
 1.50330371e-06  1.50330371e-06  1.50330371e-06  1.79990286e+00 
 1.50350371e-06  1.50350371e-06  1.50350371e-06  1.79990283e+00 
 1.50370371e-06  1.50370371e-06  1.50370371e-06  1.79990286e+00 
 1.50390371e-06  1.50390371e-06  1.50390371e-06  1.79990283e+00 
 1.50410371e-06  1.50410371e-06  1.50410371e-06  1.79990286e+00 
 1.50430371e-06  1.50430371e-06  1.50430371e-06  1.79990283e+00 
 1.50450371e-06  1.50450371e-06  1.50450371e-06  1.79990286e+00 
 1.50470371e-06  1.50470371e-06  1.50470371e-06  1.79990283e+00 
 1.50490371e-06  1.50490371e-06  1.50490371e-06  1.79990286e+00 
 1.50510371e-06  1.50510371e-06  1.50510371e-06  1.79990283e+00 
 1.50530371e-06  1.50530371e-06  1.50530371e-06  1.79990286e+00 
 1.50550371e-06  1.50550371e-06  1.50550371e-06  1.79990283e+00 
 1.50570371e-06  1.50570371e-06  1.50570371e-06  1.79990286e+00 
 1.50590371e-06  1.50590371e-06  1.50590371e-06  1.79990283e+00 
 1.50610371e-06  1.50610371e-06  1.50610371e-06  1.79990286e+00 
 1.50630371e-06  1.50630371e-06  1.50630371e-06  1.79990283e+00 
 1.50650371e-06  1.50650371e-06  1.50650371e-06  1.79990286e+00 
 1.50670371e-06  1.50670371e-06  1.50670371e-06  1.79990283e+00 
 1.50690371e-06  1.50690371e-06  1.50690371e-06  1.79990286e+00 
 1.50710371e-06  1.50710371e-06  1.50710371e-06  1.79990283e+00 
 1.50730371e-06  1.50730371e-06  1.50730371e-06  1.79990286e+00 
 1.50750371e-06  1.50750371e-06  1.50750371e-06  1.79990283e+00 
 1.50770371e-06  1.50770371e-06  1.50770371e-06  1.79990286e+00 
 1.50790371e-06  1.50790371e-06  1.50790371e-06  1.79990283e+00 
 1.50810371e-06  1.50810371e-06  1.50810371e-06  1.79990286e+00 
 1.50830371e-06  1.50830371e-06  1.50830371e-06  1.79990283e+00 
 1.50850371e-06  1.50850371e-06  1.50850371e-06  1.79990286e+00 
 1.50870371e-06  1.50870371e-06  1.50870371e-06  1.79990283e+00 
 1.50890371e-06  1.50890371e-06  1.50890371e-06  1.79990286e+00 
 1.50910371e-06  1.50910371e-06  1.50910371e-06  1.79990283e+00 
 1.50930371e-06  1.50930371e-06  1.50930371e-06  1.79990286e+00 
 1.50950371e-06  1.50950371e-06  1.50950371e-06  1.79990283e+00 
 1.50970371e-06  1.50970371e-06  1.50970371e-06  1.79990286e+00 
 1.50990371e-06  1.50990371e-06  1.50990371e-06  1.79990283e+00 
 1.51010371e-06  1.51010371e-06  1.51010371e-06  1.79990286e+00 
 1.51030371e-06  1.51030371e-06  1.51030371e-06  1.79990283e+00 
 1.51050371e-06  1.51050371e-06  1.51050371e-06  1.79990286e+00 
 1.51070371e-06  1.51070371e-06  1.51070371e-06  1.79990283e+00 
 1.51090371e-06  1.51090371e-06  1.51090371e-06  1.79990286e+00 
 1.51110371e-06  1.51110371e-06  1.51110371e-06  1.79990283e+00 
 1.51130371e-06  1.51130371e-06  1.51130371e-06  1.79990286e+00 
 1.51150371e-06  1.51150371e-06  1.51150371e-06  1.79990283e+00 
 1.51170371e-06  1.51170371e-06  1.51170371e-06  1.79990286e+00 
 1.51190371e-06  1.51190371e-06  1.51190371e-06  1.79990283e+00 
 1.51210371e-06  1.51210371e-06  1.51210371e-06  1.79990286e+00 
 1.51230371e-06  1.51230371e-06  1.51230371e-06  1.79990283e+00 
 1.51250371e-06  1.51250371e-06  1.51250371e-06  1.79990286e+00 
 1.51270371e-06  1.51270371e-06  1.51270371e-06  1.79990283e+00 
 1.51290371e-06  1.51290371e-06  1.51290371e-06  1.79990286e+00 
 1.51310371e-06  1.51310371e-06  1.51310371e-06  1.79990283e+00 
 1.51330371e-06  1.51330371e-06  1.51330371e-06  1.79990286e+00 
 1.51350371e-06  1.51350371e-06  1.51350371e-06  1.79990283e+00 
 1.51370371e-06  1.51370371e-06  1.51370371e-06  1.79990286e+00 
 1.51390371e-06  1.51390371e-06  1.51390371e-06  1.79990283e+00 
 1.51410371e-06  1.51410371e-06  1.51410371e-06  1.79990286e+00 
 1.51430371e-06  1.51430371e-06  1.51430371e-06  1.79990283e+00 
 1.51450371e-06  1.51450371e-06  1.51450371e-06  1.79990286e+00 
 1.51470371e-06  1.51470371e-06  1.51470371e-06  1.79990283e+00 
 1.51490371e-06  1.51490371e-06  1.51490371e-06  1.79990286e+00 
 1.51510371e-06  1.51510371e-06  1.51510371e-06  1.79990283e+00 
 1.51530371e-06  1.51530371e-06  1.51530371e-06  1.79990286e+00 
 1.51550371e-06  1.51550371e-06  1.51550371e-06  1.79990283e+00 
 1.51570371e-06  1.51570371e-06  1.51570371e-06  1.79990286e+00 
 1.51590371e-06  1.51590371e-06  1.51590371e-06  1.79990283e+00 
 1.51610371e-06  1.51610371e-06  1.51610371e-06  1.79990286e+00 
 1.51630371e-06  1.51630371e-06  1.51630371e-06  1.79990283e+00 
 1.51650371e-06  1.51650371e-06  1.51650371e-06  1.79990286e+00 
 1.51670371e-06  1.51670371e-06  1.51670371e-06  1.79990283e+00 
 1.51690371e-06  1.51690371e-06  1.51690371e-06  1.79990286e+00 
 1.51710371e-06  1.51710371e-06  1.51710371e-06  1.79990283e+00 
 1.51730371e-06  1.51730371e-06  1.51730371e-06  1.79990286e+00 
 1.51750371e-06  1.51750371e-06  1.51750371e-06  1.79990283e+00 
 1.51770371e-06  1.51770371e-06  1.51770371e-06  1.79990286e+00 
 1.51790371e-06  1.51790371e-06  1.51790371e-06  1.79990283e+00 
 1.51810371e-06  1.51810371e-06  1.51810371e-06  1.79990286e+00 
 1.51830371e-06  1.51830371e-06  1.51830371e-06  1.79990283e+00 
 1.51850371e-06  1.51850371e-06  1.51850371e-06  1.79990286e+00 
 1.51870371e-06  1.51870371e-06  1.51870371e-06  1.79990283e+00 
 1.51890371e-06  1.51890371e-06  1.51890371e-06  1.79990286e+00 
 1.51910371e-06  1.51910371e-06  1.51910371e-06  1.79990283e+00 
 1.51930371e-06  1.51930371e-06  1.51930371e-06  1.79990286e+00 
 1.51950371e-06  1.51950371e-06  1.51950371e-06  1.79990283e+00 
 1.51970371e-06  1.51970371e-06  1.51970371e-06  1.79990286e+00 
 1.51990371e-06  1.51990371e-06  1.51990371e-06  1.79990283e+00 
 1.52010371e-06  1.52010371e-06  1.52010371e-06  1.79990286e+00 
 1.52030371e-06  1.52030371e-06  1.52030371e-06  1.79990283e+00 
 1.52050371e-06  1.52050371e-06  1.52050371e-06  1.79990286e+00 
 1.52070371e-06  1.52070371e-06  1.52070371e-06  1.79990283e+00 
 1.52090371e-06  1.52090371e-06  1.52090371e-06  1.79990286e+00 
 1.52110371e-06  1.52110371e-06  1.52110371e-06  1.79990283e+00 
 1.52130371e-06  1.52130371e-06  1.52130371e-06  1.79990286e+00 
 1.52150371e-06  1.52150371e-06  1.52150371e-06  1.79990283e+00 
 1.52170371e-06  1.52170371e-06  1.52170371e-06  1.79990286e+00 
 1.52190371e-06  1.52190371e-06  1.52190371e-06  1.79990283e+00 
 1.52210371e-06  1.52210371e-06  1.52210371e-06  1.79990286e+00 
 1.52230371e-06  1.52230371e-06  1.52230371e-06  1.79990283e+00 
 1.52250371e-06  1.52250371e-06  1.52250371e-06  1.79990286e+00 
 1.52270371e-06  1.52270371e-06  1.52270371e-06  1.79990283e+00 
 1.52290371e-06  1.52290371e-06  1.52290371e-06  1.79990286e+00 
 1.52310371e-06  1.52310371e-06  1.52310371e-06  1.79990283e+00 
 1.52330371e-06  1.52330371e-06  1.52330371e-06  1.79990286e+00 
 1.52350371e-06  1.52350371e-06  1.52350371e-06  1.79990283e+00 
 1.52370371e-06  1.52370371e-06  1.52370371e-06  1.79990286e+00 
 1.52390371e-06  1.52390371e-06  1.52390371e-06  1.79990283e+00 
 1.52410371e-06  1.52410371e-06  1.52410371e-06  1.79990286e+00 
 1.52430371e-06  1.52430371e-06  1.52430371e-06  1.79990283e+00 
 1.52450371e-06  1.52450371e-06  1.52450371e-06  1.79990286e+00 
 1.52470371e-06  1.52470371e-06  1.52470371e-06  1.79990283e+00 
 1.52490371e-06  1.52490371e-06  1.52490371e-06  1.79990286e+00 
 1.52510371e-06  1.52510371e-06  1.52510371e-06  1.79990283e+00 
 1.52530371e-06  1.52530371e-06  1.52530371e-06  1.79990286e+00 
 1.52550371e-06  1.52550371e-06  1.52550371e-06  1.79990283e+00 
 1.52570371e-06  1.52570371e-06  1.52570371e-06  1.79990286e+00 
 1.52590371e-06  1.52590371e-06  1.52590371e-06  1.79990283e+00 
 1.52610371e-06  1.52610371e-06  1.52610371e-06  1.79990286e+00 
 1.52630371e-06  1.52630371e-06  1.52630371e-06  1.79990283e+00 
 1.52650371e-06  1.52650371e-06  1.52650371e-06  1.79990286e+00 
 1.52670371e-06  1.52670371e-06  1.52670371e-06  1.79990283e+00 
 1.52690371e-06  1.52690371e-06  1.52690371e-06  1.79990286e+00 
 1.52710371e-06  1.52710371e-06  1.52710371e-06  1.79990283e+00 
 1.52730371e-06  1.52730371e-06  1.52730371e-06  1.79990286e+00 
 1.52750371e-06  1.52750371e-06  1.52750371e-06  1.79990283e+00 
 1.52770371e-06  1.52770371e-06  1.52770371e-06  1.79990286e+00 
 1.52790371e-06  1.52790371e-06  1.52790371e-06  1.79990283e+00 
 1.52810371e-06  1.52810371e-06  1.52810371e-06  1.79990286e+00 
 1.52830371e-06  1.52830371e-06  1.52830371e-06  1.79990283e+00 
 1.52850371e-06  1.52850371e-06  1.52850371e-06  1.79990286e+00 
 1.52870371e-06  1.52870371e-06  1.52870371e-06  1.79990283e+00 
 1.52890371e-06  1.52890371e-06  1.52890371e-06  1.79990286e+00 
 1.52910371e-06  1.52910371e-06  1.52910371e-06  1.79990283e+00 
 1.52930371e-06  1.52930371e-06  1.52930371e-06  1.79990286e+00 
 1.52950371e-06  1.52950371e-06  1.52950371e-06  1.79990283e+00 
 1.52970371e-06  1.52970371e-06  1.52970371e-06  1.79990286e+00 
 1.52990371e-06  1.52990371e-06  1.52990371e-06  1.79990283e+00 
 1.53010371e-06  1.53010371e-06  1.53010371e-06  1.79990286e+00 
 1.53030371e-06  1.53030371e-06  1.53030371e-06  1.79990283e+00 
 1.53050371e-06  1.53050371e-06  1.53050371e-06  1.79990286e+00 
 1.53070371e-06  1.53070371e-06  1.53070371e-06  1.79990283e+00 
 1.53090371e-06  1.53090371e-06  1.53090371e-06  1.79990286e+00 
 1.53110371e-06  1.53110371e-06  1.53110371e-06  1.79990283e+00 
 1.53130371e-06  1.53130371e-06  1.53130371e-06  1.79990286e+00 
 1.53150371e-06  1.53150371e-06  1.53150371e-06  1.79990283e+00 
 1.53170371e-06  1.53170371e-06  1.53170371e-06  1.79990286e+00 
 1.53190371e-06  1.53190371e-06  1.53190371e-06  1.79990283e+00 
 1.53210371e-06  1.53210371e-06  1.53210371e-06  1.79990286e+00 
 1.53230371e-06  1.53230371e-06  1.53230371e-06  1.79990283e+00 
 1.53250371e-06  1.53250371e-06  1.53250371e-06  1.79990286e+00 
 1.53270371e-06  1.53270371e-06  1.53270371e-06  1.79990283e+00 
 1.53290371e-06  1.53290371e-06  1.53290371e-06  1.79990286e+00 
 1.53310371e-06  1.53310371e-06  1.53310371e-06  1.79990283e+00 
 1.53330371e-06  1.53330371e-06  1.53330371e-06  1.79990286e+00 
 1.53350371e-06  1.53350371e-06  1.53350371e-06  1.79990283e+00 
 1.53370371e-06  1.53370371e-06  1.53370371e-06  1.79990286e+00 
 1.53390371e-06  1.53390371e-06  1.53390371e-06  1.79990283e+00 
 1.53410371e-06  1.53410371e-06  1.53410371e-06  1.79990286e+00 
 1.53430371e-06  1.53430371e-06  1.53430371e-06  1.79990283e+00 
 1.53450371e-06  1.53450371e-06  1.53450371e-06  1.79990286e+00 
 1.53470371e-06  1.53470371e-06  1.53470371e-06  1.79990283e+00 
 1.53490371e-06  1.53490371e-06  1.53490371e-06  1.79990286e+00 
 1.53510371e-06  1.53510371e-06  1.53510371e-06  1.79990283e+00 
 1.53530371e-06  1.53530371e-06  1.53530371e-06  1.79990286e+00 
 1.53550371e-06  1.53550371e-06  1.53550371e-06  1.79990283e+00 
 1.53570371e-06  1.53570371e-06  1.53570371e-06  1.79990286e+00 
 1.53590371e-06  1.53590371e-06  1.53590371e-06  1.79990283e+00 
 1.53610371e-06  1.53610371e-06  1.53610371e-06  1.79990286e+00 
 1.53630371e-06  1.53630371e-06  1.53630371e-06  1.79990283e+00 
 1.53650371e-06  1.53650371e-06  1.53650371e-06  1.79990286e+00 
 1.53670371e-06  1.53670371e-06  1.53670371e-06  1.79990283e+00 
 1.53690371e-06  1.53690371e-06  1.53690371e-06  1.79990286e+00 
 1.53710371e-06  1.53710371e-06  1.53710371e-06  1.79990283e+00 
 1.53730371e-06  1.53730371e-06  1.53730371e-06  1.79990286e+00 
 1.53750371e-06  1.53750371e-06  1.53750371e-06  1.79990283e+00 
 1.53770371e-06  1.53770371e-06  1.53770371e-06  1.79990286e+00 
 1.53790371e-06  1.53790371e-06  1.53790371e-06  1.79990283e+00 
 1.53810371e-06  1.53810371e-06  1.53810371e-06  1.79990286e+00 
 1.53830371e-06  1.53830371e-06  1.53830371e-06  1.79990283e+00 
 1.53850371e-06  1.53850371e-06  1.53850371e-06  1.79990286e+00 
 1.53870371e-06  1.53870371e-06  1.53870371e-06  1.79990283e+00 
 1.53890371e-06  1.53890371e-06  1.53890371e-06  1.79990286e+00 
 1.53910371e-06  1.53910371e-06  1.53910371e-06  1.79990283e+00 
 1.53930371e-06  1.53930371e-06  1.53930371e-06  1.79990286e+00 
 1.53950371e-06  1.53950371e-06  1.53950371e-06  1.79990283e+00 
 1.53970371e-06  1.53970371e-06  1.53970371e-06  1.79990286e+00 
 1.53990371e-06  1.53990371e-06  1.53990371e-06  1.79990283e+00 
 1.54010371e-06  1.54010371e-06  1.54010371e-06  1.79990286e+00 
 1.54030371e-06  1.54030371e-06  1.54030371e-06  1.79990283e+00 
 1.54050371e-06  1.54050371e-06  1.54050371e-06  1.79990286e+00 
 1.54070371e-06  1.54070371e-06  1.54070371e-06  1.79990283e+00 
 1.54090371e-06  1.54090371e-06  1.54090371e-06  1.79990286e+00 
 1.54110371e-06  1.54110371e-06  1.54110371e-06  1.79990283e+00 
 1.54130371e-06  1.54130371e-06  1.54130371e-06  1.79990286e+00 
 1.54150371e-06  1.54150371e-06  1.54150371e-06  1.79990283e+00 
 1.54170371e-06  1.54170371e-06  1.54170371e-06  1.79990286e+00 
 1.54190371e-06  1.54190371e-06  1.54190371e-06  1.79990283e+00 
 1.54210371e-06  1.54210371e-06  1.54210371e-06  1.79990286e+00 
 1.54230371e-06  1.54230371e-06  1.54230371e-06  1.79990283e+00 
 1.54250371e-06  1.54250371e-06  1.54250371e-06  1.79990286e+00 
 1.54270371e-06  1.54270371e-06  1.54270371e-06  1.79990283e+00 
 1.54290371e-06  1.54290371e-06  1.54290371e-06  1.79990286e+00 
 1.54310371e-06  1.54310371e-06  1.54310371e-06  1.79990283e+00 
 1.54330371e-06  1.54330371e-06  1.54330371e-06  1.79990286e+00 
 1.54350371e-06  1.54350371e-06  1.54350371e-06  1.79990283e+00 
 1.54370371e-06  1.54370371e-06  1.54370371e-06  1.79990286e+00 
 1.54390371e-06  1.54390371e-06  1.54390371e-06  1.79990283e+00 
 1.54410371e-06  1.54410371e-06  1.54410371e-06  1.79990286e+00 
 1.54430371e-06  1.54430371e-06  1.54430371e-06  1.79990283e+00 
 1.54450371e-06  1.54450371e-06  1.54450371e-06  1.79990286e+00 
 1.54470371e-06  1.54470371e-06  1.54470371e-06  1.79990283e+00 
 1.54490371e-06  1.54490371e-06  1.54490371e-06  1.79990286e+00 
 1.54510371e-06  1.54510371e-06  1.54510371e-06  1.79990283e+00 
 1.54530371e-06  1.54530371e-06  1.54530371e-06  1.79990286e+00 
 1.54550371e-06  1.54550371e-06  1.54550371e-06  1.79990283e+00 
 1.54570371e-06  1.54570371e-06  1.54570371e-06  1.79990286e+00 
 1.54590371e-06  1.54590371e-06  1.54590371e-06  1.79990283e+00 
 1.54610371e-06  1.54610371e-06  1.54610371e-06  1.79990286e+00 
 1.54630371e-06  1.54630371e-06  1.54630371e-06  1.79990283e+00 
 1.54650371e-06  1.54650371e-06  1.54650371e-06  1.79990286e+00 
 1.54670371e-06  1.54670371e-06  1.54670371e-06  1.79990283e+00 
 1.54690371e-06  1.54690371e-06  1.54690371e-06  1.79990286e+00 
 1.54710371e-06  1.54710371e-06  1.54710371e-06  1.79990283e+00 
 1.54730371e-06  1.54730371e-06  1.54730371e-06  1.79990286e+00 
 1.54750371e-06  1.54750371e-06  1.54750371e-06  1.79990283e+00 
 1.54770371e-06  1.54770371e-06  1.54770371e-06  1.79990286e+00 
 1.54790371e-06  1.54790371e-06  1.54790371e-06  1.79990283e+00 
 1.54810371e-06  1.54810371e-06  1.54810371e-06  1.79990286e+00 
 1.54830371e-06  1.54830371e-06  1.54830371e-06  1.79990283e+00 
 1.54850371e-06  1.54850371e-06  1.54850371e-06  1.79990286e+00 
 1.54870371e-06  1.54870371e-06  1.54870371e-06  1.79990283e+00 
 1.54890371e-06  1.54890371e-06  1.54890371e-06  1.79990286e+00 
 1.54910371e-06  1.54910371e-06  1.54910371e-06  1.79990283e+00 
 1.54930371e-06  1.54930371e-06  1.54930371e-06  1.79990286e+00 
 1.54950371e-06  1.54950371e-06  1.54950371e-06  1.79990283e+00 
 1.54970371e-06  1.54970371e-06  1.54970371e-06  1.79990286e+00 
 1.54990371e-06  1.54990371e-06  1.54990371e-06  1.79990283e+00 
 1.55010371e-06  1.55010371e-06  1.55010371e-06  1.79990286e+00 
 1.55030371e-06  1.55030371e-06  1.55030371e-06  1.79990283e+00 
 1.55050371e-06  1.55050371e-06  1.55050371e-06  1.79990286e+00 
 1.55070371e-06  1.55070371e-06  1.55070371e-06  1.79990283e+00 
 1.55090371e-06  1.55090371e-06  1.55090371e-06  1.79990286e+00 
 1.55110371e-06  1.55110371e-06  1.55110371e-06  1.79990283e+00 
 1.55130371e-06  1.55130371e-06  1.55130371e-06  1.79990286e+00 
 1.55150371e-06  1.55150371e-06  1.55150371e-06  1.79990283e+00 
 1.55170371e-06  1.55170371e-06  1.55170371e-06  1.79990286e+00 
 1.55190371e-06  1.55190371e-06  1.55190371e-06  1.79990283e+00 
 1.55210371e-06  1.55210371e-06  1.55210371e-06  1.79990286e+00 
 1.55230371e-06  1.55230371e-06  1.55230371e-06  1.79990283e+00 
 1.55250371e-06  1.55250371e-06  1.55250371e-06  1.79990286e+00 
 1.55270371e-06  1.55270371e-06  1.55270371e-06  1.79990283e+00 
 1.55290371e-06  1.55290371e-06  1.55290371e-06  1.79990286e+00 
 1.55310371e-06  1.55310371e-06  1.55310371e-06  1.79990283e+00 
 1.55330371e-06  1.55330371e-06  1.55330371e-06  1.79990286e+00 
 1.55350371e-06  1.55350371e-06  1.55350371e-06  1.79990283e+00 
 1.55370371e-06  1.55370371e-06  1.55370371e-06  1.79990286e+00 
 1.55390371e-06  1.55390371e-06  1.55390371e-06  1.79990283e+00 
 1.55410371e-06  1.55410371e-06  1.55410371e-06  1.79990286e+00 
 1.55430371e-06  1.55430371e-06  1.55430371e-06  1.79990283e+00 
 1.55450371e-06  1.55450371e-06  1.55450371e-06  1.79990286e+00 
 1.55470371e-06  1.55470371e-06  1.55470371e-06  1.79990283e+00 
 1.55490371e-06  1.55490371e-06  1.55490371e-06  1.79990286e+00 
 1.55510371e-06  1.55510371e-06  1.55510371e-06  1.79990283e+00 
 1.55530371e-06  1.55530371e-06  1.55530371e-06  1.79990286e+00 
 1.55550371e-06  1.55550371e-06  1.55550371e-06  1.79990283e+00 
 1.55570371e-06  1.55570371e-06  1.55570371e-06  1.79990286e+00 
 1.55590371e-06  1.55590371e-06  1.55590371e-06  1.79990283e+00 
 1.55610371e-06  1.55610371e-06  1.55610371e-06  1.79990286e+00 
 1.55630371e-06  1.55630371e-06  1.55630371e-06  1.79990283e+00 
 1.55650371e-06  1.55650371e-06  1.55650371e-06  1.79990286e+00 
 1.55670371e-06  1.55670371e-06  1.55670371e-06  1.79990283e+00 
 1.55690371e-06  1.55690371e-06  1.55690371e-06  1.79990286e+00 
 1.55710371e-06  1.55710371e-06  1.55710371e-06  1.79990283e+00 
 1.55730371e-06  1.55730371e-06  1.55730371e-06  1.79990286e+00 
 1.55750371e-06  1.55750371e-06  1.55750371e-06  1.79990283e+00 
 1.55770371e-06  1.55770371e-06  1.55770371e-06  1.79990286e+00 
 1.55790371e-06  1.55790371e-06  1.55790371e-06  1.79990283e+00 
 1.55810371e-06  1.55810371e-06  1.55810371e-06  1.79990286e+00 
 1.55830371e-06  1.55830371e-06  1.55830371e-06  1.79990283e+00 
 1.55850371e-06  1.55850371e-06  1.55850371e-06  1.79990286e+00 
 1.55870371e-06  1.55870371e-06  1.55870371e-06  1.79990283e+00 
 1.55890371e-06  1.55890371e-06  1.55890371e-06  1.79990286e+00 
 1.55910371e-06  1.55910371e-06  1.55910371e-06  1.79990283e+00 
 1.55930371e-06  1.55930371e-06  1.55930371e-06  1.79990286e+00 
 1.55950371e-06  1.55950371e-06  1.55950371e-06  1.79990283e+00 
 1.55970371e-06  1.55970371e-06  1.55970371e-06  1.79990286e+00 
 1.55990371e-06  1.55990371e-06  1.55990371e-06  1.79990283e+00 
 1.56010371e-06  1.56010371e-06  1.56010371e-06  1.79990286e+00 
 1.56030371e-06  1.56030371e-06  1.56030371e-06  1.79990283e+00 
 1.56050371e-06  1.56050371e-06  1.56050371e-06  1.79990286e+00 
 1.56070371e-06  1.56070371e-06  1.56070371e-06  1.79990283e+00 
 1.56090371e-06  1.56090371e-06  1.56090371e-06  1.79990286e+00 
 1.56110371e-06  1.56110371e-06  1.56110371e-06  1.79990283e+00 
 1.56130371e-06  1.56130371e-06  1.56130371e-06  1.79990286e+00 
 1.56150371e-06  1.56150371e-06  1.56150371e-06  1.79990283e+00 
 1.56170371e-06  1.56170371e-06  1.56170371e-06  1.79990286e+00 
 1.56190371e-06  1.56190371e-06  1.56190371e-06  1.79990283e+00 
 1.56210371e-06  1.56210371e-06  1.56210371e-06  1.79990286e+00 
 1.56230371e-06  1.56230371e-06  1.56230371e-06  1.79990283e+00 
 1.56250371e-06  1.56250371e-06  1.56250371e-06  1.79990286e+00 
 1.56270371e-06  1.56270371e-06  1.56270371e-06  1.79990283e+00 
 1.56290371e-06  1.56290371e-06  1.56290371e-06  1.79990286e+00 
 1.56310371e-06  1.56310371e-06  1.56310371e-06  1.79990283e+00 
 1.56330371e-06  1.56330371e-06  1.56330371e-06  1.79990286e+00 
 1.56350371e-06  1.56350371e-06  1.56350371e-06  1.79990283e+00 
 1.56370371e-06  1.56370371e-06  1.56370371e-06  1.79990286e+00 
 1.56390371e-06  1.56390371e-06  1.56390371e-06  1.79990283e+00 
 1.56410371e-06  1.56410371e-06  1.56410371e-06  1.79990286e+00 
 1.56430371e-06  1.56430371e-06  1.56430371e-06  1.79990283e+00 
 1.56450371e-06  1.56450371e-06  1.56450371e-06  1.79990286e+00 
 1.56470371e-06  1.56470371e-06  1.56470371e-06  1.79990283e+00 
 1.56490371e-06  1.56490371e-06  1.56490371e-06  1.79990286e+00 
 1.56510371e-06  1.56510371e-06  1.56510371e-06  1.79990283e+00 
 1.56530371e-06  1.56530371e-06  1.56530371e-06  1.79990286e+00 
 1.56550371e-06  1.56550371e-06  1.56550371e-06  1.79990283e+00 
 1.56570371e-06  1.56570371e-06  1.56570371e-06  1.79990286e+00 
 1.56590371e-06  1.56590371e-06  1.56590371e-06  1.79990283e+00 
 1.56610371e-06  1.56610371e-06  1.56610371e-06  1.79990286e+00 
 1.56630371e-06  1.56630371e-06  1.56630371e-06  1.79990283e+00 
 1.56650371e-06  1.56650371e-06  1.56650371e-06  1.79990286e+00 
 1.56670371e-06  1.56670371e-06  1.56670371e-06  1.79990283e+00 
 1.56690371e-06  1.56690371e-06  1.56690371e-06  1.79990286e+00 
 1.56710371e-06  1.56710371e-06  1.56710371e-06  1.79990283e+00 
 1.56730371e-06  1.56730371e-06  1.56730371e-06  1.79990286e+00 
 1.56750371e-06  1.56750371e-06  1.56750371e-06  1.79990283e+00 
 1.56770371e-06  1.56770371e-06  1.56770371e-06  1.79990286e+00 
 1.56790371e-06  1.56790371e-06  1.56790371e-06  1.79990283e+00 
 1.56810371e-06  1.56810371e-06  1.56810371e-06  1.79990286e+00 
 1.56830371e-06  1.56830371e-06  1.56830371e-06  1.79990283e+00 
 1.56850371e-06  1.56850371e-06  1.56850371e-06  1.79990286e+00 
 1.56870371e-06  1.56870371e-06  1.56870371e-06  1.79990283e+00 
 1.56890371e-06  1.56890371e-06  1.56890371e-06  1.79990286e+00 
 1.56910371e-06  1.56910371e-06  1.56910371e-06  1.79990283e+00 
 1.56930371e-06  1.56930371e-06  1.56930371e-06  1.79990286e+00 
 1.56950371e-06  1.56950371e-06  1.56950371e-06  1.79990283e+00 
 1.56970371e-06  1.56970371e-06  1.56970371e-06  1.79990286e+00 
 1.56990371e-06  1.56990371e-06  1.56990371e-06  1.79990283e+00 
 1.57010371e-06  1.57010371e-06  1.57010371e-06  1.79990286e+00 
 1.57030371e-06  1.57030371e-06  1.57030371e-06  1.79990283e+00 
 1.57050371e-06  1.57050371e-06  1.57050371e-06  1.79990286e+00 
 1.57070371e-06  1.57070371e-06  1.57070371e-06  1.79990283e+00 
 1.57090371e-06  1.57090371e-06  1.57090371e-06  1.79990286e+00 
 1.57110371e-06  1.57110371e-06  1.57110371e-06  1.79990283e+00 
 1.57130371e-06  1.57130371e-06  1.57130371e-06  1.79990286e+00 
 1.57150371e-06  1.57150371e-06  1.57150371e-06  1.79990283e+00 
 1.57170371e-06  1.57170371e-06  1.57170371e-06  1.79990286e+00 
 1.57190371e-06  1.57190371e-06  1.57190371e-06  1.79990283e+00 
 1.57210371e-06  1.57210371e-06  1.57210371e-06  1.79990286e+00 
 1.57230371e-06  1.57230371e-06  1.57230371e-06  1.79990283e+00 
 1.57250371e-06  1.57250371e-06  1.57250371e-06  1.79990286e+00 
 1.57270371e-06  1.57270371e-06  1.57270371e-06  1.79990283e+00 
 1.57290371e-06  1.57290371e-06  1.57290371e-06  1.79990286e+00 
 1.57310371e-06  1.57310371e-06  1.57310371e-06  1.79990283e+00 
 1.57330371e-06  1.57330371e-06  1.57330371e-06  1.79990286e+00 
 1.57350371e-06  1.57350371e-06  1.57350371e-06  1.79990283e+00 
 1.57370371e-06  1.57370371e-06  1.57370371e-06  1.79990286e+00 
 1.57390371e-06  1.57390371e-06  1.57390371e-06  1.79990283e+00 
 1.57410371e-06  1.57410371e-06  1.57410371e-06  1.79990286e+00 
 1.57430371e-06  1.57430371e-06  1.57430371e-06  1.79990283e+00 
 1.57450371e-06  1.57450371e-06  1.57450371e-06  1.79990286e+00 
 1.57470371e-06  1.57470371e-06  1.57470371e-06  1.79990283e+00 
 1.57490371e-06  1.57490371e-06  1.57490371e-06  1.79990286e+00 
 1.57510371e-06  1.57510371e-06  1.57510371e-06  1.79990283e+00 
 1.57530371e-06  1.57530371e-06  1.57530371e-06  1.79990286e+00 
 1.57550371e-06  1.57550371e-06  1.57550371e-06  1.79990283e+00 
 1.57570371e-06  1.57570371e-06  1.57570371e-06  1.79990286e+00 
 1.57590371e-06  1.57590371e-06  1.57590371e-06  1.79990283e+00 
 1.57610371e-06  1.57610371e-06  1.57610371e-06  1.79990286e+00 
 1.57630371e-06  1.57630371e-06  1.57630371e-06  1.79990283e+00 
 1.57650371e-06  1.57650371e-06  1.57650371e-06  1.79990286e+00 
 1.57670371e-06  1.57670371e-06  1.57670371e-06  1.79990283e+00 
 1.57690371e-06  1.57690371e-06  1.57690371e-06  1.79990286e+00 
 1.57710371e-06  1.57710371e-06  1.57710371e-06  1.79990283e+00 
 1.57730371e-06  1.57730371e-06  1.57730371e-06  1.79990286e+00 
 1.57750371e-06  1.57750371e-06  1.57750371e-06  1.79990283e+00 
 1.57770371e-06  1.57770371e-06  1.57770371e-06  1.79990286e+00 
 1.57790371e-06  1.57790371e-06  1.57790371e-06  1.79990283e+00 
 1.57810371e-06  1.57810371e-06  1.57810371e-06  1.79990286e+00 
 1.57830371e-06  1.57830371e-06  1.57830371e-06  1.79990283e+00 
 1.57850371e-06  1.57850371e-06  1.57850371e-06  1.79990286e+00 
 1.57870371e-06  1.57870371e-06  1.57870371e-06  1.79990283e+00 
 1.57890371e-06  1.57890371e-06  1.57890371e-06  1.79990286e+00 
 1.57910371e-06  1.57910371e-06  1.57910371e-06  1.79990283e+00 
 1.57930371e-06  1.57930371e-06  1.57930371e-06  1.79990286e+00 
 1.57950371e-06  1.57950371e-06  1.57950371e-06  1.79990283e+00 
 1.57970371e-06  1.57970371e-06  1.57970371e-06  1.79990286e+00 
 1.57990371e-06  1.57990371e-06  1.57990371e-06  1.79990283e+00 
 1.58010371e-06  1.58010371e-06  1.58010371e-06  1.79990286e+00 
 1.58030371e-06  1.58030371e-06  1.58030371e-06  1.79990283e+00 
 1.58050371e-06  1.58050371e-06  1.58050371e-06  1.79990286e+00 
 1.58070371e-06  1.58070371e-06  1.58070371e-06  1.79990283e+00 
 1.58090371e-06  1.58090371e-06  1.58090371e-06  1.79990286e+00 
 1.58110371e-06  1.58110371e-06  1.58110371e-06  1.79990283e+00 
 1.58130371e-06  1.58130371e-06  1.58130371e-06  1.79990286e+00 
 1.58150371e-06  1.58150371e-06  1.58150371e-06  1.79990283e+00 
 1.58170371e-06  1.58170371e-06  1.58170371e-06  1.79990286e+00 
 1.58190371e-06  1.58190371e-06  1.58190371e-06  1.79990283e+00 
 1.58210371e-06  1.58210371e-06  1.58210371e-06  1.79990286e+00 
 1.58230371e-06  1.58230371e-06  1.58230371e-06  1.79990283e+00 
 1.58250371e-06  1.58250371e-06  1.58250371e-06  1.79990286e+00 
 1.58270371e-06  1.58270371e-06  1.58270371e-06  1.79990283e+00 
 1.58290371e-06  1.58290371e-06  1.58290371e-06  1.79990286e+00 
 1.58310371e-06  1.58310371e-06  1.58310371e-06  1.79990283e+00 
 1.58330371e-06  1.58330371e-06  1.58330371e-06  1.79990286e+00 
 1.58350371e-06  1.58350371e-06  1.58350371e-06  1.79990283e+00 
 1.58370371e-06  1.58370371e-06  1.58370371e-06  1.79990286e+00 
 1.58390371e-06  1.58390371e-06  1.58390371e-06  1.79990283e+00 
 1.58410371e-06  1.58410371e-06  1.58410371e-06  1.79990286e+00 
 1.58430371e-06  1.58430371e-06  1.58430371e-06  1.79990283e+00 
 1.58450371e-06  1.58450371e-06  1.58450371e-06  1.79990286e+00 
 1.58470371e-06  1.58470371e-06  1.58470371e-06  1.79990283e+00 
 1.58490371e-06  1.58490371e-06  1.58490371e-06  1.79990286e+00 
 1.58510371e-06  1.58510371e-06  1.58510371e-06  1.79990283e+00 
 1.58530371e-06  1.58530371e-06  1.58530371e-06  1.79990286e+00 
 1.58550371e-06  1.58550371e-06  1.58550371e-06  1.79990283e+00 
 1.58570371e-06  1.58570371e-06  1.58570371e-06  1.79990286e+00 
 1.58590371e-06  1.58590371e-06  1.58590371e-06  1.79990283e+00 
 1.58610371e-06  1.58610371e-06  1.58610371e-06  1.79990286e+00 
 1.58630371e-06  1.58630371e-06  1.58630371e-06  1.79990283e+00 
 1.58650371e-06  1.58650371e-06  1.58650371e-06  1.79990286e+00 
 1.58670371e-06  1.58670371e-06  1.58670371e-06  1.79990283e+00 
 1.58690371e-06  1.58690371e-06  1.58690371e-06  1.79990286e+00 
 1.58710371e-06  1.58710371e-06  1.58710371e-06  1.79990283e+00 
 1.58730371e-06  1.58730371e-06  1.58730371e-06  1.79990286e+00 
 1.58750371e-06  1.58750371e-06  1.58750371e-06  1.79990283e+00 
 1.58770371e-06  1.58770371e-06  1.58770371e-06  1.79990286e+00 
 1.58790371e-06  1.58790371e-06  1.58790371e-06  1.79990283e+00 
 1.58810371e-06  1.58810371e-06  1.58810371e-06  1.79990286e+00 
 1.58830371e-06  1.58830371e-06  1.58830371e-06  1.79990283e+00 
 1.58850371e-06  1.58850371e-06  1.58850371e-06  1.79990286e+00 
 1.58870371e-06  1.58870371e-06  1.58870371e-06  1.79990283e+00 
 1.58890371e-06  1.58890371e-06  1.58890371e-06  1.79990286e+00 
 1.58910371e-06  1.58910371e-06  1.58910371e-06  1.79990283e+00 
 1.58930371e-06  1.58930371e-06  1.58930371e-06  1.79990286e+00 
 1.58950371e-06  1.58950371e-06  1.58950371e-06  1.79990283e+00 
 1.58970371e-06  1.58970371e-06  1.58970371e-06  1.79990286e+00 
 1.58990371e-06  1.58990371e-06  1.58990371e-06  1.79990283e+00 
 1.59010371e-06  1.59010371e-06  1.59010371e-06  1.79990286e+00 
 1.59030371e-06  1.59030371e-06  1.59030371e-06  1.79990283e+00 
 1.59050371e-06  1.59050371e-06  1.59050371e-06  1.79990286e+00 
 1.59070371e-06  1.59070371e-06  1.59070371e-06  1.79990283e+00 
 1.59090371e-06  1.59090371e-06  1.59090371e-06  1.79990286e+00 
 1.59110371e-06  1.59110371e-06  1.59110371e-06  1.79990283e+00 
 1.59130371e-06  1.59130371e-06  1.59130371e-06  1.79990286e+00 
 1.59150371e-06  1.59150371e-06  1.59150371e-06  1.79990283e+00 
 1.59170371e-06  1.59170371e-06  1.59170371e-06  1.79990286e+00 
 1.59190371e-06  1.59190371e-06  1.59190371e-06  1.79990283e+00 
 1.59210371e-06  1.59210371e-06  1.59210371e-06  1.79990286e+00 
 1.59230371e-06  1.59230371e-06  1.59230371e-06  1.79990283e+00 
 1.59250371e-06  1.59250371e-06  1.59250371e-06  1.79990286e+00 
 1.59270371e-06  1.59270371e-06  1.59270371e-06  1.79990283e+00 
 1.59290371e-06  1.59290371e-06  1.59290371e-06  1.79990286e+00 
 1.59310371e-06  1.59310371e-06  1.59310371e-06  1.79990283e+00 
 1.59330371e-06  1.59330371e-06  1.59330371e-06  1.79990286e+00 
 1.59350371e-06  1.59350371e-06  1.59350371e-06  1.79990283e+00 
 1.59370371e-06  1.59370371e-06  1.59370371e-06  1.79990286e+00 
 1.59390371e-06  1.59390371e-06  1.59390371e-06  1.79990283e+00 
 1.59410371e-06  1.59410371e-06  1.59410371e-06  1.79990286e+00 
 1.59430371e-06  1.59430371e-06  1.59430371e-06  1.79990283e+00 
 1.59450371e-06  1.59450371e-06  1.59450371e-06  1.79990286e+00 
 1.59470371e-06  1.59470371e-06  1.59470371e-06  1.79990283e+00 
 1.59490371e-06  1.59490371e-06  1.59490371e-06  1.79990286e+00 
 1.59510371e-06  1.59510371e-06  1.59510371e-06  1.79990283e+00 
 1.59530371e-06  1.59530371e-06  1.59530371e-06  1.79990286e+00 
 1.59550371e-06  1.59550371e-06  1.59550371e-06  1.79990283e+00 
 1.59570371e-06  1.59570371e-06  1.59570371e-06  1.79990286e+00 
 1.59590371e-06  1.59590371e-06  1.59590371e-06  1.79990283e+00 
 1.59610371e-06  1.59610371e-06  1.59610371e-06  1.79990286e+00 
 1.59630371e-06  1.59630371e-06  1.59630371e-06  1.79990283e+00 
 1.59650371e-06  1.59650371e-06  1.59650371e-06  1.79990286e+00 
 1.59670371e-06  1.59670371e-06  1.59670371e-06  1.79990283e+00 
 1.59690371e-06  1.59690371e-06  1.59690371e-06  1.79990286e+00 
 1.59710371e-06  1.59710371e-06  1.59710371e-06  1.79990283e+00 
 1.59730371e-06  1.59730371e-06  1.59730371e-06  1.79990286e+00 
 1.59750371e-06  1.59750371e-06  1.59750371e-06  1.79990283e+00 
 1.59770371e-06  1.59770371e-06  1.59770371e-06  1.79990286e+00 
 1.59790371e-06  1.59790371e-06  1.59790371e-06  1.79990283e+00 
 1.59810371e-06  1.59810371e-06  1.59810371e-06  1.79990286e+00 
 1.59830371e-06  1.59830371e-06  1.59830371e-06  1.79990283e+00 
 1.59850371e-06  1.59850371e-06  1.59850371e-06  1.79990286e+00 
 1.59870371e-06  1.59870371e-06  1.59870371e-06  1.79990283e+00 
 1.59890371e-06  1.59890371e-06  1.59890371e-06  1.79990286e+00 
 1.59910371e-06  1.59910371e-06  1.59910371e-06  1.79990283e+00 
 1.59930371e-06  1.59930371e-06  1.59930371e-06  1.79990286e+00 
 1.59950371e-06  1.59950371e-06  1.59950371e-06  1.79990283e+00 
 1.59970371e-06  1.59970371e-06  1.59970371e-06  1.79990286e+00 
 1.59990371e-06  1.59990371e-06  1.59990371e-06  1.79990283e+00 
 1.60010371e-06  1.60010371e-06  1.60010371e-06  1.79990286e+00 
 1.60030371e-06  1.60030371e-06  1.60030371e-06  1.79990283e+00 
 1.60050371e-06  1.60050371e-06  1.60050371e-06  1.79990286e+00 
 1.60070371e-06  1.60070371e-06  1.60070371e-06  1.79990283e+00 
 1.60090371e-06  1.60090371e-06  1.60090371e-06  1.79990286e+00 
 1.60110371e-06  1.60110371e-06  1.60110371e-06  1.79990283e+00 
 1.60130371e-06  1.60130371e-06  1.60130371e-06  1.79990286e+00 
 1.60150371e-06  1.60150371e-06  1.60150371e-06  1.79990283e+00 
 1.60170371e-06  1.60170371e-06  1.60170371e-06  1.79990285e+00 
 1.60190371e-06  1.60190371e-06  1.60190371e-06  1.79990283e+00 
 1.60210371e-06  1.60210371e-06  1.60210371e-06  1.79990285e+00 
 1.60230371e-06  1.60230371e-06  1.60230371e-06  1.79990283e+00 
 1.60250371e-06  1.60250371e-06  1.60250371e-06  1.79990285e+00 
 1.60270371e-06  1.60270371e-06  1.60270371e-06  1.79990283e+00 
 1.60290371e-06  1.60290371e-06  1.60290371e-06  1.79990285e+00 
 1.60310371e-06  1.60310371e-06  1.60310371e-06  1.79990283e+00 
 1.60330371e-06  1.60330371e-06  1.60330371e-06  1.79990285e+00 
 1.60350371e-06  1.60350371e-06  1.60350371e-06  1.79990283e+00 
 1.60370371e-06  1.60370371e-06  1.60370371e-06  1.79990285e+00 
 1.60390371e-06  1.60390371e-06  1.60390371e-06  1.79990283e+00 
 1.60410371e-06  1.60410371e-06  1.60410371e-06  1.79990285e+00 
 1.60430371e-06  1.60430371e-06  1.60430371e-06  1.79990283e+00 
 1.60450371e-06  1.60450371e-06  1.60450371e-06  1.79990285e+00 
 1.60470371e-06  1.60470371e-06  1.60470371e-06  1.79990283e+00 
 1.60490371e-06  1.60490371e-06  1.60490371e-06  1.79990285e+00 
 1.60510371e-06  1.60510371e-06  1.60510371e-06  1.79990283e+00 
 1.60530371e-06  1.60530371e-06  1.60530371e-06  1.79990285e+00 
 1.60550371e-06  1.60550371e-06  1.60550371e-06  1.79990283e+00 
 1.60570371e-06  1.60570371e-06  1.60570371e-06  1.79990285e+00 
 1.60590371e-06  1.60590371e-06  1.60590371e-06  1.79990283e+00 
 1.60610371e-06  1.60610371e-06  1.60610371e-06  1.79990285e+00 
 1.60630371e-06  1.60630371e-06  1.60630371e-06  1.79990283e+00 
 1.60650371e-06  1.60650371e-06  1.60650371e-06  1.79990285e+00 
 1.60670371e-06  1.60670371e-06  1.60670371e-06  1.79990283e+00 
 1.60690371e-06  1.60690371e-06  1.60690371e-06  1.79990285e+00 
 1.60710371e-06  1.60710371e-06  1.60710371e-06  1.79990283e+00 
 1.60730371e-06  1.60730371e-06  1.60730371e-06  1.79990285e+00 
 1.60750371e-06  1.60750371e-06  1.60750371e-06  1.79990283e+00 
 1.60770371e-06  1.60770371e-06  1.60770371e-06  1.79990285e+00 
 1.60790371e-06  1.60790371e-06  1.60790371e-06  1.79990283e+00 
 1.60810371e-06  1.60810371e-06  1.60810371e-06  1.79990285e+00 
 1.60830371e-06  1.60830371e-06  1.60830371e-06  1.79990283e+00 
 1.60850371e-06  1.60850371e-06  1.60850371e-06  1.79990285e+00 
 1.60870371e-06  1.60870371e-06  1.60870371e-06  1.79990283e+00 
 1.60890371e-06  1.60890371e-06  1.60890371e-06  1.79990285e+00 
 1.60910371e-06  1.60910371e-06  1.60910371e-06  1.79990283e+00 
 1.60930371e-06  1.60930371e-06  1.60930371e-06  1.79990285e+00 
 1.60950371e-06  1.60950371e-06  1.60950371e-06  1.79990283e+00 
 1.60970371e-06  1.60970371e-06  1.60970371e-06  1.79990285e+00 
 1.60990371e-06  1.60990371e-06  1.60990371e-06  1.79990283e+00 
 1.61010371e-06  1.61010371e-06  1.61010371e-06  1.79990285e+00 
 1.61030371e-06  1.61030371e-06  1.61030371e-06  1.79990283e+00 
 1.61050371e-06  1.61050371e-06  1.61050371e-06  1.79990285e+00 
 1.61070371e-06  1.61070371e-06  1.61070371e-06  1.79990283e+00 
 1.61090371e-06  1.61090371e-06  1.61090371e-06  1.79990285e+00 
 1.61110371e-06  1.61110371e-06  1.61110371e-06  1.79990283e+00 
 1.61130371e-06  1.61130371e-06  1.61130371e-06  1.79990285e+00 
 1.61150371e-06  1.61150371e-06  1.61150371e-06  1.79990283e+00 
 1.61170371e-06  1.61170371e-06  1.61170371e-06  1.79990285e+00 
 1.61190371e-06  1.61190371e-06  1.61190371e-06  1.79990283e+00 
 1.61210371e-06  1.61210371e-06  1.61210371e-06  1.79990285e+00 
 1.61230371e-06  1.61230371e-06  1.61230371e-06  1.79990283e+00 
 1.61250371e-06  1.61250371e-06  1.61250371e-06  1.79990285e+00 
 1.61270371e-06  1.61270371e-06  1.61270371e-06  1.79990283e+00 
 1.61290371e-06  1.61290371e-06  1.61290371e-06  1.79990285e+00 
 1.61310371e-06  1.61310371e-06  1.61310371e-06  1.79990283e+00 
 1.61330371e-06  1.61330371e-06  1.61330371e-06  1.79990285e+00 
 1.61350371e-06  1.61350371e-06  1.61350371e-06  1.79990283e+00 
 1.61370371e-06  1.61370371e-06  1.61370371e-06  1.79990285e+00 
 1.61390371e-06  1.61390371e-06  1.61390371e-06  1.79990283e+00 
 1.61410371e-06  1.61410371e-06  1.61410371e-06  1.79990285e+00 
 1.61430371e-06  1.61430371e-06  1.61430371e-06  1.79990283e+00 
 1.61450371e-06  1.61450371e-06  1.61450371e-06  1.79990285e+00 
 1.61470371e-06  1.61470371e-06  1.61470371e-06  1.79990283e+00 
 1.61490371e-06  1.61490371e-06  1.61490371e-06  1.79990285e+00 
 1.61510371e-06  1.61510371e-06  1.61510371e-06  1.79990283e+00 
 1.61530371e-06  1.61530371e-06  1.61530371e-06  1.79990285e+00 
 1.61550371e-06  1.61550371e-06  1.61550371e-06  1.79990283e+00 
 1.61570371e-06  1.61570371e-06  1.61570371e-06  1.79990285e+00 
 1.61590371e-06  1.61590371e-06  1.61590371e-06  1.79990283e+00 
 1.61610371e-06  1.61610371e-06  1.61610371e-06  1.79990285e+00 
 1.61630371e-06  1.61630371e-06  1.61630371e-06  1.79990283e+00 
 1.61650371e-06  1.61650371e-06  1.61650371e-06  1.79990285e+00 
 1.61670371e-06  1.61670371e-06  1.61670371e-06  1.79990283e+00 
 1.61690371e-06  1.61690371e-06  1.61690371e-06  1.79990285e+00 
 1.61710371e-06  1.61710371e-06  1.61710371e-06  1.79990283e+00 
 1.61730371e-06  1.61730371e-06  1.61730371e-06  1.79990285e+00 
 1.61750371e-06  1.61750371e-06  1.61750371e-06  1.79990283e+00 
 1.61770371e-06  1.61770371e-06  1.61770371e-06  1.79990285e+00 
 1.61790371e-06  1.61790371e-06  1.61790371e-06  1.79990283e+00 
 1.61810371e-06  1.61810371e-06  1.61810371e-06  1.79990285e+00 
 1.61830371e-06  1.61830371e-06  1.61830371e-06  1.79990283e+00 
 1.61850371e-06  1.61850371e-06  1.61850371e-06  1.79990285e+00 
 1.61870371e-06  1.61870371e-06  1.61870371e-06  1.79990283e+00 
 1.61890371e-06  1.61890371e-06  1.61890371e-06  1.79990285e+00 
 1.61910371e-06  1.61910371e-06  1.61910371e-06  1.79990283e+00 
 1.61930371e-06  1.61930371e-06  1.61930371e-06  1.79990285e+00 
 1.61950371e-06  1.61950371e-06  1.61950371e-06  1.79990283e+00 
 1.61970371e-06  1.61970371e-06  1.61970371e-06  1.79990285e+00 
 1.61990371e-06  1.61990371e-06  1.61990371e-06  1.79990283e+00 
 1.62010371e-06  1.62010371e-06  1.62010371e-06  1.79990285e+00 
 1.62030371e-06  1.62030371e-06  1.62030371e-06  1.79990283e+00 
 1.62050371e-06  1.62050371e-06  1.62050371e-06  1.79990285e+00 
 1.62070371e-06  1.62070371e-06  1.62070371e-06  1.79990283e+00 
 1.62090371e-06  1.62090371e-06  1.62090371e-06  1.79990285e+00 
 1.62110371e-06  1.62110371e-06  1.62110371e-06  1.79990283e+00 
 1.62130371e-06  1.62130371e-06  1.62130371e-06  1.79990285e+00 
 1.62150371e-06  1.62150371e-06  1.62150371e-06  1.79990283e+00 
 1.62170371e-06  1.62170371e-06  1.62170371e-06  1.79990285e+00 
 1.62190371e-06  1.62190371e-06  1.62190371e-06  1.79990283e+00 
 1.62210371e-06  1.62210371e-06  1.62210371e-06  1.79990285e+00 
 1.62230371e-06  1.62230371e-06  1.62230371e-06  1.79990283e+00 
 1.62250371e-06  1.62250371e-06  1.62250371e-06  1.79990285e+00 
 1.62270371e-06  1.62270371e-06  1.62270371e-06  1.79990283e+00 
 1.62290371e-06  1.62290371e-06  1.62290371e-06  1.79990285e+00 
 1.62310371e-06  1.62310371e-06  1.62310371e-06  1.79990283e+00 
 1.62330371e-06  1.62330371e-06  1.62330371e-06  1.79990285e+00 
 1.62350371e-06  1.62350371e-06  1.62350371e-06  1.79990283e+00 
 1.62370371e-06  1.62370371e-06  1.62370371e-06  1.79990285e+00 
 1.62390371e-06  1.62390371e-06  1.62390371e-06  1.79990283e+00 
 1.62410371e-06  1.62410371e-06  1.62410371e-06  1.79990285e+00 
 1.62430371e-06  1.62430371e-06  1.62430371e-06  1.79990283e+00 
 1.62450371e-06  1.62450371e-06  1.62450371e-06  1.79990285e+00 
 1.62470371e-06  1.62470371e-06  1.62470371e-06  1.79990283e+00 
 1.62490371e-06  1.62490371e-06  1.62490371e-06  1.79990285e+00 
 1.62510371e-06  1.62510371e-06  1.62510371e-06  1.79990283e+00 
 1.62530371e-06  1.62530371e-06  1.62530371e-06  1.79990285e+00 
 1.62550371e-06  1.62550371e-06  1.62550371e-06  1.79990283e+00 
 1.62570371e-06  1.62570371e-06  1.62570371e-06  1.79990285e+00 
 1.62590371e-06  1.62590371e-06  1.62590371e-06  1.79990283e+00 
 1.62610371e-06  1.62610371e-06  1.62610371e-06  1.79990285e+00 
 1.62630371e-06  1.62630371e-06  1.62630371e-06  1.79990283e+00 
 1.62650371e-06  1.62650371e-06  1.62650371e-06  1.79990285e+00 
 1.62670371e-06  1.62670371e-06  1.62670371e-06  1.79990283e+00 
 1.62690371e-06  1.62690371e-06  1.62690371e-06  1.79990285e+00 
 1.62710371e-06  1.62710371e-06  1.62710371e-06  1.79990283e+00 
 1.62730371e-06  1.62730371e-06  1.62730371e-06  1.79990285e+00 
 1.62750371e-06  1.62750371e-06  1.62750371e-06  1.79990283e+00 
 1.62770371e-06  1.62770371e-06  1.62770371e-06  1.79990285e+00 
 1.62790371e-06  1.62790371e-06  1.62790371e-06  1.79990283e+00 
 1.62810371e-06  1.62810371e-06  1.62810371e-06  1.79990285e+00 
 1.62830371e-06  1.62830371e-06  1.62830371e-06  1.79990283e+00 
 1.62850371e-06  1.62850371e-06  1.62850371e-06  1.79990285e+00 
 1.62870371e-06  1.62870371e-06  1.62870371e-06  1.79990283e+00 
 1.62890371e-06  1.62890371e-06  1.62890371e-06  1.79990285e+00 
 1.62910371e-06  1.62910371e-06  1.62910371e-06  1.79990283e+00 
 1.62930371e-06  1.62930371e-06  1.62930371e-06  1.79990285e+00 
 1.62950371e-06  1.62950371e-06  1.62950371e-06  1.79990283e+00 
 1.62970371e-06  1.62970371e-06  1.62970371e-06  1.79990285e+00 
 1.62990371e-06  1.62990371e-06  1.62990371e-06  1.79990283e+00 
 1.63010371e-06  1.63010371e-06  1.63010371e-06  1.79990285e+00 
 1.63030371e-06  1.63030371e-06  1.63030371e-06  1.79990283e+00 
 1.63050371e-06  1.63050371e-06  1.63050371e-06  1.79990285e+00 
 1.63070371e-06  1.63070371e-06  1.63070371e-06  1.79990283e+00 
 1.63090371e-06  1.63090371e-06  1.63090371e-06  1.79990285e+00 
 1.63110371e-06  1.63110371e-06  1.63110371e-06  1.79990283e+00 
 1.63130371e-06  1.63130371e-06  1.63130371e-06  1.79990285e+00 
 1.63150371e-06  1.63150371e-06  1.63150371e-06  1.79990283e+00 
 1.63170371e-06  1.63170371e-06  1.63170371e-06  1.79990285e+00 
 1.63190371e-06  1.63190371e-06  1.63190371e-06  1.79990283e+00 
 1.63210371e-06  1.63210371e-06  1.63210371e-06  1.79990285e+00 
 1.63230371e-06  1.63230371e-06  1.63230371e-06  1.79990283e+00 
 1.63250371e-06  1.63250371e-06  1.63250371e-06  1.79990285e+00 
 1.63270371e-06  1.63270371e-06  1.63270371e-06  1.79990283e+00 
 1.63290371e-06  1.63290371e-06  1.63290371e-06  1.79990285e+00 
 1.63310371e-06  1.63310371e-06  1.63310371e-06  1.79990283e+00 
 1.63330371e-06  1.63330371e-06  1.63330371e-06  1.79990285e+00 
 1.63350371e-06  1.63350371e-06  1.63350371e-06  1.79990283e+00 
 1.63370371e-06  1.63370371e-06  1.63370371e-06  1.79990285e+00 
 1.63390371e-06  1.63390371e-06  1.63390371e-06  1.79990283e+00 
 1.63410371e-06  1.63410371e-06  1.63410371e-06  1.79990285e+00 
 1.63430371e-06  1.63430371e-06  1.63430371e-06  1.79990283e+00 
 1.63450371e-06  1.63450371e-06  1.63450371e-06  1.79990285e+00 
 1.63470371e-06  1.63470371e-06  1.63470371e-06  1.79990283e+00 
 1.63490371e-06  1.63490371e-06  1.63490371e-06  1.79990285e+00 
 1.63510371e-06  1.63510371e-06  1.63510371e-06  1.79990283e+00 
 1.63530371e-06  1.63530371e-06  1.63530371e-06  1.79990285e+00 
 1.63550371e-06  1.63550371e-06  1.63550371e-06  1.79990283e+00 
 1.63570371e-06  1.63570371e-06  1.63570371e-06  1.79990285e+00 
 1.63590371e-06  1.63590371e-06  1.63590371e-06  1.79990283e+00 
 1.63610371e-06  1.63610371e-06  1.63610371e-06  1.79990285e+00 
 1.63630371e-06  1.63630371e-06  1.63630371e-06  1.79990283e+00 
 1.63650371e-06  1.63650371e-06  1.63650371e-06  1.79990285e+00 
 1.63670371e-06  1.63670371e-06  1.63670371e-06  1.79990283e+00 
 1.63690371e-06  1.63690371e-06  1.63690371e-06  1.79990285e+00 
 1.63710371e-06  1.63710371e-06  1.63710371e-06  1.79990283e+00 
 1.63730371e-06  1.63730371e-06  1.63730371e-06  1.79990285e+00 
 1.63750371e-06  1.63750371e-06  1.63750371e-06  1.79990283e+00 
 1.63770371e-06  1.63770371e-06  1.63770371e-06  1.79990285e+00 
 1.63790371e-06  1.63790371e-06  1.63790371e-06  1.79990283e+00 
 1.63810371e-06  1.63810371e-06  1.63810371e-06  1.79990285e+00 
 1.63830371e-06  1.63830371e-06  1.63830371e-06  1.79990283e+00 
 1.63850371e-06  1.63850371e-06  1.63850371e-06  1.79990285e+00 
 1.63870371e-06  1.63870371e-06  1.63870371e-06  1.79990283e+00 
 1.63890371e-06  1.63890371e-06  1.63890371e-06  1.79990285e+00 
 1.63910371e-06  1.63910371e-06  1.63910371e-06  1.79990283e+00 
 1.63930371e-06  1.63930371e-06  1.63930371e-06  1.79990285e+00 
 1.63950371e-06  1.63950371e-06  1.63950371e-06  1.79990283e+00 
 1.63970371e-06  1.63970371e-06  1.63970371e-06  1.79990285e+00 
 1.63990371e-06  1.63990371e-06  1.63990371e-06  1.79990283e+00 
 1.64010371e-06  1.64010371e-06  1.64010371e-06  1.79990285e+00 
 1.64030371e-06  1.64030371e-06  1.64030371e-06  1.79990283e+00 
 1.64050371e-06  1.64050371e-06  1.64050371e-06  1.79990285e+00 
 1.64070371e-06  1.64070371e-06  1.64070371e-06  1.79990283e+00 
 1.64090371e-06  1.64090371e-06  1.64090371e-06  1.79990285e+00 
 1.64110371e-06  1.64110371e-06  1.64110371e-06  1.79990283e+00 
 1.64130371e-06  1.64130371e-06  1.64130371e-06  1.79990285e+00 
 1.64150371e-06  1.64150371e-06  1.64150371e-06  1.79990283e+00 
 1.64170371e-06  1.64170371e-06  1.64170371e-06  1.79990285e+00 
 1.64190371e-06  1.64190371e-06  1.64190371e-06  1.79990283e+00 
 1.64210371e-06  1.64210371e-06  1.64210371e-06  1.79990285e+00 
 1.64230371e-06  1.64230371e-06  1.64230371e-06  1.79990283e+00 
 1.64250371e-06  1.64250371e-06  1.64250371e-06  1.79990285e+00 
 1.64270371e-06  1.64270371e-06  1.64270371e-06  1.79990283e+00 
 1.64290371e-06  1.64290371e-06  1.64290371e-06  1.79990285e+00 
 1.64310371e-06  1.64310371e-06  1.64310371e-06  1.79990283e+00 
 1.64330371e-06  1.64330371e-06  1.64330371e-06  1.79990285e+00 
 1.64350371e-06  1.64350371e-06  1.64350371e-06  1.79990283e+00 
 1.64370371e-06  1.64370371e-06  1.64370371e-06  1.79990285e+00 
 1.64390371e-06  1.64390371e-06  1.64390371e-06  1.79990283e+00 
 1.64410371e-06  1.64410371e-06  1.64410371e-06  1.79990285e+00 
 1.64430371e-06  1.64430371e-06  1.64430371e-06  1.79990283e+00 
 1.64450371e-06  1.64450371e-06  1.64450371e-06  1.79990285e+00 
 1.64470371e-06  1.64470371e-06  1.64470371e-06  1.79990283e+00 
 1.64490371e-06  1.64490371e-06  1.64490371e-06  1.79990285e+00 
 1.64510371e-06  1.64510371e-06  1.64510371e-06  1.79990283e+00 
 1.64530371e-06  1.64530371e-06  1.64530371e-06  1.79990285e+00 
 1.64550371e-06  1.64550371e-06  1.64550371e-06  1.79990283e+00 
 1.64570371e-06  1.64570371e-06  1.64570371e-06  1.79990285e+00 
 1.64590371e-06  1.64590371e-06  1.64590371e-06  1.79990283e+00 
 1.64610371e-06  1.64610371e-06  1.64610371e-06  1.79990285e+00 
 1.64630371e-06  1.64630371e-06  1.64630371e-06  1.79990283e+00 
 1.64650371e-06  1.64650371e-06  1.64650371e-06  1.79990285e+00 
 1.64670371e-06  1.64670371e-06  1.64670371e-06  1.79990283e+00 
 1.64690371e-06  1.64690371e-06  1.64690371e-06  1.79990285e+00 
 1.64710371e-06  1.64710371e-06  1.64710371e-06  1.79990283e+00 
 1.64730371e-06  1.64730371e-06  1.64730371e-06  1.79990285e+00 
 1.64750371e-06  1.64750371e-06  1.64750371e-06  1.79990283e+00 
 1.64770371e-06  1.64770371e-06  1.64770371e-06  1.79990285e+00 
 1.64790371e-06  1.64790371e-06  1.64790371e-06  1.79990283e+00 
 1.64810371e-06  1.64810371e-06  1.64810371e-06  1.79990285e+00 
 1.64830371e-06  1.64830371e-06  1.64830371e-06  1.79990283e+00 
 1.64850371e-06  1.64850371e-06  1.64850371e-06  1.79990285e+00 
 1.64870371e-06  1.64870371e-06  1.64870371e-06  1.79990283e+00 
 1.64890371e-06  1.64890371e-06  1.64890371e-06  1.79990285e+00 
 1.64910371e-06  1.64910371e-06  1.64910371e-06  1.79990283e+00 
 1.64930371e-06  1.64930371e-06  1.64930371e-06  1.79990285e+00 
 1.64950371e-06  1.64950371e-06  1.64950371e-06  1.79990283e+00 
 1.64970371e-06  1.64970371e-06  1.64970371e-06  1.79990285e+00 
 1.64990371e-06  1.64990371e-06  1.64990371e-06  1.79990283e+00 
 1.65010371e-06  1.65010371e-06  1.65010371e-06  1.79990285e+00 
 1.65030371e-06  1.65030371e-06  1.65030371e-06  1.79990283e+00 
 1.65050371e-06  1.65050371e-06  1.65050371e-06  1.79990285e+00 
 1.65070371e-06  1.65070371e-06  1.65070371e-06  1.79990283e+00 
 1.65090371e-06  1.65090371e-06  1.65090371e-06  1.79990285e+00 
 1.65110371e-06  1.65110371e-06  1.65110371e-06  1.79990283e+00 
 1.65130371e-06  1.65130371e-06  1.65130371e-06  1.79990285e+00 
 1.65150371e-06  1.65150371e-06  1.65150371e-06  1.79990283e+00 
 1.65170371e-06  1.65170371e-06  1.65170371e-06  1.79990285e+00 
 1.65190371e-06  1.65190371e-06  1.65190371e-06  1.79990283e+00 
 1.65210371e-06  1.65210371e-06  1.65210371e-06  1.79990285e+00 
 1.65230371e-06  1.65230371e-06  1.65230371e-06  1.79990283e+00 
 1.65250371e-06  1.65250371e-06  1.65250371e-06  1.79990285e+00 
 1.65270371e-06  1.65270371e-06  1.65270371e-06  1.79990283e+00 
 1.65290371e-06  1.65290371e-06  1.65290371e-06  1.79990285e+00 
 1.65310371e-06  1.65310371e-06  1.65310371e-06  1.79990283e+00 
 1.65330371e-06  1.65330371e-06  1.65330371e-06  1.79990285e+00 
 1.65350371e-06  1.65350371e-06  1.65350371e-06  1.79990283e+00 
 1.65370371e-06  1.65370371e-06  1.65370371e-06  1.79990285e+00 
 1.65390371e-06  1.65390371e-06  1.65390371e-06  1.79990283e+00 
 1.65410371e-06  1.65410371e-06  1.65410371e-06  1.79990285e+00 
 1.65430371e-06  1.65430371e-06  1.65430371e-06  1.79990283e+00 
 1.65450371e-06  1.65450371e-06  1.65450371e-06  1.79990285e+00 
 1.65470371e-06  1.65470371e-06  1.65470371e-06  1.79990283e+00 
 1.65490371e-06  1.65490371e-06  1.65490371e-06  1.79990285e+00 
 1.65510371e-06  1.65510371e-06  1.65510371e-06  1.79990283e+00 
 1.65530371e-06  1.65530371e-06  1.65530371e-06  1.79990285e+00 
 1.65550371e-06  1.65550371e-06  1.65550371e-06  1.79990283e+00 
 1.65570371e-06  1.65570371e-06  1.65570371e-06  1.79990285e+00 
 1.65590371e-06  1.65590371e-06  1.65590371e-06  1.79990283e+00 
 1.65610371e-06  1.65610371e-06  1.65610371e-06  1.79990285e+00 
 1.65630371e-06  1.65630371e-06  1.65630371e-06  1.79990283e+00 
 1.65650371e-06  1.65650371e-06  1.65650371e-06  1.79990285e+00 
 1.65670371e-06  1.65670371e-06  1.65670371e-06  1.79990283e+00 
 1.65690371e-06  1.65690371e-06  1.65690371e-06  1.79990285e+00 
 1.65710371e-06  1.65710371e-06  1.65710371e-06  1.79990283e+00 
 1.65730371e-06  1.65730371e-06  1.65730371e-06  1.79990285e+00 
 1.65750371e-06  1.65750371e-06  1.65750371e-06  1.79990283e+00 
 1.65770371e-06  1.65770371e-06  1.65770371e-06  1.79990285e+00 
 1.65790371e-06  1.65790371e-06  1.65790371e-06  1.79990283e+00 
 1.65810371e-06  1.65810371e-06  1.65810371e-06  1.79990285e+00 
 1.65830371e-06  1.65830371e-06  1.65830371e-06  1.79990283e+00 
 1.65850371e-06  1.65850371e-06  1.65850371e-06  1.79990285e+00 
 1.65870371e-06  1.65870371e-06  1.65870371e-06  1.79990283e+00 
 1.65890371e-06  1.65890371e-06  1.65890371e-06  1.79990285e+00 
 1.65910371e-06  1.65910371e-06  1.65910371e-06  1.79990283e+00 
 1.65930371e-06  1.65930371e-06  1.65930371e-06  1.79990285e+00 
 1.65950371e-06  1.65950371e-06  1.65950371e-06  1.79990283e+00 
 1.65970371e-06  1.65970371e-06  1.65970371e-06  1.79990285e+00 
 1.65990371e-06  1.65990371e-06  1.65990371e-06  1.79990283e+00 
 1.66010371e-06  1.66010371e-06  1.66010371e-06  1.79990285e+00 
 1.66030371e-06  1.66030371e-06  1.66030371e-06  1.79990283e+00 
 1.66050371e-06  1.66050371e-06  1.66050371e-06  1.79990285e+00 
 1.66070371e-06  1.66070371e-06  1.66070371e-06  1.79990283e+00 
 1.66090371e-06  1.66090371e-06  1.66090371e-06  1.79990285e+00 
 1.66110371e-06  1.66110371e-06  1.66110371e-06  1.79990283e+00 
 1.66130371e-06  1.66130371e-06  1.66130371e-06  1.79990285e+00 
 1.66150371e-06  1.66150371e-06  1.66150371e-06  1.79990283e+00 
 1.66170371e-06  1.66170371e-06  1.66170371e-06  1.79990285e+00 
 1.66190371e-06  1.66190371e-06  1.66190371e-06  1.79990283e+00 
 1.66210371e-06  1.66210371e-06  1.66210371e-06  1.79990285e+00 
 1.66230371e-06  1.66230371e-06  1.66230371e-06  1.79990283e+00 
 1.66250371e-06  1.66250371e-06  1.66250371e-06  1.79990285e+00 
 1.66270371e-06  1.66270371e-06  1.66270371e-06  1.79990283e+00 
 1.66290371e-06  1.66290371e-06  1.66290371e-06  1.79990285e+00 
 1.66310371e-06  1.66310371e-06  1.66310371e-06  1.79990283e+00 
 1.66330371e-06  1.66330371e-06  1.66330371e-06  1.79990285e+00 
 1.66350371e-06  1.66350371e-06  1.66350371e-06  1.79990283e+00 
 1.66370371e-06  1.66370371e-06  1.66370371e-06  1.79990285e+00 
 1.66390371e-06  1.66390371e-06  1.66390371e-06  1.79990283e+00 
 1.66410371e-06  1.66410371e-06  1.66410371e-06  1.79990285e+00 
 1.66430371e-06  1.66430371e-06  1.66430371e-06  1.79990283e+00 
 1.66450371e-06  1.66450371e-06  1.66450371e-06  1.79990285e+00 
 1.66470371e-06  1.66470371e-06  1.66470371e-06  1.79990283e+00 
 1.66490371e-06  1.66490371e-06  1.66490371e-06  1.79990285e+00 
 1.66510371e-06  1.66510371e-06  1.66510371e-06  1.79990283e+00 
 1.66530371e-06  1.66530371e-06  1.66530371e-06  1.79990285e+00 
 1.66550371e-06  1.66550371e-06  1.66550371e-06  1.79990283e+00 
 1.66570371e-06  1.66570371e-06  1.66570371e-06  1.79990285e+00 
 1.66590371e-06  1.66590371e-06  1.66590371e-06  1.79990283e+00 
 1.66610371e-06  1.66610371e-06  1.66610371e-06  1.79990285e+00 
 1.66630371e-06  1.66630371e-06  1.66630371e-06  1.79990283e+00 
 1.66650371e-06  1.66650371e-06  1.66650371e-06  1.79990285e+00 
 1.66670371e-06  1.66670371e-06  1.66670371e-06  1.79990283e+00 
 1.66690371e-06  1.66690371e-06  1.66690371e-06  1.79990285e+00 
 1.66710371e-06  1.66710371e-06  1.66710371e-06  1.79990283e+00 
 1.66730371e-06  1.66730371e-06  1.66730371e-06  1.79990285e+00 
 1.66750371e-06  1.66750371e-06  1.66750371e-06  1.79990283e+00 
 1.66770371e-06  1.66770371e-06  1.66770371e-06  1.79990285e+00 
 1.66790371e-06  1.66790371e-06  1.66790371e-06  1.79990283e+00 
 1.66810371e-06  1.66810371e-06  1.66810371e-06  1.79990285e+00 
 1.66830371e-06  1.66830371e-06  1.66830371e-06  1.79990283e+00 
 1.66850371e-06  1.66850371e-06  1.66850371e-06  1.79990285e+00 
 1.66870371e-06  1.66870371e-06  1.66870371e-06  1.79990283e+00 
 1.66890371e-06  1.66890371e-06  1.66890371e-06  1.79990285e+00 
 1.66910371e-06  1.66910371e-06  1.66910371e-06  1.79990283e+00 
 1.66930371e-06  1.66930371e-06  1.66930371e-06  1.79990285e+00 
 1.66950371e-06  1.66950371e-06  1.66950371e-06  1.79990283e+00 
 1.66970371e-06  1.66970371e-06  1.66970371e-06  1.79990285e+00 
 1.66990371e-06  1.66990371e-06  1.66990371e-06  1.79990283e+00 
 1.67010371e-06  1.67010371e-06  1.67010371e-06  1.79990285e+00 
 1.67030371e-06  1.67030371e-06  1.67030371e-06  1.79990283e+00 
 1.67050371e-06  1.67050371e-06  1.67050371e-06  1.79990285e+00 
 1.67070371e-06  1.67070371e-06  1.67070371e-06  1.79990283e+00 
 1.67090371e-06  1.67090371e-06  1.67090371e-06  1.79990285e+00 
 1.67110371e-06  1.67110371e-06  1.67110371e-06  1.79990283e+00 
 1.67130371e-06  1.67130371e-06  1.67130371e-06  1.79990285e+00 
 1.67150371e-06  1.67150371e-06  1.67150371e-06  1.79990283e+00 
 1.67170371e-06  1.67170371e-06  1.67170371e-06  1.79990285e+00 
 1.67190371e-06  1.67190371e-06  1.67190371e-06  1.79990283e+00 
 1.67210371e-06  1.67210371e-06  1.67210371e-06  1.79990285e+00 
 1.67230371e-06  1.67230371e-06  1.67230371e-06  1.79990283e+00 
 1.67250371e-06  1.67250371e-06  1.67250371e-06  1.79990285e+00 
 1.67270371e-06  1.67270371e-06  1.67270371e-06  1.79990283e+00 
 1.67290371e-06  1.67290371e-06  1.67290371e-06  1.79990285e+00 
 1.67310371e-06  1.67310371e-06  1.67310371e-06  1.79990283e+00 
 1.67330371e-06  1.67330371e-06  1.67330371e-06  1.79990285e+00 
 1.67350371e-06  1.67350371e-06  1.67350371e-06  1.79990283e+00 
 1.67370371e-06  1.67370371e-06  1.67370371e-06  1.79990285e+00 
 1.67390371e-06  1.67390371e-06  1.67390371e-06  1.79990283e+00 
 1.67410371e-06  1.67410371e-06  1.67410371e-06  1.79990285e+00 
 1.67430371e-06  1.67430371e-06  1.67430371e-06  1.79990283e+00 
 1.67450371e-06  1.67450371e-06  1.67450371e-06  1.79990285e+00 
 1.67470371e-06  1.67470371e-06  1.67470371e-06  1.79990283e+00 
 1.67490371e-06  1.67490371e-06  1.67490371e-06  1.79990285e+00 
 1.67510371e-06  1.67510371e-06  1.67510371e-06  1.79990283e+00 
 1.67530371e-06  1.67530371e-06  1.67530371e-06  1.79990285e+00 
 1.67550371e-06  1.67550371e-06  1.67550371e-06  1.79990283e+00 
 1.67570371e-06  1.67570371e-06  1.67570371e-06  1.79990285e+00 
 1.67590371e-06  1.67590371e-06  1.67590371e-06  1.79990283e+00 
 1.67610371e-06  1.67610371e-06  1.67610371e-06  1.79990285e+00 
 1.67630371e-06  1.67630371e-06  1.67630371e-06  1.79990283e+00 
 1.67650371e-06  1.67650371e-06  1.67650371e-06  1.79990285e+00 
 1.67670371e-06  1.67670371e-06  1.67670371e-06  1.79990283e+00 
 1.67690371e-06  1.67690371e-06  1.67690371e-06  1.79990285e+00 
 1.67710371e-06  1.67710371e-06  1.67710371e-06  1.79990283e+00 
 1.67730371e-06  1.67730371e-06  1.67730371e-06  1.79990285e+00 
 1.67750371e-06  1.67750371e-06  1.67750371e-06  1.79990283e+00 
 1.67770371e-06  1.67770371e-06  1.67770371e-06  1.79990285e+00 
 1.67790371e-06  1.67790371e-06  1.67790371e-06  1.79990283e+00 
 1.67810371e-06  1.67810371e-06  1.67810371e-06  1.79990285e+00 
 1.67830371e-06  1.67830371e-06  1.67830371e-06  1.79990283e+00 
 1.67850371e-06  1.67850371e-06  1.67850371e-06  1.79990285e+00 
 1.67870371e-06  1.67870371e-06  1.67870371e-06  1.79990283e+00 
 1.67890371e-06  1.67890371e-06  1.67890371e-06  1.79990285e+00 
 1.67910371e-06  1.67910371e-06  1.67910371e-06  1.79990283e+00 
 1.67930371e-06  1.67930371e-06  1.67930371e-06  1.79990285e+00 
 1.67950371e-06  1.67950371e-06  1.67950371e-06  1.79990283e+00 
 1.67970371e-06  1.67970371e-06  1.67970371e-06  1.79990285e+00 
 1.67990371e-06  1.67990371e-06  1.67990371e-06  1.79990283e+00 
 1.68010371e-06  1.68010371e-06  1.68010371e-06  1.79990285e+00 
 1.68030371e-06  1.68030371e-06  1.68030371e-06  1.79990283e+00 
 1.68050371e-06  1.68050371e-06  1.68050371e-06  1.79990285e+00 
 1.68070371e-06  1.68070371e-06  1.68070371e-06  1.79990283e+00 
 1.68090371e-06  1.68090371e-06  1.68090371e-06  1.79990285e+00 
 1.68110371e-06  1.68110371e-06  1.68110371e-06  1.79990283e+00 
 1.68130371e-06  1.68130371e-06  1.68130371e-06  1.79990285e+00 
 1.68150371e-06  1.68150371e-06  1.68150371e-06  1.79990283e+00 
 1.68170371e-06  1.68170371e-06  1.68170371e-06  1.79990285e+00 
 1.68190371e-06  1.68190371e-06  1.68190371e-06  1.79990283e+00 
 1.68210371e-06  1.68210371e-06  1.68210371e-06  1.79990285e+00 
 1.68230371e-06  1.68230371e-06  1.68230371e-06  1.79990283e+00 
 1.68250371e-06  1.68250371e-06  1.68250371e-06  1.79990285e+00 
 1.68270371e-06  1.68270371e-06  1.68270371e-06  1.79990283e+00 
 1.68290371e-06  1.68290371e-06  1.68290371e-06  1.79990285e+00 
 1.68310371e-06  1.68310371e-06  1.68310371e-06  1.79990283e+00 
 1.68330371e-06  1.68330371e-06  1.68330371e-06  1.79990285e+00 
 1.68350371e-06  1.68350371e-06  1.68350371e-06  1.79990283e+00 
 1.68370371e-06  1.68370371e-06  1.68370371e-06  1.79990285e+00 
 1.68390371e-06  1.68390371e-06  1.68390371e-06  1.79990283e+00 
 1.68410371e-06  1.68410371e-06  1.68410371e-06  1.79990285e+00 
 1.68430371e-06  1.68430371e-06  1.68430371e-06  1.79990283e+00 
 1.68450371e-06  1.68450371e-06  1.68450371e-06  1.79990285e+00 
 1.68470371e-06  1.68470371e-06  1.68470371e-06  1.79990283e+00 
 1.68490371e-06  1.68490371e-06  1.68490371e-06  1.79990285e+00 
 1.68510371e-06  1.68510371e-06  1.68510371e-06  1.79990283e+00 
 1.68530371e-06  1.68530371e-06  1.68530371e-06  1.79990285e+00 
 1.68550371e-06  1.68550371e-06  1.68550371e-06  1.79990283e+00 
 1.68570371e-06  1.68570371e-06  1.68570371e-06  1.79990285e+00 
 1.68590371e-06  1.68590371e-06  1.68590371e-06  1.79990283e+00 
 1.68610371e-06  1.68610371e-06  1.68610371e-06  1.79990285e+00 
 1.68630371e-06  1.68630371e-06  1.68630371e-06  1.79990283e+00 
 1.68650371e-06  1.68650371e-06  1.68650371e-06  1.79990285e+00 
 1.68670371e-06  1.68670371e-06  1.68670371e-06  1.79990283e+00 
 1.68690371e-06  1.68690371e-06  1.68690371e-06  1.79990285e+00 
 1.68710371e-06  1.68710371e-06  1.68710371e-06  1.79990283e+00 
 1.68730371e-06  1.68730371e-06  1.68730371e-06  1.79990285e+00 
 1.68750371e-06  1.68750371e-06  1.68750371e-06  1.79990283e+00 
 1.68770371e-06  1.68770371e-06  1.68770371e-06  1.79990285e+00 
 1.68790371e-06  1.68790371e-06  1.68790371e-06  1.79990283e+00 
 1.68810371e-06  1.68810371e-06  1.68810371e-06  1.79990285e+00 
 1.68830371e-06  1.68830371e-06  1.68830371e-06  1.79990283e+00 
 1.68850371e-06  1.68850371e-06  1.68850371e-06  1.79990285e+00 
 1.68870371e-06  1.68870371e-06  1.68870371e-06  1.79990283e+00 
 1.68890371e-06  1.68890371e-06  1.68890371e-06  1.79990285e+00 
 1.68910371e-06  1.68910371e-06  1.68910371e-06  1.79990283e+00 
 1.68930371e-06  1.68930371e-06  1.68930371e-06  1.79990285e+00 
 1.68950371e-06  1.68950371e-06  1.68950371e-06  1.79990283e+00 
 1.68970371e-06  1.68970371e-06  1.68970371e-06  1.79990285e+00 
 1.68990371e-06  1.68990371e-06  1.68990371e-06  1.79990283e+00 
 1.69010371e-06  1.69010371e-06  1.69010371e-06  1.79990285e+00 
 1.69030371e-06  1.69030371e-06  1.69030371e-06  1.79990283e+00 
 1.69050371e-06  1.69050371e-06  1.69050371e-06  1.79990285e+00 
 1.69070371e-06  1.69070371e-06  1.69070371e-06  1.79990283e+00 
 1.69090371e-06  1.69090371e-06  1.69090371e-06  1.79990285e+00 
 1.69110371e-06  1.69110371e-06  1.69110371e-06  1.79990283e+00 
 1.69130371e-06  1.69130371e-06  1.69130371e-06  1.79990285e+00 
 1.69150371e-06  1.69150371e-06  1.69150371e-06  1.79990283e+00 
 1.69170371e-06  1.69170371e-06  1.69170371e-06  1.79990285e+00 
 1.69190371e-06  1.69190371e-06  1.69190371e-06  1.79990283e+00 
 1.69210371e-06  1.69210371e-06  1.69210371e-06  1.79990285e+00 
 1.69230371e-06  1.69230371e-06  1.69230371e-06  1.79990283e+00 
 1.69250371e-06  1.69250371e-06  1.69250371e-06  1.79990285e+00 
 1.69270371e-06  1.69270371e-06  1.69270371e-06  1.79990283e+00 
 1.69290371e-06  1.69290371e-06  1.69290371e-06  1.79990285e+00 
 1.69310371e-06  1.69310371e-06  1.69310371e-06  1.79990283e+00 
 1.69330371e-06  1.69330371e-06  1.69330371e-06  1.79990285e+00 
 1.69350371e-06  1.69350371e-06  1.69350371e-06  1.79990283e+00 
 1.69370371e-06  1.69370371e-06  1.69370371e-06  1.79990285e+00 
 1.69390371e-06  1.69390371e-06  1.69390371e-06  1.79990283e+00 
 1.69410371e-06  1.69410371e-06  1.69410371e-06  1.79990285e+00 
 1.69430371e-06  1.69430371e-06  1.69430371e-06  1.79990283e+00 
 1.69450371e-06  1.69450371e-06  1.69450371e-06  1.79990285e+00 
 1.69470371e-06  1.69470371e-06  1.69470371e-06  1.79990283e+00 
 1.69490371e-06  1.69490371e-06  1.69490371e-06  1.79990285e+00 
 1.69510371e-06  1.69510371e-06  1.69510371e-06  1.79990283e+00 
 1.69530371e-06  1.69530371e-06  1.69530371e-06  1.79990285e+00 
 1.69550371e-06  1.69550371e-06  1.69550371e-06  1.79990283e+00 
 1.69570371e-06  1.69570371e-06  1.69570371e-06  1.79990285e+00 
 1.69590371e-06  1.69590371e-06  1.69590371e-06  1.79990283e+00 
 1.69610371e-06  1.69610371e-06  1.69610371e-06  1.79990285e+00 
 1.69630371e-06  1.69630371e-06  1.69630371e-06  1.79990283e+00 
 1.69650371e-06  1.69650371e-06  1.69650371e-06  1.79990285e+00 
 1.69670371e-06  1.69670371e-06  1.69670371e-06  1.79990283e+00 
 1.69690371e-06  1.69690371e-06  1.69690371e-06  1.79990285e+00 
 1.69710371e-06  1.69710371e-06  1.69710371e-06  1.79990283e+00 
 1.69730371e-06  1.69730371e-06  1.69730371e-06  1.79990285e+00 
 1.69750371e-06  1.69750371e-06  1.69750371e-06  1.79990283e+00 
 1.69770371e-06  1.69770371e-06  1.69770371e-06  1.79990285e+00 
 1.69790371e-06  1.69790371e-06  1.69790371e-06  1.79990283e+00 
 1.69810371e-06  1.69810371e-06  1.69810371e-06  1.79990285e+00 
 1.69830371e-06  1.69830371e-06  1.69830371e-06  1.79990283e+00 
 1.69850371e-06  1.69850371e-06  1.69850371e-06  1.79990285e+00 
 1.69870371e-06  1.69870371e-06  1.69870371e-06  1.79990283e+00 
 1.69890371e-06  1.69890371e-06  1.69890371e-06  1.79990285e+00 
 1.69910371e-06  1.69910371e-06  1.69910371e-06  1.79990283e+00 
 1.69930371e-06  1.69930371e-06  1.69930371e-06  1.79990285e+00 
 1.69950371e-06  1.69950371e-06  1.69950371e-06  1.79990283e+00 
 1.69970371e-06  1.69970371e-06  1.69970371e-06  1.79990285e+00 
 1.69990371e-06  1.69990371e-06  1.69990371e-06  1.79990283e+00 
 1.70010371e-06  1.70010371e-06  1.70010371e-06  1.79990285e+00 
 1.70030371e-06  1.70030371e-06  1.70030371e-06  1.79990283e+00 
 1.70050371e-06  1.70050371e-06  1.70050371e-06  1.79990285e+00 
 1.70070371e-06  1.70070371e-06  1.70070371e-06  1.79990283e+00 
 1.70090371e-06  1.70090371e-06  1.70090371e-06  1.79990285e+00 
 1.70110371e-06  1.70110371e-06  1.70110371e-06  1.79990283e+00 
 1.70130371e-06  1.70130371e-06  1.70130371e-06  1.79990285e+00 
 1.70150371e-06  1.70150371e-06  1.70150371e-06  1.79990283e+00 
 1.70170371e-06  1.70170371e-06  1.70170371e-06  1.79990285e+00 
 1.70190371e-06  1.70190371e-06  1.70190371e-06  1.79990283e+00 
 1.70210371e-06  1.70210371e-06  1.70210371e-06  1.79990285e+00 
 1.70230371e-06  1.70230371e-06  1.70230371e-06  1.79990283e+00 
 1.70250371e-06  1.70250371e-06  1.70250371e-06  1.79990285e+00 
 1.70270371e-06  1.70270371e-06  1.70270371e-06  1.79990283e+00 
 1.70290371e-06  1.70290371e-06  1.70290371e-06  1.79990285e+00 
 1.70310371e-06  1.70310371e-06  1.70310371e-06  1.79990283e+00 
 1.70330371e-06  1.70330371e-06  1.70330371e-06  1.79990285e+00 
 1.70350371e-06  1.70350371e-06  1.70350371e-06  1.79990283e+00 
 1.70370371e-06  1.70370371e-06  1.70370371e-06  1.79990285e+00 
 1.70390371e-06  1.70390371e-06  1.70390371e-06  1.79990283e+00 
 1.70410371e-06  1.70410371e-06  1.70410371e-06  1.79990285e+00 
 1.70430371e-06  1.70430371e-06  1.70430371e-06  1.79990283e+00 
 1.70450371e-06  1.70450371e-06  1.70450371e-06  1.79990285e+00 
 1.70470371e-06  1.70470371e-06  1.70470371e-06  1.79990283e+00 
 1.70490371e-06  1.70490371e-06  1.70490371e-06  1.79990285e+00 
 1.70510371e-06  1.70510371e-06  1.70510371e-06  1.79990283e+00 
 1.70530371e-06  1.70530371e-06  1.70530371e-06  1.79990285e+00 
 1.70550371e-06  1.70550371e-06  1.70550371e-06  1.79990283e+00 
 1.70570371e-06  1.70570371e-06  1.70570371e-06  1.79990285e+00 
 1.70590371e-06  1.70590371e-06  1.70590371e-06  1.79990283e+00 
 1.70610371e-06  1.70610371e-06  1.70610371e-06  1.79990285e+00 
 1.70630371e-06  1.70630371e-06  1.70630371e-06  1.79990283e+00 
 1.70650371e-06  1.70650371e-06  1.70650371e-06  1.79990285e+00 
 1.70670371e-06  1.70670371e-06  1.70670371e-06  1.79990283e+00 
 1.70690371e-06  1.70690371e-06  1.70690371e-06  1.79990285e+00 
 1.70710371e-06  1.70710371e-06  1.70710371e-06  1.79990283e+00 
 1.70730371e-06  1.70730371e-06  1.70730371e-06  1.79990285e+00 
 1.70750371e-06  1.70750371e-06  1.70750371e-06  1.79990283e+00 
 1.70770371e-06  1.70770371e-06  1.70770371e-06  1.79990285e+00 
 1.70790371e-06  1.70790371e-06  1.70790371e-06  1.79990283e+00 
 1.70810371e-06  1.70810371e-06  1.70810371e-06  1.79990285e+00 
 1.70830371e-06  1.70830371e-06  1.70830371e-06  1.79990283e+00 
 1.70850371e-06  1.70850371e-06  1.70850371e-06  1.79990285e+00 
 1.70870371e-06  1.70870371e-06  1.70870371e-06  1.79990283e+00 
 1.70890371e-06  1.70890371e-06  1.70890371e-06  1.79990285e+00 
 1.70910371e-06  1.70910371e-06  1.70910371e-06  1.79990283e+00 
 1.70930371e-06  1.70930371e-06  1.70930371e-06  1.79990285e+00 
 1.70950371e-06  1.70950371e-06  1.70950371e-06  1.79990283e+00 
 1.70970371e-06  1.70970371e-06  1.70970371e-06  1.79990285e+00 
 1.70990371e-06  1.70990371e-06  1.70990371e-06  1.79990283e+00 
 1.71010371e-06  1.71010371e-06  1.71010371e-06  1.79990285e+00 
 1.71030371e-06  1.71030371e-06  1.71030371e-06  1.79990283e+00 
 1.71050371e-06  1.71050371e-06  1.71050371e-06  1.79990285e+00 
 1.71070371e-06  1.71070371e-06  1.71070371e-06  1.79990283e+00 
 1.71090371e-06  1.71090371e-06  1.71090371e-06  1.79990285e+00 
 1.71110371e-06  1.71110371e-06  1.71110371e-06  1.79990283e+00 
 1.71130371e-06  1.71130371e-06  1.71130371e-06  1.79990285e+00 
 1.71150371e-06  1.71150371e-06  1.71150371e-06  1.79990283e+00 
 1.71170371e-06  1.71170371e-06  1.71170371e-06  1.79990285e+00 
 1.71190371e-06  1.71190371e-06  1.71190371e-06  1.79990283e+00 
 1.71210371e-06  1.71210371e-06  1.71210371e-06  1.79990285e+00 
 1.71230371e-06  1.71230371e-06  1.71230371e-06  1.79990283e+00 
 1.71250371e-06  1.71250371e-06  1.71250371e-06  1.79990285e+00 
 1.71270371e-06  1.71270371e-06  1.71270371e-06  1.79990283e+00 
 1.71290371e-06  1.71290371e-06  1.71290371e-06  1.79990285e+00 
 1.71310371e-06  1.71310371e-06  1.71310371e-06  1.79990283e+00 
 1.71330371e-06  1.71330371e-06  1.71330371e-06  1.79990285e+00 
 1.71350371e-06  1.71350371e-06  1.71350371e-06  1.79990283e+00 
 1.71370371e-06  1.71370371e-06  1.71370371e-06  1.79990285e+00 
 1.71390371e-06  1.71390371e-06  1.71390371e-06  1.79990283e+00 
 1.71410371e-06  1.71410371e-06  1.71410371e-06  1.79990285e+00 
 1.71430371e-06  1.71430371e-06  1.71430371e-06  1.79990283e+00 
 1.71450371e-06  1.71450371e-06  1.71450371e-06  1.79990285e+00 
 1.71470371e-06  1.71470371e-06  1.71470371e-06  1.79990283e+00 
 1.71490371e-06  1.71490371e-06  1.71490371e-06  1.79990285e+00 
 1.71510371e-06  1.71510371e-06  1.71510371e-06  1.79990283e+00 
 1.71530371e-06  1.71530371e-06  1.71530371e-06  1.79990285e+00 
 1.71550371e-06  1.71550371e-06  1.71550371e-06  1.79990283e+00 
 1.71570371e-06  1.71570371e-06  1.71570371e-06  1.79990285e+00 
 1.71590371e-06  1.71590371e-06  1.71590371e-06  1.79990283e+00 
 1.71610371e-06  1.71610371e-06  1.71610371e-06  1.79990285e+00 
 1.71630371e-06  1.71630371e-06  1.71630371e-06  1.79990283e+00 
 1.71650371e-06  1.71650371e-06  1.71650371e-06  1.79990285e+00 
 1.71670371e-06  1.71670371e-06  1.71670371e-06  1.79990283e+00 
 1.71690371e-06  1.71690371e-06  1.71690371e-06  1.79990285e+00 
 1.71710371e-06  1.71710371e-06  1.71710371e-06  1.79990283e+00 
 1.71730371e-06  1.71730371e-06  1.71730371e-06  1.79990285e+00 
 1.71750371e-06  1.71750371e-06  1.71750371e-06  1.79990283e+00 
 1.71770371e-06  1.71770371e-06  1.71770371e-06  1.79990285e+00 
 1.71790371e-06  1.71790371e-06  1.71790371e-06  1.79990283e+00 
 1.71810371e-06  1.71810371e-06  1.71810371e-06  1.79990285e+00 
 1.71830371e-06  1.71830371e-06  1.71830371e-06  1.79990283e+00 
 1.71850371e-06  1.71850371e-06  1.71850371e-06  1.79990285e+00 
 1.71870371e-06  1.71870371e-06  1.71870371e-06  1.79990283e+00 
 1.71890371e-06  1.71890371e-06  1.71890371e-06  1.79990285e+00 
 1.71910371e-06  1.71910371e-06  1.71910371e-06  1.79990283e+00 
 1.71930371e-06  1.71930371e-06  1.71930371e-06  1.79990285e+00 
 1.71950371e-06  1.71950371e-06  1.71950371e-06  1.79990283e+00 
 1.71970371e-06  1.71970371e-06  1.71970371e-06  1.79990285e+00 
 1.71990371e-06  1.71990371e-06  1.71990371e-06  1.79990283e+00 
 1.72010371e-06  1.72010371e-06  1.72010371e-06  1.79990285e+00 
 1.72030371e-06  1.72030371e-06  1.72030371e-06  1.79990283e+00 
 1.72050371e-06  1.72050371e-06  1.72050371e-06  1.79990285e+00 
 1.72070371e-06  1.72070371e-06  1.72070371e-06  1.79990283e+00 
 1.72090371e-06  1.72090371e-06  1.72090371e-06  1.79990285e+00 
 1.72110371e-06  1.72110371e-06  1.72110371e-06  1.79990283e+00 
 1.72130371e-06  1.72130371e-06  1.72130371e-06  1.79990285e+00 
 1.72150371e-06  1.72150371e-06  1.72150371e-06  1.79990283e+00 
 1.72170371e-06  1.72170371e-06  1.72170371e-06  1.79990285e+00 
 1.72190371e-06  1.72190371e-06  1.72190371e-06  1.79990283e+00 
 1.72210371e-06  1.72210371e-06  1.72210371e-06  1.79990285e+00 
 1.72230371e-06  1.72230371e-06  1.72230371e-06  1.79990283e+00 
 1.72250371e-06  1.72250371e-06  1.72250371e-06  1.79990285e+00 
 1.72270371e-06  1.72270371e-06  1.72270371e-06  1.79990283e+00 
 1.72290371e-06  1.72290371e-06  1.72290371e-06  1.79990285e+00 
 1.72310371e-06  1.72310371e-06  1.72310371e-06  1.79990283e+00 
 1.72330371e-06  1.72330371e-06  1.72330371e-06  1.79990285e+00 
 1.72350371e-06  1.72350371e-06  1.72350371e-06  1.79990283e+00 
 1.72370371e-06  1.72370371e-06  1.72370371e-06  1.79990285e+00 
 1.72390371e-06  1.72390371e-06  1.72390371e-06  1.79990283e+00 
 1.72410371e-06  1.72410371e-06  1.72410371e-06  1.79990285e+00 
 1.72430371e-06  1.72430371e-06  1.72430371e-06  1.79990283e+00 
 1.72450371e-06  1.72450371e-06  1.72450371e-06  1.79990285e+00 
 1.72470371e-06  1.72470371e-06  1.72470371e-06  1.79990283e+00 
 1.72490371e-06  1.72490371e-06  1.72490371e-06  1.79990285e+00 
 1.72510371e-06  1.72510371e-06  1.72510371e-06  1.79990283e+00 
 1.72530371e-06  1.72530371e-06  1.72530371e-06  1.79990285e+00 
 1.72550371e-06  1.72550371e-06  1.72550371e-06  1.79990283e+00 
 1.72570371e-06  1.72570371e-06  1.72570371e-06  1.79990285e+00 
 1.72590371e-06  1.72590371e-06  1.72590371e-06  1.79990283e+00 
 1.72610371e-06  1.72610371e-06  1.72610371e-06  1.79990285e+00 
 1.72630371e-06  1.72630371e-06  1.72630371e-06  1.79990283e+00 
 1.72650371e-06  1.72650371e-06  1.72650371e-06  1.79990285e+00 
 1.72670371e-06  1.72670371e-06  1.72670371e-06  1.79990283e+00 
 1.72690371e-06  1.72690371e-06  1.72690371e-06  1.79990285e+00 
 1.72710371e-06  1.72710371e-06  1.72710371e-06  1.79990283e+00 
 1.72730371e-06  1.72730371e-06  1.72730371e-06  1.79990285e+00 
 1.72750371e-06  1.72750371e-06  1.72750371e-06  1.79990283e+00 
 1.72770371e-06  1.72770371e-06  1.72770371e-06  1.79990285e+00 
 1.72790371e-06  1.72790371e-06  1.72790371e-06  1.79990283e+00 
 1.72810371e-06  1.72810371e-06  1.72810371e-06  1.79990285e+00 
 1.72830371e-06  1.72830371e-06  1.72830371e-06  1.79990283e+00 
 1.72850371e-06  1.72850371e-06  1.72850371e-06  1.79990285e+00 
 1.72870371e-06  1.72870371e-06  1.72870371e-06  1.79990283e+00 
 1.72890371e-06  1.72890371e-06  1.72890371e-06  1.79990285e+00 
 1.72910371e-06  1.72910371e-06  1.72910371e-06  1.79990283e+00 
 1.72930371e-06  1.72930371e-06  1.72930371e-06  1.79990285e+00 
 1.72950371e-06  1.72950371e-06  1.72950371e-06  1.79990283e+00 
 1.72970371e-06  1.72970371e-06  1.72970371e-06  1.79990285e+00 
 1.72990371e-06  1.72990371e-06  1.72990371e-06  1.79990283e+00 
 1.73010371e-06  1.73010371e-06  1.73010371e-06  1.79990285e+00 
 1.73030371e-06  1.73030371e-06  1.73030371e-06  1.79990283e+00 
 1.73050371e-06  1.73050371e-06  1.73050371e-06  1.79990285e+00 
 1.73070371e-06  1.73070371e-06  1.73070371e-06  1.79990283e+00 
 1.73090371e-06  1.73090371e-06  1.73090371e-06  1.79990285e+00 
 1.73110371e-06  1.73110371e-06  1.73110371e-06  1.79990283e+00 
 1.73130371e-06  1.73130371e-06  1.73130371e-06  1.79990285e+00 
 1.73150371e-06  1.73150371e-06  1.73150371e-06  1.79990283e+00 
 1.73170371e-06  1.73170371e-06  1.73170371e-06  1.79990285e+00 
 1.73190371e-06  1.73190371e-06  1.73190371e-06  1.79990283e+00 
 1.73210371e-06  1.73210371e-06  1.73210371e-06  1.79990285e+00 
 1.73230371e-06  1.73230371e-06  1.73230371e-06  1.79990283e+00 
 1.73250371e-06  1.73250371e-06  1.73250371e-06  1.79990285e+00 
 1.73270371e-06  1.73270371e-06  1.73270371e-06  1.79990283e+00 
 1.73290371e-06  1.73290371e-06  1.73290371e-06  1.79990285e+00 
 1.73310371e-06  1.73310371e-06  1.73310371e-06  1.79990283e+00 
 1.73330371e-06  1.73330371e-06  1.73330371e-06  1.79990285e+00 
 1.73350371e-06  1.73350371e-06  1.73350371e-06  1.79990283e+00 
 1.73370371e-06  1.73370371e-06  1.73370371e-06  1.79990285e+00 
 1.73390371e-06  1.73390371e-06  1.73390371e-06  1.79990283e+00 
 1.73410371e-06  1.73410371e-06  1.73410371e-06  1.79990285e+00 
 1.73430371e-06  1.73430371e-06  1.73430371e-06  1.79990283e+00 
 1.73450371e-06  1.73450371e-06  1.73450371e-06  1.79990285e+00 
 1.73470371e-06  1.73470371e-06  1.73470371e-06  1.79990283e+00 
 1.73490371e-06  1.73490371e-06  1.73490371e-06  1.79990285e+00 
 1.73510371e-06  1.73510371e-06  1.73510371e-06  1.79990283e+00 
 1.73530371e-06  1.73530371e-06  1.73530371e-06  1.79990285e+00 
 1.73550371e-06  1.73550371e-06  1.73550371e-06  1.79990283e+00 
 1.73570371e-06  1.73570371e-06  1.73570371e-06  1.79990285e+00 
 1.73590371e-06  1.73590371e-06  1.73590371e-06  1.79990283e+00 
 1.73610371e-06  1.73610371e-06  1.73610371e-06  1.79990285e+00 
 1.73630371e-06  1.73630371e-06  1.73630371e-06  1.79990283e+00 
 1.73650371e-06  1.73650371e-06  1.73650371e-06  1.79990285e+00 
 1.73670371e-06  1.73670371e-06  1.73670371e-06  1.79990283e+00 
 1.73690371e-06  1.73690371e-06  1.73690371e-06  1.79990285e+00 
 1.73710371e-06  1.73710371e-06  1.73710371e-06  1.79990283e+00 
 1.73730371e-06  1.73730371e-06  1.73730371e-06  1.79990285e+00 
 1.73750371e-06  1.73750371e-06  1.73750371e-06  1.79990283e+00 
 1.73770371e-06  1.73770371e-06  1.73770371e-06  1.79990285e+00 
 1.73790371e-06  1.73790371e-06  1.73790371e-06  1.79990283e+00 
 1.73810371e-06  1.73810371e-06  1.73810371e-06  1.79990285e+00 
 1.73830371e-06  1.73830371e-06  1.73830371e-06  1.79990283e+00 
 1.73850371e-06  1.73850371e-06  1.73850371e-06  1.79990285e+00 
 1.73870371e-06  1.73870371e-06  1.73870371e-06  1.79990283e+00 
 1.73890371e-06  1.73890371e-06  1.73890371e-06  1.79990285e+00 
 1.73910371e-06  1.73910371e-06  1.73910371e-06  1.79990283e+00 
 1.73930371e-06  1.73930371e-06  1.73930371e-06  1.79990285e+00 
 1.73950371e-06  1.73950371e-06  1.73950371e-06  1.79990283e+00 
 1.73970371e-06  1.73970371e-06  1.73970371e-06  1.79990285e+00 
 1.73990371e-06  1.73990371e-06  1.73990371e-06  1.79990283e+00 
 1.74010371e-06  1.74010371e-06  1.74010371e-06  1.79990285e+00 
 1.74030371e-06  1.74030371e-06  1.74030371e-06  1.79990283e+00 
 1.74050371e-06  1.74050371e-06  1.74050371e-06  1.79990285e+00 
 1.74070371e-06  1.74070371e-06  1.74070371e-06  1.79990283e+00 
 1.74090371e-06  1.74090371e-06  1.74090371e-06  1.79990285e+00 
 1.74110371e-06  1.74110371e-06  1.74110371e-06  1.79990283e+00 
 1.74130371e-06  1.74130371e-06  1.74130371e-06  1.79990285e+00 
 1.74150371e-06  1.74150371e-06  1.74150371e-06  1.79990283e+00 
 1.74170371e-06  1.74170371e-06  1.74170371e-06  1.79990285e+00 
 1.74190371e-06  1.74190371e-06  1.74190371e-06  1.79990283e+00 
 1.74210371e-06  1.74210371e-06  1.74210371e-06  1.79990285e+00 
 1.74230371e-06  1.74230371e-06  1.74230371e-06  1.79990283e+00 
 1.74250371e-06  1.74250371e-06  1.74250371e-06  1.79990285e+00 
 1.74270371e-06  1.74270371e-06  1.74270371e-06  1.79990283e+00 
 1.74290371e-06  1.74290371e-06  1.74290371e-06  1.79990285e+00 
 1.74310371e-06  1.74310371e-06  1.74310371e-06  1.79990283e+00 
 1.74330371e-06  1.74330371e-06  1.74330371e-06  1.79990285e+00 
 1.74350371e-06  1.74350371e-06  1.74350371e-06  1.79990283e+00 
 1.74370371e-06  1.74370371e-06  1.74370371e-06  1.79990285e+00 
 1.74390371e-06  1.74390371e-06  1.74390371e-06  1.79990283e+00 
 1.74410371e-06  1.74410371e-06  1.74410371e-06  1.79990285e+00 
 1.74430371e-06  1.74430371e-06  1.74430371e-06  1.79990283e+00 
 1.74450371e-06  1.74450371e-06  1.74450371e-06  1.79990285e+00 
 1.74470371e-06  1.74470371e-06  1.74470371e-06  1.79990283e+00 
 1.74490371e-06  1.74490371e-06  1.74490371e-06  1.79990285e+00 
 1.74510371e-06  1.74510371e-06  1.74510371e-06  1.79990283e+00 
 1.74530371e-06  1.74530371e-06  1.74530371e-06  1.79990285e+00 
 1.74550371e-06  1.74550371e-06  1.74550371e-06  1.79990283e+00 
 1.74570371e-06  1.74570371e-06  1.74570371e-06  1.79990285e+00 
 1.74590371e-06  1.74590371e-06  1.74590371e-06  1.79990283e+00 
 1.74610371e-06  1.74610371e-06  1.74610371e-06  1.79990285e+00 
 1.74630371e-06  1.74630371e-06  1.74630371e-06  1.79990283e+00 
 1.74650371e-06  1.74650371e-06  1.74650371e-06  1.79990285e+00 
 1.74670371e-06  1.74670371e-06  1.74670371e-06  1.79990283e+00 
 1.74690371e-06  1.74690371e-06  1.74690371e-06  1.79990285e+00 
 1.74710371e-06  1.74710371e-06  1.74710371e-06  1.79990283e+00 
 1.74730371e-06  1.74730371e-06  1.74730371e-06  1.79990285e+00 
 1.74750371e-06  1.74750371e-06  1.74750371e-06  1.79990283e+00 
 1.74770371e-06  1.74770371e-06  1.74770371e-06  1.79990285e+00 
 1.74790371e-06  1.74790371e-06  1.74790371e-06  1.79990283e+00 
 1.74810371e-06  1.74810371e-06  1.74810371e-06  1.79990285e+00 
 1.74830371e-06  1.74830371e-06  1.74830371e-06  1.79990283e+00 
 1.74850371e-06  1.74850371e-06  1.74850371e-06  1.79990285e+00 
 1.74870371e-06  1.74870371e-06  1.74870371e-06  1.79990283e+00 
 1.74890371e-06  1.74890371e-06  1.74890371e-06  1.79990285e+00 
 1.74910371e-06  1.74910371e-06  1.74910371e-06  1.79990283e+00 
 1.74930371e-06  1.74930371e-06  1.74930371e-06  1.79990285e+00 
 1.74950371e-06  1.74950371e-06  1.74950371e-06  1.79990283e+00 
 1.74970371e-06  1.74970371e-06  1.74970371e-06  1.79990285e+00 
 1.74990371e-06  1.74990371e-06  1.74990371e-06  1.79990283e+00 
 1.75010371e-06  1.75010371e-06  1.75010371e-06  1.79990285e+00 
 1.75030371e-06  1.75030371e-06  1.75030371e-06  1.79990283e+00 
 1.75050371e-06  1.75050371e-06  1.75050371e-06  1.79990285e+00 
 1.75070371e-06  1.75070371e-06  1.75070371e-06  1.79990283e+00 
 1.75090371e-06  1.75090371e-06  1.75090371e-06  1.79990285e+00 
 1.75110371e-06  1.75110371e-06  1.75110371e-06  1.79990283e+00 
 1.75130371e-06  1.75130371e-06  1.75130371e-06  1.79990285e+00 
 1.75150371e-06  1.75150371e-06  1.75150371e-06  1.79990283e+00 
 1.75170371e-06  1.75170371e-06  1.75170371e-06  1.79990285e+00 
 1.75190371e-06  1.75190371e-06  1.75190371e-06  1.79990283e+00 
 1.75210371e-06  1.75210371e-06  1.75210371e-06  1.79990285e+00 
 1.75230371e-06  1.75230371e-06  1.75230371e-06  1.79990283e+00 
 1.75250371e-06  1.75250371e-06  1.75250371e-06  1.79990285e+00 
 1.75270371e-06  1.75270371e-06  1.75270371e-06  1.79990283e+00 
 1.75290371e-06  1.75290371e-06  1.75290371e-06  1.79990285e+00 
 1.75310371e-06  1.75310371e-06  1.75310371e-06  1.79990283e+00 
 1.75330371e-06  1.75330371e-06  1.75330371e-06  1.79990285e+00 
 1.75350371e-06  1.75350371e-06  1.75350371e-06  1.79990283e+00 
 1.75370371e-06  1.75370371e-06  1.75370371e-06  1.79990285e+00 
 1.75390371e-06  1.75390371e-06  1.75390371e-06  1.79990283e+00 
 1.75410371e-06  1.75410371e-06  1.75410371e-06  1.79990285e+00 
 1.75430371e-06  1.75430371e-06  1.75430371e-06  1.79990283e+00 
 1.75450371e-06  1.75450371e-06  1.75450371e-06  1.79990285e+00 
 1.75470371e-06  1.75470371e-06  1.75470371e-06  1.79990283e+00 
 1.75490371e-06  1.75490371e-06  1.75490371e-06  1.79990285e+00 
 1.75510371e-06  1.75510371e-06  1.75510371e-06  1.79990283e+00 
 1.75530371e-06  1.75530371e-06  1.75530371e-06  1.79990285e+00 
 1.75550371e-06  1.75550371e-06  1.75550371e-06  1.79990283e+00 
 1.75570371e-06  1.75570371e-06  1.75570371e-06  1.79990285e+00 
 1.75590371e-06  1.75590371e-06  1.75590371e-06  1.79990283e+00 
 1.75610371e-06  1.75610371e-06  1.75610371e-06  1.79990285e+00 
 1.75630371e-06  1.75630371e-06  1.75630371e-06  1.79990283e+00 
 1.75650371e-06  1.75650371e-06  1.75650371e-06  1.79990285e+00 
 1.75670371e-06  1.75670371e-06  1.75670371e-06  1.79990283e+00 
 1.75690371e-06  1.75690371e-06  1.75690371e-06  1.79990285e+00 
 1.75710371e-06  1.75710371e-06  1.75710371e-06  1.79990283e+00 
 1.75730371e-06  1.75730371e-06  1.75730371e-06  1.79990285e+00 
 1.75750371e-06  1.75750371e-06  1.75750371e-06  1.79990283e+00 
 1.75770371e-06  1.75770371e-06  1.75770371e-06  1.79990285e+00 
 1.75790371e-06  1.75790371e-06  1.75790371e-06  1.79990283e+00 
 1.75810371e-06  1.75810371e-06  1.75810371e-06  1.79990285e+00 
 1.75830371e-06  1.75830371e-06  1.75830371e-06  1.79990283e+00 
 1.75850371e-06  1.75850371e-06  1.75850371e-06  1.79990285e+00 
 1.75870371e-06  1.75870371e-06  1.75870371e-06  1.79990283e+00 
 1.75890371e-06  1.75890371e-06  1.75890371e-06  1.79990285e+00 
 1.75910371e-06  1.75910371e-06  1.75910371e-06  1.79990283e+00 
 1.75930371e-06  1.75930371e-06  1.75930371e-06  1.79990285e+00 
 1.75950371e-06  1.75950371e-06  1.75950371e-06  1.79990283e+00 
 1.75970371e-06  1.75970371e-06  1.75970371e-06  1.79990285e+00 
 1.75990371e-06  1.75990371e-06  1.75990371e-06  1.79990283e+00 
 1.76010371e-06  1.76010371e-06  1.76010371e-06  1.79990285e+00 
 1.76030371e-06  1.76030371e-06  1.76030371e-06  1.79990283e+00 
 1.76050371e-06  1.76050371e-06  1.76050371e-06  1.79990285e+00 
 1.76070371e-06  1.76070371e-06  1.76070371e-06  1.79990283e+00 
 1.76090371e-06  1.76090371e-06  1.76090371e-06  1.79990285e+00 
 1.76110371e-06  1.76110371e-06  1.76110371e-06  1.79990283e+00 
 1.76130371e-06  1.76130371e-06  1.76130371e-06  1.79990285e+00 
 1.76150371e-06  1.76150371e-06  1.76150371e-06  1.79990283e+00 
 1.76170371e-06  1.76170371e-06  1.76170371e-06  1.79990285e+00 
 1.76190371e-06  1.76190371e-06  1.76190371e-06  1.79990283e+00 
 1.76210371e-06  1.76210371e-06  1.76210371e-06  1.79990285e+00 
 1.76230371e-06  1.76230371e-06  1.76230371e-06  1.79990283e+00 
 1.76250371e-06  1.76250371e-06  1.76250371e-06  1.79990285e+00 
 1.76270371e-06  1.76270371e-06  1.76270371e-06  1.79990283e+00 
 1.76290371e-06  1.76290371e-06  1.76290371e-06  1.79990285e+00 
 1.76310371e-06  1.76310371e-06  1.76310371e-06  1.79990283e+00 
 1.76330371e-06  1.76330371e-06  1.76330371e-06  1.79990285e+00 
 1.76350371e-06  1.76350371e-06  1.76350371e-06  1.79990283e+00 
 1.76370371e-06  1.76370371e-06  1.76370371e-06  1.79990285e+00 
 1.76390371e-06  1.76390371e-06  1.76390371e-06  1.79990283e+00 
 1.76410371e-06  1.76410371e-06  1.76410371e-06  1.79990285e+00 
 1.76430371e-06  1.76430371e-06  1.76430371e-06  1.79990283e+00 
 1.76450371e-06  1.76450371e-06  1.76450371e-06  1.79990285e+00 
 1.76470371e-06  1.76470371e-06  1.76470371e-06  1.79990283e+00 
 1.76490371e-06  1.76490371e-06  1.76490371e-06  1.79990285e+00 
 1.76510371e-06  1.76510371e-06  1.76510371e-06  1.79990283e+00 
 1.76530371e-06  1.76530371e-06  1.76530371e-06  1.79990285e+00 
 1.76550371e-06  1.76550371e-06  1.76550371e-06  1.79990283e+00 
 1.76570371e-06  1.76570371e-06  1.76570371e-06  1.79990285e+00 
 1.76590371e-06  1.76590371e-06  1.76590371e-06  1.79990283e+00 
 1.76610371e-06  1.76610371e-06  1.76610371e-06  1.79990285e+00 
 1.76630371e-06  1.76630371e-06  1.76630371e-06  1.79990283e+00 
 1.76650371e-06  1.76650371e-06  1.76650371e-06  1.79990285e+00 
 1.76670371e-06  1.76670371e-06  1.76670371e-06  1.79990283e+00 
 1.76690371e-06  1.76690371e-06  1.76690371e-06  1.79990285e+00 
 1.76710371e-06  1.76710371e-06  1.76710371e-06  1.79990283e+00 
 1.76730371e-06  1.76730371e-06  1.76730371e-06  1.79990285e+00 
 1.76750371e-06  1.76750371e-06  1.76750371e-06  1.79990283e+00 
 1.76770371e-06  1.76770371e-06  1.76770371e-06  1.79990285e+00 
 1.76790371e-06  1.76790371e-06  1.76790371e-06  1.79990283e+00 
 1.76810371e-06  1.76810371e-06  1.76810371e-06  1.79990285e+00 
 1.76830371e-06  1.76830371e-06  1.76830371e-06  1.79990283e+00 
 1.76850371e-06  1.76850371e-06  1.76850371e-06  1.79990285e+00 
 1.76870371e-06  1.76870371e-06  1.76870371e-06  1.79990283e+00 
 1.76890371e-06  1.76890371e-06  1.76890371e-06  1.79990285e+00 
 1.76910371e-06  1.76910371e-06  1.76910371e-06  1.79990283e+00 
 1.76930371e-06  1.76930371e-06  1.76930371e-06  1.79990285e+00 
 1.76950371e-06  1.76950371e-06  1.76950371e-06  1.79990283e+00 
 1.76970371e-06  1.76970371e-06  1.76970371e-06  1.79990285e+00 
 1.76990371e-06  1.76990371e-06  1.76990371e-06  1.79990283e+00 
 1.77010371e-06  1.77010371e-06  1.77010371e-06  1.79990285e+00 
 1.77030371e-06  1.77030371e-06  1.77030371e-06  1.79990283e+00 
 1.77050371e-06  1.77050371e-06  1.77050371e-06  1.79990285e+00 
 1.77070371e-06  1.77070371e-06  1.77070371e-06  1.79990283e+00 
 1.77090371e-06  1.77090371e-06  1.77090371e-06  1.79990285e+00 
 1.77110371e-06  1.77110371e-06  1.77110371e-06  1.79990283e+00 
 1.77130371e-06  1.77130371e-06  1.77130371e-06  1.79990285e+00 
 1.77150371e-06  1.77150371e-06  1.77150371e-06  1.79990283e+00 
 1.77170371e-06  1.77170371e-06  1.77170371e-06  1.79990285e+00 
 1.77190371e-06  1.77190371e-06  1.77190371e-06  1.79990283e+00 
 1.77210371e-06  1.77210371e-06  1.77210371e-06  1.79990285e+00 
 1.77230371e-06  1.77230371e-06  1.77230371e-06  1.79990283e+00 
 1.77250371e-06  1.77250371e-06  1.77250371e-06  1.79990285e+00 
 1.77270371e-06  1.77270371e-06  1.77270371e-06  1.79990283e+00 
 1.77290371e-06  1.77290371e-06  1.77290371e-06  1.79990285e+00 
 1.77310371e-06  1.77310371e-06  1.77310371e-06  1.79990283e+00 
 1.77330371e-06  1.77330371e-06  1.77330371e-06  1.79990285e+00 
 1.77350371e-06  1.77350371e-06  1.77350371e-06  1.79990283e+00 
 1.77370371e-06  1.77370371e-06  1.77370371e-06  1.79990285e+00 
 1.77390371e-06  1.77390371e-06  1.77390371e-06  1.79990283e+00 
 1.77410371e-06  1.77410371e-06  1.77410371e-06  1.79990285e+00 
 1.77430371e-06  1.77430371e-06  1.77430371e-06  1.79990283e+00 
 1.77450371e-06  1.77450371e-06  1.77450371e-06  1.79990285e+00 
 1.77470371e-06  1.77470371e-06  1.77470371e-06  1.79990283e+00 
 1.77490371e-06  1.77490371e-06  1.77490371e-06  1.79990285e+00 
 1.77510371e-06  1.77510371e-06  1.77510371e-06  1.79990283e+00 
 1.77530371e-06  1.77530371e-06  1.77530371e-06  1.79990285e+00 
 1.77550371e-06  1.77550371e-06  1.77550371e-06  1.79990283e+00 
 1.77570371e-06  1.77570371e-06  1.77570371e-06  1.79990285e+00 
 1.77590371e-06  1.77590371e-06  1.77590371e-06  1.79990283e+00 
 1.77610371e-06  1.77610371e-06  1.77610371e-06  1.79990285e+00 
 1.77630371e-06  1.77630371e-06  1.77630371e-06  1.79990283e+00 
 1.77650371e-06  1.77650371e-06  1.77650371e-06  1.79990285e+00 
 1.77670371e-06  1.77670371e-06  1.77670371e-06  1.79990283e+00 
 1.77690371e-06  1.77690371e-06  1.77690371e-06  1.79990285e+00 
 1.77710371e-06  1.77710371e-06  1.77710371e-06  1.79990283e+00 
 1.77730371e-06  1.77730371e-06  1.77730371e-06  1.79990285e+00 
 1.77750371e-06  1.77750371e-06  1.77750371e-06  1.79990283e+00 
 1.77770371e-06  1.77770371e-06  1.77770371e-06  1.79990285e+00 
 1.77790371e-06  1.77790371e-06  1.77790371e-06  1.79990283e+00 
 1.77810371e-06  1.77810371e-06  1.77810371e-06  1.79990285e+00 
 1.77830371e-06  1.77830371e-06  1.77830371e-06  1.79990283e+00 
 1.77850371e-06  1.77850371e-06  1.77850371e-06  1.79990285e+00 
 1.77870371e-06  1.77870371e-06  1.77870371e-06  1.79990283e+00 
 1.77890371e-06  1.77890371e-06  1.77890371e-06  1.79990285e+00 
 1.77910371e-06  1.77910371e-06  1.77910371e-06  1.79990283e+00 
 1.77930371e-06  1.77930371e-06  1.77930371e-06  1.79990285e+00 
 1.77950371e-06  1.77950371e-06  1.77950371e-06  1.79990283e+00 
 1.77970371e-06  1.77970371e-06  1.77970371e-06  1.79990285e+00 
 1.77990371e-06  1.77990371e-06  1.77990371e-06  1.79990283e+00 
 1.78010371e-06  1.78010371e-06  1.78010371e-06  1.79990285e+00 
 1.78030371e-06  1.78030371e-06  1.78030371e-06  1.79990283e+00 
 1.78050371e-06  1.78050371e-06  1.78050371e-06  1.79990285e+00 
 1.78070371e-06  1.78070371e-06  1.78070371e-06  1.79990283e+00 
 1.78090371e-06  1.78090371e-06  1.78090371e-06  1.79990285e+00 
 1.78110371e-06  1.78110371e-06  1.78110371e-06  1.79990283e+00 
 1.78130371e-06  1.78130371e-06  1.78130371e-06  1.79990285e+00 
 1.78150371e-06  1.78150371e-06  1.78150371e-06  1.79990283e+00 
 1.78170371e-06  1.78170371e-06  1.78170371e-06  1.79990285e+00 
 1.78190371e-06  1.78190371e-06  1.78190371e-06  1.79990283e+00 
 1.78210371e-06  1.78210371e-06  1.78210371e-06  1.79990285e+00 
 1.78230371e-06  1.78230371e-06  1.78230371e-06  1.79990283e+00 
 1.78250371e-06  1.78250371e-06  1.78250371e-06  1.79990285e+00 
 1.78270371e-06  1.78270371e-06  1.78270371e-06  1.79990283e+00 
 1.78290371e-06  1.78290371e-06  1.78290371e-06  1.79990285e+00 
 1.78310371e-06  1.78310371e-06  1.78310371e-06  1.79990283e+00 
 1.78330371e-06  1.78330371e-06  1.78330371e-06  1.79990285e+00 
 1.78350371e-06  1.78350371e-06  1.78350371e-06  1.79990283e+00 
 1.78370371e-06  1.78370371e-06  1.78370371e-06  1.79990285e+00 
 1.78390371e-06  1.78390371e-06  1.78390371e-06  1.79990283e+00 
 1.78410371e-06  1.78410371e-06  1.78410371e-06  1.79990285e+00 
 1.78430371e-06  1.78430371e-06  1.78430371e-06  1.79990283e+00 
 1.78450371e-06  1.78450371e-06  1.78450371e-06  1.79990285e+00 
 1.78470371e-06  1.78470371e-06  1.78470371e-06  1.79990283e+00 
 1.78490371e-06  1.78490371e-06  1.78490371e-06  1.79990285e+00 
 1.78510371e-06  1.78510371e-06  1.78510371e-06  1.79990283e+00 
 1.78530371e-06  1.78530371e-06  1.78530371e-06  1.79990285e+00 
 1.78550371e-06  1.78550371e-06  1.78550371e-06  1.79990283e+00 
 1.78570371e-06  1.78570371e-06  1.78570371e-06  1.79990285e+00 
 1.78590371e-06  1.78590371e-06  1.78590371e-06  1.79990283e+00 
 1.78610371e-06  1.78610371e-06  1.78610371e-06  1.79990285e+00 
 1.78630371e-06  1.78630371e-06  1.78630371e-06  1.79990283e+00 
 1.78650371e-06  1.78650371e-06  1.78650371e-06  1.79990285e+00 
 1.78670371e-06  1.78670371e-06  1.78670371e-06  1.79990283e+00 
 1.78690371e-06  1.78690371e-06  1.78690371e-06  1.79990285e+00 
 1.78710371e-06  1.78710371e-06  1.78710371e-06  1.79990283e+00 
 1.78730371e-06  1.78730371e-06  1.78730371e-06  1.79990285e+00 
 1.78750371e-06  1.78750371e-06  1.78750371e-06  1.79990283e+00 
 1.78770371e-06  1.78770371e-06  1.78770371e-06  1.79990285e+00 
 1.78790371e-06  1.78790371e-06  1.78790371e-06  1.79990283e+00 
 1.78810371e-06  1.78810371e-06  1.78810371e-06  1.79990285e+00 
 1.78830371e-06  1.78830371e-06  1.78830371e-06  1.79990283e+00 
 1.78850371e-06  1.78850371e-06  1.78850371e-06  1.79990285e+00 
 1.78870371e-06  1.78870371e-06  1.78870371e-06  1.79990283e+00 
 1.78890371e-06  1.78890371e-06  1.78890371e-06  1.79990285e+00 
 1.78910371e-06  1.78910371e-06  1.78910371e-06  1.79990283e+00 
 1.78930371e-06  1.78930371e-06  1.78930371e-06  1.79990285e+00 
 1.78950371e-06  1.78950371e-06  1.78950371e-06  1.79990283e+00 
 1.78970371e-06  1.78970371e-06  1.78970371e-06  1.79990285e+00 
 1.78990371e-06  1.78990371e-06  1.78990371e-06  1.79990283e+00 
 1.79010371e-06  1.79010371e-06  1.79010371e-06  1.79990285e+00 
 1.79030371e-06  1.79030371e-06  1.79030371e-06  1.79990283e+00 
 1.79050371e-06  1.79050371e-06  1.79050371e-06  1.79990285e+00 
 1.79070371e-06  1.79070371e-06  1.79070371e-06  1.79990283e+00 
 1.79090371e-06  1.79090371e-06  1.79090371e-06  1.79990285e+00 
 1.79110371e-06  1.79110371e-06  1.79110371e-06  1.79990283e+00 
 1.79130371e-06  1.79130371e-06  1.79130371e-06  1.79990285e+00 
 1.79150371e-06  1.79150371e-06  1.79150371e-06  1.79990283e+00 
 1.79170371e-06  1.79170371e-06  1.79170371e-06  1.79990285e+00 
 1.79190371e-06  1.79190371e-06  1.79190371e-06  1.79990283e+00 
 1.79210371e-06  1.79210371e-06  1.79210371e-06  1.79990285e+00 
 1.79230371e-06  1.79230371e-06  1.79230371e-06  1.79990283e+00 
 1.79250371e-06  1.79250371e-06  1.79250371e-06  1.79990285e+00 
 1.79270371e-06  1.79270371e-06  1.79270371e-06  1.79990283e+00 
 1.79290371e-06  1.79290371e-06  1.79290371e-06  1.79990285e+00 
 1.79310371e-06  1.79310371e-06  1.79310371e-06  1.79990283e+00 
 1.79330371e-06  1.79330371e-06  1.79330371e-06  1.79990285e+00 
 1.79350371e-06  1.79350371e-06  1.79350371e-06  1.79990283e+00 
 1.79370371e-06  1.79370371e-06  1.79370371e-06  1.79990285e+00 
 1.79390371e-06  1.79390371e-06  1.79390371e-06  1.79990283e+00 
 1.79410371e-06  1.79410371e-06  1.79410371e-06  1.79990285e+00 
 1.79430371e-06  1.79430371e-06  1.79430371e-06  1.79990283e+00 
 1.79450371e-06  1.79450371e-06  1.79450371e-06  1.79990285e+00 
 1.79470371e-06  1.79470371e-06  1.79470371e-06  1.79990283e+00 
 1.79490371e-06  1.79490371e-06  1.79490371e-06  1.79990285e+00 
 1.79510371e-06  1.79510371e-06  1.79510371e-06  1.79990283e+00 
 1.79530371e-06  1.79530371e-06  1.79530371e-06  1.79990285e+00 
 1.79550371e-06  1.79550371e-06  1.79550371e-06  1.79990283e+00 
 1.79570371e-06  1.79570371e-06  1.79570371e-06  1.79990285e+00 
 1.79590371e-06  1.79590371e-06  1.79590371e-06  1.79990283e+00 
 1.79610371e-06  1.79610371e-06  1.79610371e-06  1.79990285e+00 
 1.79630371e-06  1.79630371e-06  1.79630371e-06  1.79990283e+00 
 1.79650371e-06  1.79650371e-06  1.79650371e-06  1.79990285e+00 
 1.79670371e-06  1.79670371e-06  1.79670371e-06  1.79990283e+00 
 1.79690371e-06  1.79690371e-06  1.79690371e-06  1.79990285e+00 
 1.79710371e-06  1.79710371e-06  1.79710371e-06  1.79990283e+00 
 1.79730371e-06  1.79730371e-06  1.79730371e-06  1.79990285e+00 
 1.79750371e-06  1.79750371e-06  1.79750371e-06  1.79990283e+00 
 1.79770371e-06  1.79770371e-06  1.79770371e-06  1.79990285e+00 
 1.79790371e-06  1.79790371e-06  1.79790371e-06  1.79990283e+00 
 1.79810371e-06  1.79810371e-06  1.79810371e-06  1.79990285e+00 
 1.79830371e-06  1.79830371e-06  1.79830371e-06  1.79990283e+00 
 1.79850371e-06  1.79850371e-06  1.79850371e-06  1.79990285e+00 
 1.79870371e-06  1.79870371e-06  1.79870371e-06  1.79990283e+00 
 1.79890371e-06  1.79890371e-06  1.79890371e-06  1.79990285e+00 
 1.79910371e-06  1.79910371e-06  1.79910371e-06  1.79990283e+00 
 1.79930371e-06  1.79930371e-06  1.79930371e-06  1.79990285e+00 
 1.79950371e-06  1.79950371e-06  1.79950371e-06  1.79990283e+00 
 1.79970371e-06  1.79970371e-06  1.79970371e-06  1.79990285e+00 
 1.79990371e-06  1.79990371e-06  1.79990371e-06  1.79990283e+00 
 1.80010371e-06  1.80010371e-06  1.80010371e-06  1.79990285e+00 
 1.80030371e-06  1.80030371e-06  1.80030371e-06  1.79990283e+00 
 1.80050371e-06  1.80050371e-06  1.80050371e-06  1.79990285e+00 
 1.80070371e-06  1.80070371e-06  1.80070371e-06  1.79990283e+00 
 1.80090371e-06  1.80090371e-06  1.80090371e-06  1.79990285e+00 
 1.80110371e-06  1.80110371e-06  1.80110371e-06  1.79990283e+00 
 1.80130371e-06  1.80130371e-06  1.80130371e-06  1.79990285e+00 
 1.80150371e-06  1.80150371e-06  1.80150371e-06  1.79990283e+00 
 1.80170371e-06  1.80170371e-06  1.80170371e-06  1.79990285e+00 
 1.80190371e-06  1.80190371e-06  1.80190371e-06  1.79990283e+00 
 1.80210371e-06  1.80210371e-06  1.80210371e-06  1.79990285e+00 
 1.80230371e-06  1.80230371e-06  1.80230371e-06  1.79990283e+00 
 1.80250371e-06  1.80250371e-06  1.80250371e-06  1.79990285e+00 
 1.80270371e-06  1.80270371e-06  1.80270371e-06  1.79990283e+00 
 1.80290371e-06  1.80290371e-06  1.80290371e-06  1.79990285e+00 
 1.80310371e-06  1.80310371e-06  1.80310371e-06  1.79990283e+00 
 1.80330371e-06  1.80330371e-06  1.80330371e-06  1.79990285e+00 
 1.80350371e-06  1.80350371e-06  1.80350371e-06  1.79990283e+00 
 1.80370371e-06  1.80370371e-06  1.80370371e-06  1.79990285e+00 
 1.80390371e-06  1.80390371e-06  1.80390371e-06  1.79990283e+00 
 1.80410371e-06  1.80410371e-06  1.80410371e-06  1.79990285e+00 
 1.80430371e-06  1.80430371e-06  1.80430371e-06  1.79990283e+00 
 1.80450371e-06  1.80450371e-06  1.80450371e-06  1.79990285e+00 
 1.80470371e-06  1.80470371e-06  1.80470371e-06  1.79990283e+00 
 1.80490371e-06  1.80490371e-06  1.80490371e-06  1.79990285e+00 
 1.80510371e-06  1.80510371e-06  1.80510371e-06  1.79990283e+00 
 1.80530371e-06  1.80530371e-06  1.80530371e-06  1.79990285e+00 
 1.80550371e-06  1.80550371e-06  1.80550371e-06  1.79990283e+00 
 1.80570371e-06  1.80570371e-06  1.80570371e-06  1.79990285e+00 
 1.80590371e-06  1.80590371e-06  1.80590371e-06  1.79990283e+00 
 1.80610371e-06  1.80610371e-06  1.80610371e-06  1.79990285e+00 
 1.80630371e-06  1.80630371e-06  1.80630371e-06  1.79990283e+00 
 1.80650371e-06  1.80650371e-06  1.80650371e-06  1.79990285e+00 
 1.80670371e-06  1.80670371e-06  1.80670371e-06  1.79990283e+00 
 1.80690371e-06  1.80690371e-06  1.80690371e-06  1.79990285e+00 
 1.80710371e-06  1.80710371e-06  1.80710371e-06  1.79990283e+00 
 1.80730371e-06  1.80730371e-06  1.80730371e-06  1.79990285e+00 
 1.80750371e-06  1.80750371e-06  1.80750371e-06  1.79990283e+00 
 1.80770371e-06  1.80770371e-06  1.80770371e-06  1.79990285e+00 
 1.80790371e-06  1.80790371e-06  1.80790371e-06  1.79990283e+00 
 1.80810371e-06  1.80810371e-06  1.80810371e-06  1.79990285e+00 
 1.80830371e-06  1.80830371e-06  1.80830371e-06  1.79990283e+00 
 1.80850371e-06  1.80850371e-06  1.80850371e-06  1.79990285e+00 
 1.80870371e-06  1.80870371e-06  1.80870371e-06  1.79990283e+00 
 1.80890371e-06  1.80890371e-06  1.80890371e-06  1.79990285e+00 
 1.80910371e-06  1.80910371e-06  1.80910371e-06  1.79990283e+00 
 1.80930371e-06  1.80930371e-06  1.80930371e-06  1.79990285e+00 
 1.80950371e-06  1.80950371e-06  1.80950371e-06  1.79990283e+00 
 1.80970371e-06  1.80970371e-06  1.80970371e-06  1.79990285e+00 
 1.80990371e-06  1.80990371e-06  1.80990371e-06  1.79990283e+00 
 1.81010371e-06  1.81010371e-06  1.81010371e-06  1.79990285e+00 
 1.81030371e-06  1.81030371e-06  1.81030371e-06  1.79990283e+00 
 1.81050371e-06  1.81050371e-06  1.81050371e-06  1.79990285e+00 
 1.81070371e-06  1.81070371e-06  1.81070371e-06  1.79990283e+00 
 1.81090371e-06  1.81090371e-06  1.81090371e-06  1.79990285e+00 
 1.81110371e-06  1.81110371e-06  1.81110371e-06  1.79990283e+00 
 1.81130371e-06  1.81130371e-06  1.81130371e-06  1.79990285e+00 
 1.81150371e-06  1.81150371e-06  1.81150371e-06  1.79990283e+00 
 1.81170371e-06  1.81170371e-06  1.81170371e-06  1.79990285e+00 
 1.81190371e-06  1.81190371e-06  1.81190371e-06  1.79990283e+00 
 1.81210371e-06  1.81210371e-06  1.81210371e-06  1.79990285e+00 
 1.81230371e-06  1.81230371e-06  1.81230371e-06  1.79990283e+00 
 1.81250371e-06  1.81250371e-06  1.81250371e-06  1.79990285e+00 
 1.81270371e-06  1.81270371e-06  1.81270371e-06  1.79990283e+00 
 1.81290371e-06  1.81290371e-06  1.81290371e-06  1.79990285e+00 
 1.81310371e-06  1.81310371e-06  1.81310371e-06  1.79990283e+00 
 1.81330371e-06  1.81330371e-06  1.81330371e-06  1.79990285e+00 
 1.81350371e-06  1.81350371e-06  1.81350371e-06  1.79990283e+00 
 1.81370371e-06  1.81370371e-06  1.81370371e-06  1.79990285e+00 
 1.81390371e-06  1.81390371e-06  1.81390371e-06  1.79990283e+00 
 1.81410371e-06  1.81410371e-06  1.81410371e-06  1.79990285e+00 
 1.81430371e-06  1.81430371e-06  1.81430371e-06  1.79990283e+00 
 1.81450371e-06  1.81450371e-06  1.81450371e-06  1.79990285e+00 
 1.81470371e-06  1.81470371e-06  1.81470371e-06  1.79990283e+00 
 1.81490371e-06  1.81490371e-06  1.81490371e-06  1.79990285e+00 
 1.81510371e-06  1.81510371e-06  1.81510371e-06  1.79990283e+00 
 1.81530371e-06  1.81530371e-06  1.81530371e-06  1.79990285e+00 
 1.81550371e-06  1.81550371e-06  1.81550371e-06  1.79990283e+00 
 1.81570371e-06  1.81570371e-06  1.81570371e-06  1.79990285e+00 
 1.81590371e-06  1.81590371e-06  1.81590371e-06  1.79990283e+00 
 1.81610371e-06  1.81610371e-06  1.81610371e-06  1.79990285e+00 
 1.81630371e-06  1.81630371e-06  1.81630371e-06  1.79990283e+00 
 1.81650371e-06  1.81650371e-06  1.81650371e-06  1.79990285e+00 
 1.81670371e-06  1.81670371e-06  1.81670371e-06  1.79990283e+00 
 1.81690371e-06  1.81690371e-06  1.81690371e-06  1.79990285e+00 
 1.81710371e-06  1.81710371e-06  1.81710371e-06  1.79990283e+00 
 1.81730371e-06  1.81730371e-06  1.81730371e-06  1.79990285e+00 
 1.81750371e-06  1.81750371e-06  1.81750371e-06  1.79990283e+00 
 1.81770371e-06  1.81770371e-06  1.81770371e-06  1.79990285e+00 
 1.81790371e-06  1.81790371e-06  1.81790371e-06  1.79990283e+00 
 1.81810371e-06  1.81810371e-06  1.81810371e-06  1.79990285e+00 
 1.81830371e-06  1.81830371e-06  1.81830371e-06  1.79990283e+00 
 1.81850371e-06  1.81850371e-06  1.81850371e-06  1.79990285e+00 
 1.81870371e-06  1.81870371e-06  1.81870371e-06  1.79990283e+00 
 1.81890371e-06  1.81890371e-06  1.81890371e-06  1.79990285e+00 
 1.81910371e-06  1.81910371e-06  1.81910371e-06  1.79990283e+00 
 1.81930371e-06  1.81930371e-06  1.81930371e-06  1.79990285e+00 
 1.81950371e-06  1.81950371e-06  1.81950371e-06  1.79990283e+00 
 1.81970371e-06  1.81970371e-06  1.81970371e-06  1.79990285e+00 
 1.81990371e-06  1.81990371e-06  1.81990371e-06  1.79990283e+00 
 1.82010371e-06  1.82010371e-06  1.82010371e-06  1.79990285e+00 
 1.82030371e-06  1.82030371e-06  1.82030371e-06  1.79990283e+00 
 1.82050371e-06  1.82050371e-06  1.82050371e-06  1.79990285e+00 
 1.82070371e-06  1.82070371e-06  1.82070371e-06  1.79990283e+00 
 1.82090371e-06  1.82090371e-06  1.82090371e-06  1.79990285e+00 
 1.82110371e-06  1.82110371e-06  1.82110371e-06  1.79990283e+00 
 1.82130371e-06  1.82130371e-06  1.82130371e-06  1.79990285e+00 
 1.82150371e-06  1.82150371e-06  1.82150371e-06  1.79990283e+00 
 1.82170371e-06  1.82170371e-06  1.82170371e-06  1.79990285e+00 
 1.82190371e-06  1.82190371e-06  1.82190371e-06  1.79990283e+00 
 1.82210371e-06  1.82210371e-06  1.82210371e-06  1.79990285e+00 
 1.82230371e-06  1.82230371e-06  1.82230371e-06  1.79990283e+00 
 1.82250371e-06  1.82250371e-06  1.82250371e-06  1.79990285e+00 
 1.82270371e-06  1.82270371e-06  1.82270371e-06  1.79990283e+00 
 1.82290371e-06  1.82290371e-06  1.82290371e-06  1.79990285e+00 
 1.82310371e-06  1.82310371e-06  1.82310371e-06  1.79990283e+00 
 1.82330371e-06  1.82330371e-06  1.82330371e-06  1.79990285e+00 
 1.82350371e-06  1.82350371e-06  1.82350371e-06  1.79990283e+00 
 1.82370371e-06  1.82370371e-06  1.82370371e-06  1.79990285e+00 
 1.82390371e-06  1.82390371e-06  1.82390371e-06  1.79990283e+00 
 1.82410371e-06  1.82410371e-06  1.82410371e-06  1.79990285e+00 
 1.82430371e-06  1.82430371e-06  1.82430371e-06  1.79990283e+00 
 1.82450371e-06  1.82450371e-06  1.82450371e-06  1.79990285e+00 
 1.82470371e-06  1.82470371e-06  1.82470371e-06  1.79990283e+00 
 1.82490371e-06  1.82490371e-06  1.82490371e-06  1.79990285e+00 
 1.82510371e-06  1.82510371e-06  1.82510371e-06  1.79990283e+00 
 1.82530371e-06  1.82530371e-06  1.82530371e-06  1.79990285e+00 
 1.82550371e-06  1.82550371e-06  1.82550371e-06  1.79990283e+00 
 1.82570371e-06  1.82570371e-06  1.82570371e-06  1.79990285e+00 
 1.82590371e-06  1.82590371e-06  1.82590371e-06  1.79990283e+00 
 1.82610371e-06  1.82610371e-06  1.82610371e-06  1.79990285e+00 
 1.82630371e-06  1.82630371e-06  1.82630371e-06  1.79990283e+00 
 1.82650371e-06  1.82650371e-06  1.82650371e-06  1.79990285e+00 
 1.82670371e-06  1.82670371e-06  1.82670371e-06  1.79990283e+00 
 1.82690371e-06  1.82690371e-06  1.82690371e-06  1.79990285e+00 
 1.82710371e-06  1.82710371e-06  1.82710371e-06  1.79990283e+00 
 1.82730371e-06  1.82730371e-06  1.82730371e-06  1.79990285e+00 
 1.82750371e-06  1.82750371e-06  1.82750371e-06  1.79990283e+00 
 1.82770371e-06  1.82770371e-06  1.82770371e-06  1.79990285e+00 
 1.82790371e-06  1.82790371e-06  1.82790371e-06  1.79990283e+00 
 1.82810371e-06  1.82810371e-06  1.82810371e-06  1.79990285e+00 
 1.82830371e-06  1.82830371e-06  1.82830371e-06  1.79990283e+00 
 1.82850371e-06  1.82850371e-06  1.82850371e-06  1.79990285e+00 
 1.82870371e-06  1.82870371e-06  1.82870371e-06  1.79990283e+00 
 1.82890371e-06  1.82890371e-06  1.82890371e-06  1.79990285e+00 
 1.82910371e-06  1.82910371e-06  1.82910371e-06  1.79990283e+00 
 1.82930371e-06  1.82930371e-06  1.82930371e-06  1.79990285e+00 
 1.82950371e-06  1.82950371e-06  1.82950371e-06  1.79990283e+00 
 1.82970371e-06  1.82970371e-06  1.82970371e-06  1.79990285e+00 
 1.82990371e-06  1.82990371e-06  1.82990371e-06  1.79990283e+00 
 1.83010371e-06  1.83010371e-06  1.83010371e-06  1.79990285e+00 
 1.83030371e-06  1.83030371e-06  1.83030371e-06  1.79990283e+00 
 1.83050371e-06  1.83050371e-06  1.83050371e-06  1.79990285e+00 
 1.83070371e-06  1.83070371e-06  1.83070371e-06  1.79990283e+00 
 1.83090371e-06  1.83090371e-06  1.83090371e-06  1.79990285e+00 
 1.83110371e-06  1.83110371e-06  1.83110371e-06  1.79990283e+00 
 1.83130371e-06  1.83130371e-06  1.83130371e-06  1.79990285e+00 
 1.83150371e-06  1.83150371e-06  1.83150371e-06  1.79990283e+00 
 1.83170371e-06  1.83170371e-06  1.83170371e-06  1.79990285e+00 
 1.83190371e-06  1.83190371e-06  1.83190371e-06  1.79990283e+00 
 1.83210371e-06  1.83210371e-06  1.83210371e-06  1.79990285e+00 
 1.83230371e-06  1.83230371e-06  1.83230371e-06  1.79990283e+00 
 1.83250371e-06  1.83250371e-06  1.83250371e-06  1.79990285e+00 
 1.83270371e-06  1.83270371e-06  1.83270371e-06  1.79990283e+00 
 1.83290371e-06  1.83290371e-06  1.83290371e-06  1.79990285e+00 
 1.83310371e-06  1.83310371e-06  1.83310371e-06  1.79990283e+00 
 1.83330371e-06  1.83330371e-06  1.83330371e-06  1.79990285e+00 
 1.83350371e-06  1.83350371e-06  1.83350371e-06  1.79990283e+00 
 1.83370371e-06  1.83370371e-06  1.83370371e-06  1.79990285e+00 
 1.83390371e-06  1.83390371e-06  1.83390371e-06  1.79990283e+00 
 1.83410371e-06  1.83410371e-06  1.83410371e-06  1.79990285e+00 
 1.83430371e-06  1.83430371e-06  1.83430371e-06  1.79990283e+00 
 1.83450371e-06  1.83450371e-06  1.83450371e-06  1.79990285e+00 
 1.83470371e-06  1.83470371e-06  1.83470371e-06  1.79990283e+00 
 1.83490371e-06  1.83490371e-06  1.83490371e-06  1.79990285e+00 
 1.83510371e-06  1.83510371e-06  1.83510371e-06  1.79990283e+00 
 1.83530371e-06  1.83530371e-06  1.83530371e-06  1.79990285e+00 
 1.83550371e-06  1.83550371e-06  1.83550371e-06  1.79990283e+00 
 1.83570371e-06  1.83570371e-06  1.83570371e-06  1.79990285e+00 
 1.83590371e-06  1.83590371e-06  1.83590371e-06  1.79990283e+00 
 1.83610371e-06  1.83610371e-06  1.83610371e-06  1.79990285e+00 
 1.83630371e-06  1.83630371e-06  1.83630371e-06  1.79990283e+00 
 1.83650371e-06  1.83650371e-06  1.83650371e-06  1.79990285e+00 
 1.83670371e-06  1.83670371e-06  1.83670371e-06  1.79990283e+00 
 1.83690371e-06  1.83690371e-06  1.83690371e-06  1.79990285e+00 
 1.83710371e-06  1.83710371e-06  1.83710371e-06  1.79990283e+00 
 1.83730371e-06  1.83730371e-06  1.83730371e-06  1.79990285e+00 
 1.83750371e-06  1.83750371e-06  1.83750371e-06  1.79990283e+00 
 1.83770371e-06  1.83770371e-06  1.83770371e-06  1.79990285e+00 
 1.83790371e-06  1.83790371e-06  1.83790371e-06  1.79990283e+00 
 1.83810371e-06  1.83810371e-06  1.83810371e-06  1.79990285e+00 
 1.83830371e-06  1.83830371e-06  1.83830371e-06  1.79990283e+00 
 1.83850371e-06  1.83850371e-06  1.83850371e-06  1.79990285e+00 
 1.83870371e-06  1.83870371e-06  1.83870371e-06  1.79990283e+00 
 1.83890371e-06  1.83890371e-06  1.83890371e-06  1.79990285e+00 
 1.83910371e-06  1.83910371e-06  1.83910371e-06  1.79990283e+00 
 1.83930371e-06  1.83930371e-06  1.83930371e-06  1.79990285e+00 
 1.83950371e-06  1.83950371e-06  1.83950371e-06  1.79990283e+00 
 1.83970371e-06  1.83970371e-06  1.83970371e-06  1.79990285e+00 
 1.83990371e-06  1.83990371e-06  1.83990371e-06  1.79990283e+00 
 1.84010371e-06  1.84010371e-06  1.84010371e-06  1.79990285e+00 
 1.84030371e-06  1.84030371e-06  1.84030371e-06  1.79990283e+00 
 1.84050371e-06  1.84050371e-06  1.84050371e-06  1.79990285e+00 
 1.84070371e-06  1.84070371e-06  1.84070371e-06  1.79990283e+00 
 1.84090371e-06  1.84090371e-06  1.84090371e-06  1.79990285e+00 
 1.84110371e-06  1.84110371e-06  1.84110371e-06  1.79990283e+00 
 1.84130371e-06  1.84130371e-06  1.84130371e-06  1.79990285e+00 
 1.84150371e-06  1.84150371e-06  1.84150371e-06  1.79990283e+00 
 1.84170371e-06  1.84170371e-06  1.84170371e-06  1.79990285e+00 
 1.84190371e-06  1.84190371e-06  1.84190371e-06  1.79990283e+00 
 1.84210371e-06  1.84210371e-06  1.84210371e-06  1.79990285e+00 
 1.84230371e-06  1.84230371e-06  1.84230371e-06  1.79990283e+00 
 1.84250371e-06  1.84250371e-06  1.84250371e-06  1.79990285e+00 
 1.84270371e-06  1.84270371e-06  1.84270371e-06  1.79990283e+00 
 1.84290371e-06  1.84290371e-06  1.84290371e-06  1.79990285e+00 
 1.84310371e-06  1.84310371e-06  1.84310371e-06  1.79990283e+00 
 1.84330371e-06  1.84330371e-06  1.84330371e-06  1.79990285e+00 
 1.84350371e-06  1.84350371e-06  1.84350371e-06  1.79990283e+00 
 1.84370371e-06  1.84370371e-06  1.84370371e-06  1.79990285e+00 
 1.84390371e-06  1.84390371e-06  1.84390371e-06  1.79990283e+00 
 1.84410371e-06  1.84410371e-06  1.84410371e-06  1.79990285e+00 
 1.84430371e-06  1.84430371e-06  1.84430371e-06  1.79990283e+00 
 1.84450371e-06  1.84450371e-06  1.84450371e-06  1.79990285e+00 
 1.84470371e-06  1.84470371e-06  1.84470371e-06  1.79990283e+00 
 1.84490371e-06  1.84490371e-06  1.84490371e-06  1.79990285e+00 
 1.84510371e-06  1.84510371e-06  1.84510371e-06  1.79990283e+00 
 1.84530371e-06  1.84530371e-06  1.84530371e-06  1.79990285e+00 
 1.84550371e-06  1.84550371e-06  1.84550371e-06  1.79990283e+00 
 1.84570371e-06  1.84570371e-06  1.84570371e-06  1.79990285e+00 
 1.84590371e-06  1.84590371e-06  1.84590371e-06  1.79990283e+00 
 1.84610371e-06  1.84610371e-06  1.84610371e-06  1.79990285e+00 
 1.84630371e-06  1.84630371e-06  1.84630371e-06  1.79990283e+00 
 1.84650371e-06  1.84650371e-06  1.84650371e-06  1.79990285e+00 
 1.84670371e-06  1.84670371e-06  1.84670371e-06  1.79990283e+00 
 1.84690371e-06  1.84690371e-06  1.84690371e-06  1.79990285e+00 
 1.84710371e-06  1.84710371e-06  1.84710371e-06  1.79990283e+00 
 1.84730371e-06  1.84730371e-06  1.84730371e-06  1.79990285e+00 
 1.84750371e-06  1.84750371e-06  1.84750371e-06  1.79990283e+00 
 1.84770371e-06  1.84770371e-06  1.84770371e-06  1.79990285e+00 
 1.84790371e-06  1.84790371e-06  1.84790371e-06  1.79990283e+00 
 1.84810371e-06  1.84810371e-06  1.84810371e-06  1.79990285e+00 
 1.84830371e-06  1.84830371e-06  1.84830371e-06  1.79990283e+00 
 1.84850371e-06  1.84850371e-06  1.84850371e-06  1.79990285e+00 
 1.84870371e-06  1.84870371e-06  1.84870371e-06  1.79990283e+00 
 1.84890371e-06  1.84890371e-06  1.84890371e-06  1.79990285e+00 
 1.84910371e-06  1.84910371e-06  1.84910371e-06  1.79990283e+00 
 1.84930371e-06  1.84930371e-06  1.84930371e-06  1.79990285e+00 
 1.84950371e-06  1.84950371e-06  1.84950371e-06  1.79990283e+00 
 1.84970371e-06  1.84970371e-06  1.84970371e-06  1.79990285e+00 
 1.84990371e-06  1.84990371e-06  1.84990371e-06  1.79990283e+00 
 1.85010371e-06  1.85010371e-06  1.85010371e-06  1.79990285e+00 
 1.85030371e-06  1.85030371e-06  1.85030371e-06  1.79990283e+00 
 1.85050371e-06  1.85050371e-06  1.85050371e-06  1.79990285e+00 
 1.85070371e-06  1.85070371e-06  1.85070371e-06  1.79990283e+00 
 1.85090371e-06  1.85090371e-06  1.85090371e-06  1.79990285e+00 
 1.85110371e-06  1.85110371e-06  1.85110371e-06  1.79990283e+00 
 1.85130371e-06  1.85130371e-06  1.85130371e-06  1.79990285e+00 
 1.85150371e-06  1.85150371e-06  1.85150371e-06  1.79990283e+00 
 1.85170371e-06  1.85170371e-06  1.85170371e-06  1.79990285e+00 
 1.85190371e-06  1.85190371e-06  1.85190371e-06  1.79990283e+00 
 1.85210371e-06  1.85210371e-06  1.85210371e-06  1.79990285e+00 
 1.85230371e-06  1.85230371e-06  1.85230371e-06  1.79990283e+00 
 1.85250371e-06  1.85250371e-06  1.85250371e-06  1.79990285e+00 
 1.85270371e-06  1.85270371e-06  1.85270371e-06  1.79990283e+00 
 1.85290371e-06  1.85290371e-06  1.85290371e-06  1.79990285e+00 
 1.85310371e-06  1.85310371e-06  1.85310371e-06  1.79990283e+00 
 1.85330371e-06  1.85330371e-06  1.85330371e-06  1.79990285e+00 
 1.85350371e-06  1.85350371e-06  1.85350371e-06  1.79990283e+00 
 1.85370371e-06  1.85370371e-06  1.85370371e-06  1.79990285e+00 
 1.85390371e-06  1.85390371e-06  1.85390371e-06  1.79990283e+00 
 1.85410371e-06  1.85410371e-06  1.85410371e-06  1.79990285e+00 
 1.85430371e-06  1.85430371e-06  1.85430371e-06  1.79990283e+00 
 1.85450371e-06  1.85450371e-06  1.85450371e-06  1.79990285e+00 
 1.85470371e-06  1.85470371e-06  1.85470371e-06  1.79990283e+00 
 1.85490371e-06  1.85490371e-06  1.85490371e-06  1.79990285e+00 
 1.85510371e-06  1.85510371e-06  1.85510371e-06  1.79990283e+00 
 1.85530371e-06  1.85530371e-06  1.85530371e-06  1.79990285e+00 
 1.85550371e-06  1.85550371e-06  1.85550371e-06  1.79990283e+00 
 1.85570371e-06  1.85570371e-06  1.85570371e-06  1.79990285e+00 
 1.85590371e-06  1.85590371e-06  1.85590371e-06  1.79990283e+00 
 1.85610371e-06  1.85610371e-06  1.85610371e-06  1.79990285e+00 
 1.85630371e-06  1.85630371e-06  1.85630371e-06  1.79990283e+00 
 1.85650371e-06  1.85650371e-06  1.85650371e-06  1.79990285e+00 
 1.85670371e-06  1.85670371e-06  1.85670371e-06  1.79990283e+00 
 1.85690371e-06  1.85690371e-06  1.85690371e-06  1.79990285e+00 
 1.85710371e-06  1.85710371e-06  1.85710371e-06  1.79990283e+00 
 1.85730371e-06  1.85730371e-06  1.85730371e-06  1.79990285e+00 
 1.85750371e-06  1.85750371e-06  1.85750371e-06  1.79990283e+00 
 1.85770371e-06  1.85770371e-06  1.85770371e-06  1.79990285e+00 
 1.85790371e-06  1.85790371e-06  1.85790371e-06  1.79990283e+00 
 1.85810371e-06  1.85810371e-06  1.85810371e-06  1.79990285e+00 
 1.85830371e-06  1.85830371e-06  1.85830371e-06  1.79990283e+00 
 1.85850371e-06  1.85850371e-06  1.85850371e-06  1.79990285e+00 
 1.85870371e-06  1.85870371e-06  1.85870371e-06  1.79990283e+00 
 1.85890371e-06  1.85890371e-06  1.85890371e-06  1.79990285e+00 
 1.85910371e-06  1.85910371e-06  1.85910371e-06  1.79990283e+00 
 1.85930371e-06  1.85930371e-06  1.85930371e-06  1.79990285e+00 
 1.85950371e-06  1.85950371e-06  1.85950371e-06  1.79990283e+00 
 1.85970371e-06  1.85970371e-06  1.85970371e-06  1.79990285e+00 
 1.85990371e-06  1.85990371e-06  1.85990371e-06  1.79990283e+00 
 1.86010371e-06  1.86010371e-06  1.86010371e-06  1.79990285e+00 
 1.86030371e-06  1.86030371e-06  1.86030371e-06  1.79990283e+00 
 1.86050371e-06  1.86050371e-06  1.86050371e-06  1.79990285e+00 
 1.86070371e-06  1.86070371e-06  1.86070371e-06  1.79990283e+00 
 1.86090371e-06  1.86090371e-06  1.86090371e-06  1.79990285e+00 
 1.86110371e-06  1.86110371e-06  1.86110371e-06  1.79990283e+00 
 1.86130371e-06  1.86130371e-06  1.86130371e-06  1.79990285e+00 
 1.86150371e-06  1.86150371e-06  1.86150371e-06  1.79990283e+00 
 1.86170371e-06  1.86170371e-06  1.86170371e-06  1.79990285e+00 
 1.86190371e-06  1.86190371e-06  1.86190371e-06  1.79990283e+00 
 1.86210371e-06  1.86210371e-06  1.86210371e-06  1.79990285e+00 
 1.86230371e-06  1.86230371e-06  1.86230371e-06  1.79990283e+00 
 1.86250371e-06  1.86250371e-06  1.86250371e-06  1.79990285e+00 
 1.86270371e-06  1.86270371e-06  1.86270371e-06  1.79990283e+00 
 1.86290371e-06  1.86290371e-06  1.86290371e-06  1.79990285e+00 
 1.86310371e-06  1.86310371e-06  1.86310371e-06  1.79990283e+00 
 1.86330371e-06  1.86330371e-06  1.86330371e-06  1.79990285e+00 
 1.86350371e-06  1.86350371e-06  1.86350371e-06  1.79990283e+00 
 1.86370371e-06  1.86370371e-06  1.86370371e-06  1.79990285e+00 
 1.86390371e-06  1.86390371e-06  1.86390371e-06  1.79990283e+00 
 1.86410371e-06  1.86410371e-06  1.86410371e-06  1.79990285e+00 
 1.86430371e-06  1.86430371e-06  1.86430371e-06  1.79990283e+00 
 1.86450371e-06  1.86450371e-06  1.86450371e-06  1.79990285e+00 
 1.86470371e-06  1.86470371e-06  1.86470371e-06  1.79990283e+00 
 1.86490371e-06  1.86490371e-06  1.86490371e-06  1.79990285e+00 
 1.86510371e-06  1.86510371e-06  1.86510371e-06  1.79990283e+00 
 1.86530371e-06  1.86530371e-06  1.86530371e-06  1.79990285e+00 
 1.86550371e-06  1.86550371e-06  1.86550371e-06  1.79990283e+00 
 1.86570371e-06  1.86570371e-06  1.86570371e-06  1.79990285e+00 
 1.86590371e-06  1.86590371e-06  1.86590371e-06  1.79990283e+00 
 1.86610371e-06  1.86610371e-06  1.86610371e-06  1.79990285e+00 
 1.86630371e-06  1.86630371e-06  1.86630371e-06  1.79990283e+00 
 1.86650371e-06  1.86650371e-06  1.86650371e-06  1.79990285e+00 
 1.86670371e-06  1.86670371e-06  1.86670371e-06  1.79990283e+00 
 1.86690371e-06  1.86690371e-06  1.86690371e-06  1.79990285e+00 
 1.86710371e-06  1.86710371e-06  1.86710371e-06  1.79990283e+00 
 1.86730371e-06  1.86730371e-06  1.86730371e-06  1.79990285e+00 
 1.86750371e-06  1.86750371e-06  1.86750371e-06  1.79990283e+00 
 1.86770371e-06  1.86770371e-06  1.86770371e-06  1.79990285e+00 
 1.86790371e-06  1.86790371e-06  1.86790371e-06  1.79990283e+00 
 1.86810371e-06  1.86810371e-06  1.86810371e-06  1.79990285e+00 
 1.86830371e-06  1.86830371e-06  1.86830371e-06  1.79990283e+00 
 1.86850371e-06  1.86850371e-06  1.86850371e-06  1.79990285e+00 
 1.86870371e-06  1.86870371e-06  1.86870371e-06  1.79990283e+00 
 1.86890371e-06  1.86890371e-06  1.86890371e-06  1.79990285e+00 
 1.86910371e-06  1.86910371e-06  1.86910371e-06  1.79990283e+00 
 1.86930371e-06  1.86930371e-06  1.86930371e-06  1.79990285e+00 
 1.86950371e-06  1.86950371e-06  1.86950371e-06  1.79990283e+00 
 1.86970371e-06  1.86970371e-06  1.86970371e-06  1.79990285e+00 
 1.86990371e-06  1.86990371e-06  1.86990371e-06  1.79990283e+00 
 1.87010371e-06  1.87010371e-06  1.87010371e-06  1.79990285e+00 
 1.87030371e-06  1.87030371e-06  1.87030371e-06  1.79990283e+00 
 1.87050371e-06  1.87050371e-06  1.87050371e-06  1.79990285e+00 
 1.87070371e-06  1.87070371e-06  1.87070371e-06  1.79990283e+00 
 1.87090371e-06  1.87090371e-06  1.87090371e-06  1.79990285e+00 
 1.87110371e-06  1.87110371e-06  1.87110371e-06  1.79990283e+00 
 1.87130371e-06  1.87130371e-06  1.87130371e-06  1.79990285e+00 
 1.87150371e-06  1.87150371e-06  1.87150371e-06  1.79990283e+00 
 1.87170371e-06  1.87170371e-06  1.87170371e-06  1.79990285e+00 
 1.87190371e-06  1.87190371e-06  1.87190371e-06  1.79990283e+00 
 1.87210371e-06  1.87210371e-06  1.87210371e-06  1.79990285e+00 
 1.87230371e-06  1.87230371e-06  1.87230371e-06  1.79990283e+00 
 1.87250371e-06  1.87250371e-06  1.87250371e-06  1.79990285e+00 
 1.87270371e-06  1.87270371e-06  1.87270371e-06  1.79990283e+00 
 1.87290371e-06  1.87290371e-06  1.87290371e-06  1.79990285e+00 
 1.87310371e-06  1.87310371e-06  1.87310371e-06  1.79990283e+00 
 1.87330371e-06  1.87330371e-06  1.87330371e-06  1.79990285e+00 
 1.87350371e-06  1.87350371e-06  1.87350371e-06  1.79990283e+00 
 1.87370371e-06  1.87370371e-06  1.87370371e-06  1.79990285e+00 
 1.87390371e-06  1.87390371e-06  1.87390371e-06  1.79990283e+00 
 1.87410371e-06  1.87410371e-06  1.87410371e-06  1.79990285e+00 
 1.87430371e-06  1.87430371e-06  1.87430371e-06  1.79990283e+00 
 1.87450371e-06  1.87450371e-06  1.87450371e-06  1.79990285e+00 
 1.87470371e-06  1.87470371e-06  1.87470371e-06  1.79990283e+00 
 1.87490371e-06  1.87490371e-06  1.87490371e-06  1.79990285e+00 
 1.87510371e-06  1.87510371e-06  1.87510371e-06  1.79990283e+00 
 1.87530371e-06  1.87530371e-06  1.87530371e-06  1.79990285e+00 
 1.87550371e-06  1.87550371e-06  1.87550371e-06  1.79990283e+00 
 1.87570371e-06  1.87570371e-06  1.87570371e-06  1.79990285e+00 
 1.87590371e-06  1.87590371e-06  1.87590371e-06  1.79990283e+00 
 1.87610371e-06  1.87610371e-06  1.87610371e-06  1.79990285e+00 
 1.87630371e-06  1.87630371e-06  1.87630371e-06  1.79990283e+00 
 1.87650371e-06  1.87650371e-06  1.87650371e-06  1.79990285e+00 
 1.87670371e-06  1.87670371e-06  1.87670371e-06  1.79990283e+00 
 1.87690371e-06  1.87690371e-06  1.87690371e-06  1.79990285e+00 
 1.87710371e-06  1.87710371e-06  1.87710371e-06  1.79990283e+00 
 1.87730371e-06  1.87730371e-06  1.87730371e-06  1.79990285e+00 
 1.87750371e-06  1.87750371e-06  1.87750371e-06  1.79990283e+00 
 1.87770371e-06  1.87770371e-06  1.87770371e-06  1.79990285e+00 
 1.87790371e-06  1.87790371e-06  1.87790371e-06  1.79990283e+00 
 1.87810371e-06  1.87810371e-06  1.87810371e-06  1.79990285e+00 
 1.87830371e-06  1.87830371e-06  1.87830371e-06  1.79990283e+00 
 1.87850371e-06  1.87850371e-06  1.87850371e-06  1.79990285e+00 
 1.87870371e-06  1.87870371e-06  1.87870371e-06  1.79990283e+00 
 1.87890371e-06  1.87890371e-06  1.87890371e-06  1.79990285e+00 
 1.87910371e-06  1.87910371e-06  1.87910371e-06  1.79990283e+00 
 1.87930371e-06  1.87930371e-06  1.87930371e-06  1.79990285e+00 
 1.87950371e-06  1.87950371e-06  1.87950371e-06  1.79990283e+00 
 1.87970371e-06  1.87970371e-06  1.87970371e-06  1.79990285e+00 
 1.87990371e-06  1.87990371e-06  1.87990371e-06  1.79990283e+00 
 1.88010371e-06  1.88010371e-06  1.88010371e-06  1.79990285e+00 
 1.88030371e-06  1.88030371e-06  1.88030371e-06  1.79990283e+00 
 1.88050371e-06  1.88050371e-06  1.88050371e-06  1.79990285e+00 
 1.88070371e-06  1.88070371e-06  1.88070371e-06  1.79990283e+00 
 1.88090371e-06  1.88090371e-06  1.88090371e-06  1.79990285e+00 
 1.88110371e-06  1.88110371e-06  1.88110371e-06  1.79990283e+00 
 1.88130371e-06  1.88130371e-06  1.88130371e-06  1.79990285e+00 
 1.88150371e-06  1.88150371e-06  1.88150371e-06  1.79990283e+00 
 1.88170371e-06  1.88170371e-06  1.88170371e-06  1.79990285e+00 
 1.88190371e-06  1.88190371e-06  1.88190371e-06  1.79990283e+00 
 1.88210371e-06  1.88210371e-06  1.88210371e-06  1.79990285e+00 
 1.88230371e-06  1.88230371e-06  1.88230371e-06  1.79990283e+00 
 1.88250371e-06  1.88250371e-06  1.88250371e-06  1.79990285e+00 
 1.88270371e-06  1.88270371e-06  1.88270371e-06  1.79990283e+00 
 1.88290371e-06  1.88290371e-06  1.88290371e-06  1.79990285e+00 
 1.88310371e-06  1.88310371e-06  1.88310371e-06  1.79990283e+00 
 1.88330371e-06  1.88330371e-06  1.88330371e-06  1.79990285e+00 
 1.88350371e-06  1.88350371e-06  1.88350371e-06  1.79990283e+00 
 1.88370371e-06  1.88370371e-06  1.88370371e-06  1.79990285e+00 
 1.88390371e-06  1.88390371e-06  1.88390371e-06  1.79990283e+00 
 1.88410371e-06  1.88410371e-06  1.88410371e-06  1.79990285e+00 
 1.88430371e-06  1.88430371e-06  1.88430371e-06  1.79990283e+00 
 1.88450371e-06  1.88450371e-06  1.88450371e-06  1.79990285e+00 
 1.88470371e-06  1.88470371e-06  1.88470371e-06  1.79990283e+00 
 1.88490371e-06  1.88490371e-06  1.88490371e-06  1.79990285e+00 
 1.88510371e-06  1.88510371e-06  1.88510371e-06  1.79990283e+00 
 1.88530371e-06  1.88530371e-06  1.88530371e-06  1.79990285e+00 
 1.88550371e-06  1.88550371e-06  1.88550371e-06  1.79990283e+00 
 1.88570371e-06  1.88570371e-06  1.88570371e-06  1.79990285e+00 
 1.88590371e-06  1.88590371e-06  1.88590371e-06  1.79990283e+00 
 1.88610371e-06  1.88610371e-06  1.88610371e-06  1.79990285e+00 
 1.88630371e-06  1.88630371e-06  1.88630371e-06  1.79990283e+00 
 1.88650371e-06  1.88650371e-06  1.88650371e-06  1.79990285e+00 
 1.88670371e-06  1.88670371e-06  1.88670371e-06  1.79990283e+00 
 1.88690371e-06  1.88690371e-06  1.88690371e-06  1.79990285e+00 
 1.88710371e-06  1.88710371e-06  1.88710371e-06  1.79990283e+00 
 1.88730371e-06  1.88730371e-06  1.88730371e-06  1.79990285e+00 
 1.88750371e-06  1.88750371e-06  1.88750371e-06  1.79990283e+00 
 1.88770371e-06  1.88770371e-06  1.88770371e-06  1.79990285e+00 
 1.88790371e-06  1.88790371e-06  1.88790371e-06  1.79990283e+00 
 1.88810371e-06  1.88810371e-06  1.88810371e-06  1.79990285e+00 
 1.88830371e-06  1.88830371e-06  1.88830371e-06  1.79990283e+00 
 1.88850371e-06  1.88850371e-06  1.88850371e-06  1.79990285e+00 
 1.88870371e-06  1.88870371e-06  1.88870371e-06  1.79990283e+00 
 1.88890371e-06  1.88890371e-06  1.88890371e-06  1.79990285e+00 
 1.88910371e-06  1.88910371e-06  1.88910371e-06  1.79990283e+00 
 1.88930371e-06  1.88930371e-06  1.88930371e-06  1.79990285e+00 
 1.88950371e-06  1.88950371e-06  1.88950371e-06  1.79990283e+00 
 1.88970371e-06  1.88970371e-06  1.88970371e-06  1.79990285e+00 
 1.88990371e-06  1.88990371e-06  1.88990371e-06  1.79990283e+00 
 1.89010371e-06  1.89010371e-06  1.89010371e-06  1.79990285e+00 
 1.89030371e-06  1.89030371e-06  1.89030371e-06  1.79990283e+00 
 1.89050371e-06  1.89050371e-06  1.89050371e-06  1.79990285e+00 
 1.89070371e-06  1.89070371e-06  1.89070371e-06  1.79990283e+00 
 1.89090371e-06  1.89090371e-06  1.89090371e-06  1.79990285e+00 
 1.89110371e-06  1.89110371e-06  1.89110371e-06  1.79990283e+00 
 1.89130371e-06  1.89130371e-06  1.89130371e-06  1.79990285e+00 
 1.89150371e-06  1.89150371e-06  1.89150371e-06  1.79990283e+00 
 1.89170371e-06  1.89170371e-06  1.89170371e-06  1.79990285e+00 
 1.89190371e-06  1.89190371e-06  1.89190371e-06  1.79990283e+00 
 1.89210371e-06  1.89210371e-06  1.89210371e-06  1.79990285e+00 
 1.89230371e-06  1.89230371e-06  1.89230371e-06  1.79990283e+00 
 1.89250371e-06  1.89250371e-06  1.89250371e-06  1.79990285e+00 
 1.89270371e-06  1.89270371e-06  1.89270371e-06  1.79990283e+00 
 1.89290371e-06  1.89290371e-06  1.89290371e-06  1.79990285e+00 
 1.89310371e-06  1.89310371e-06  1.89310371e-06  1.79990283e+00 
 1.89330371e-06  1.89330371e-06  1.89330371e-06  1.79990285e+00 
 1.89350371e-06  1.89350371e-06  1.89350371e-06  1.79990283e+00 
 1.89370371e-06  1.89370371e-06  1.89370371e-06  1.79990285e+00 
 1.89390371e-06  1.89390371e-06  1.89390371e-06  1.79990283e+00 
 1.89410371e-06  1.89410371e-06  1.89410371e-06  1.79990285e+00 
 1.89430371e-06  1.89430371e-06  1.89430371e-06  1.79990283e+00 
 1.89450371e-06  1.89450371e-06  1.89450371e-06  1.79990285e+00 
 1.89470371e-06  1.89470371e-06  1.89470371e-06  1.79990283e+00 
 1.89490371e-06  1.89490371e-06  1.89490371e-06  1.79990285e+00 
 1.89510371e-06  1.89510371e-06  1.89510371e-06  1.79990283e+00 
 1.89530371e-06  1.89530371e-06  1.89530371e-06  1.79990285e+00 
 1.89550371e-06  1.89550371e-06  1.89550371e-06  1.79990283e+00 
 1.89570371e-06  1.89570371e-06  1.89570371e-06  1.79990285e+00 
 1.89590371e-06  1.89590371e-06  1.89590371e-06  1.79990283e+00 
 1.89610371e-06  1.89610371e-06  1.89610371e-06  1.79990285e+00 
 1.89630371e-06  1.89630371e-06  1.89630371e-06  1.79990283e+00 
 1.89650371e-06  1.89650371e-06  1.89650371e-06  1.79990285e+00 
 1.89670371e-06  1.89670371e-06  1.89670371e-06  1.79990283e+00 
 1.89690371e-06  1.89690371e-06  1.89690371e-06  1.79990285e+00 
 1.89710371e-06  1.89710371e-06  1.89710371e-06  1.79990283e+00 
 1.89730371e-06  1.89730371e-06  1.89730371e-06  1.79990285e+00 
 1.89750371e-06  1.89750371e-06  1.89750371e-06  1.79990283e+00 
 1.89770371e-06  1.89770371e-06  1.89770371e-06  1.79990285e+00 
 1.89790371e-06  1.89790371e-06  1.89790371e-06  1.79990283e+00 
 1.89810371e-06  1.89810371e-06  1.89810371e-06  1.79990285e+00 
 1.89830371e-06  1.89830371e-06  1.89830371e-06  1.79990283e+00 
 1.89850371e-06  1.89850371e-06  1.89850371e-06  1.79990285e+00 
 1.89870371e-06  1.89870371e-06  1.89870371e-06  1.79990283e+00 
 1.89890371e-06  1.89890371e-06  1.89890371e-06  1.79990285e+00 
 1.89910371e-06  1.89910371e-06  1.89910371e-06  1.79990283e+00 
 1.89930371e-06  1.89930371e-06  1.89930371e-06  1.79990285e+00 
 1.89950371e-06  1.89950371e-06  1.89950371e-06  1.79990283e+00 
 1.89970371e-06  1.89970371e-06  1.89970371e-06  1.79990285e+00 
 1.89990371e-06  1.89990371e-06  1.89990371e-06  1.79990283e+00 
 1.90010371e-06  1.90010371e-06  1.90010371e-06  1.79990285e+00 
 1.90030371e-06  1.90030371e-06  1.90030371e-06  1.79990283e+00 
 1.90050371e-06  1.90050371e-06  1.90050371e-06  1.79990285e+00 
 1.90070371e-06  1.90070371e-06  1.90070371e-06  1.79990283e+00 
 1.90090371e-06  1.90090371e-06  1.90090371e-06  1.79990285e+00 
 1.90110371e-06  1.90110371e-06  1.90110371e-06  1.79990283e+00 
 1.90130371e-06  1.90130371e-06  1.90130371e-06  1.79990285e+00 
 1.90150371e-06  1.90150371e-06  1.90150371e-06  1.79990283e+00 
 1.90170371e-06  1.90170371e-06  1.90170371e-06  1.79990285e+00 
 1.90190371e-06  1.90190371e-06  1.90190371e-06  1.79990283e+00 
 1.90210371e-06  1.90210371e-06  1.90210371e-06  1.79990285e+00 
 1.90230371e-06  1.90230371e-06  1.90230371e-06  1.79990283e+00 
 1.90250371e-06  1.90250371e-06  1.90250371e-06  1.79990285e+00 
 1.90270371e-06  1.90270371e-06  1.90270371e-06  1.79990283e+00 
 1.90290371e-06  1.90290371e-06  1.90290371e-06  1.79990285e+00 
 1.90310371e-06  1.90310371e-06  1.90310371e-06  1.79990283e+00 
 1.90330371e-06  1.90330371e-06  1.90330371e-06  1.79990285e+00 
 1.90350371e-06  1.90350371e-06  1.90350371e-06  1.79990283e+00 
 1.90370371e-06  1.90370371e-06  1.90370371e-06  1.79990285e+00 
 1.90390371e-06  1.90390371e-06  1.90390371e-06  1.79990283e+00 
 1.90410371e-06  1.90410371e-06  1.90410371e-06  1.79990285e+00 
 1.90430371e-06  1.90430371e-06  1.90430371e-06  1.79990283e+00 
 1.90450371e-06  1.90450371e-06  1.90450371e-06  1.79990285e+00 
 1.90470371e-06  1.90470371e-06  1.90470371e-06  1.79990283e+00 
 1.90490371e-06  1.90490371e-06  1.90490371e-06  1.79990285e+00 
 1.90510371e-06  1.90510371e-06  1.90510371e-06  1.79990283e+00 
 1.90530371e-06  1.90530371e-06  1.90530371e-06  1.79990285e+00 
 1.90550371e-06  1.90550371e-06  1.90550371e-06  1.79990283e+00 
 1.90570371e-06  1.90570371e-06  1.90570371e-06  1.79990285e+00 
 1.90590371e-06  1.90590371e-06  1.90590371e-06  1.79990283e+00 
 1.90610371e-06  1.90610371e-06  1.90610371e-06  1.79990285e+00 
 1.90630371e-06  1.90630371e-06  1.90630371e-06  1.79990283e+00 
 1.90650371e-06  1.90650371e-06  1.90650371e-06  1.79990285e+00 
 1.90670371e-06  1.90670371e-06  1.90670371e-06  1.79990283e+00 
 1.90690371e-06  1.90690371e-06  1.90690371e-06  1.79990285e+00 
 1.90710371e-06  1.90710371e-06  1.90710371e-06  1.79990283e+00 
 1.90730371e-06  1.90730371e-06  1.90730371e-06  1.79990285e+00 
 1.90750371e-06  1.90750371e-06  1.90750371e-06  1.79990283e+00 
 1.90770371e-06  1.90770371e-06  1.90770371e-06  1.79990285e+00 
 1.90790371e-06  1.90790371e-06  1.90790371e-06  1.79990283e+00 
 1.90810371e-06  1.90810371e-06  1.90810371e-06  1.79990285e+00 
 1.90830371e-06  1.90830371e-06  1.90830371e-06  1.79990283e+00 
 1.90850371e-06  1.90850371e-06  1.90850371e-06  1.79990285e+00 
 1.90870371e-06  1.90870371e-06  1.90870371e-06  1.79990283e+00 
 1.90890371e-06  1.90890371e-06  1.90890371e-06  1.79990285e+00 
 1.90910371e-06  1.90910371e-06  1.90910371e-06  1.79990283e+00 
 1.90930371e-06  1.90930371e-06  1.90930371e-06  1.79990285e+00 
 1.90950371e-06  1.90950371e-06  1.90950371e-06  1.79990283e+00 
 1.90970371e-06  1.90970371e-06  1.90970371e-06  1.79990285e+00 
 1.90990371e-06  1.90990371e-06  1.90990371e-06  1.79990283e+00 
 1.91010371e-06  1.91010371e-06  1.91010371e-06  1.79990285e+00 
 1.91030371e-06  1.91030371e-06  1.91030371e-06  1.79990283e+00 
 1.91050371e-06  1.91050371e-06  1.91050371e-06  1.79990285e+00 
 1.91070371e-06  1.91070371e-06  1.91070371e-06  1.79990283e+00 
 1.91090371e-06  1.91090371e-06  1.91090371e-06  1.79990285e+00 
 1.91110371e-06  1.91110371e-06  1.91110371e-06  1.79990284e+00 
 1.91130371e-06  1.91130371e-06  1.91130371e-06  1.79990285e+00 
 1.91150371e-06  1.91150371e-06  1.91150371e-06  1.79990284e+00 
 1.91170371e-06  1.91170371e-06  1.91170371e-06  1.79990285e+00 
 1.91190371e-06  1.91190371e-06  1.91190371e-06  1.79990284e+00 
 1.91210371e-06  1.91210371e-06  1.91210371e-06  1.79990285e+00 
 1.91230371e-06  1.91230371e-06  1.91230371e-06  1.79990284e+00 
 1.91250371e-06  1.91250371e-06  1.91250371e-06  1.79990285e+00 
 1.91270371e-06  1.91270371e-06  1.91270371e-06  1.79990284e+00 
 1.91290371e-06  1.91290371e-06  1.91290371e-06  1.79990285e+00 
 1.91310371e-06  1.91310371e-06  1.91310371e-06  1.79990284e+00 
 1.91330371e-06  1.91330371e-06  1.91330371e-06  1.79990285e+00 
 1.91350371e-06  1.91350371e-06  1.91350371e-06  1.79990284e+00 
 1.91370371e-06  1.91370371e-06  1.91370371e-06  1.79990285e+00 
 1.91390371e-06  1.91390371e-06  1.91390371e-06  1.79990284e+00 
 1.91410371e-06  1.91410371e-06  1.91410371e-06  1.79990285e+00 
 1.91430371e-06  1.91430371e-06  1.91430371e-06  1.79990284e+00 
 1.91450371e-06  1.91450371e-06  1.91450371e-06  1.79990285e+00 
 1.91470371e-06  1.91470371e-06  1.91470371e-06  1.79990284e+00 
 1.91490371e-06  1.91490371e-06  1.91490371e-06  1.79990285e+00 
 1.91510371e-06  1.91510371e-06  1.91510371e-06  1.79990284e+00 
 1.91530371e-06  1.91530371e-06  1.91530371e-06  1.79990285e+00 
 1.91550371e-06  1.91550371e-06  1.91550371e-06  1.79990284e+00 
 1.91570371e-06  1.91570371e-06  1.91570371e-06  1.79990285e+00 
 1.91590371e-06  1.91590371e-06  1.91590371e-06  1.79990284e+00 
 1.91610371e-06  1.91610371e-06  1.91610371e-06  1.79990285e+00 
 1.91630371e-06  1.91630371e-06  1.91630371e-06  1.79990284e+00 
 1.91650371e-06  1.91650371e-06  1.91650371e-06  1.79990285e+00 
 1.91670371e-06  1.91670371e-06  1.91670371e-06  1.79990284e+00 
 1.91690371e-06  1.91690371e-06  1.91690371e-06  1.79990285e+00 
 1.91710371e-06  1.91710371e-06  1.91710371e-06  1.79990284e+00 
 1.91730371e-06  1.91730371e-06  1.91730371e-06  1.79990285e+00 
 1.91750371e-06  1.91750371e-06  1.91750371e-06  1.79990284e+00 
 1.91770371e-06  1.91770371e-06  1.91770371e-06  1.79990285e+00 
 1.91790371e-06  1.91790371e-06  1.91790371e-06  1.79990284e+00 
 1.91810371e-06  1.91810371e-06  1.91810371e-06  1.79990285e+00 
 1.91830371e-06  1.91830371e-06  1.91830371e-06  1.79990284e+00 
 1.91850371e-06  1.91850371e-06  1.91850371e-06  1.79990285e+00 
 1.91870371e-06  1.91870371e-06  1.91870371e-06  1.79990284e+00 
 1.91890371e-06  1.91890371e-06  1.91890371e-06  1.79990285e+00 
 1.91910371e-06  1.91910371e-06  1.91910371e-06  1.79990284e+00 
 1.91930371e-06  1.91930371e-06  1.91930371e-06  1.79990285e+00 
 1.91950371e-06  1.91950371e-06  1.91950371e-06  1.79990284e+00 
 1.91970371e-06  1.91970371e-06  1.91970371e-06  1.79990285e+00 
 1.91990371e-06  1.91990371e-06  1.91990371e-06  1.79990284e+00 
 1.92010371e-06  1.92010371e-06  1.92010371e-06  1.79990285e+00 
 1.92030371e-06  1.92030371e-06  1.92030371e-06  1.79990284e+00 
 1.92050371e-06  1.92050371e-06  1.92050371e-06  1.79990285e+00 
 1.92070371e-06  1.92070371e-06  1.92070371e-06  1.79990284e+00 
 1.92090371e-06  1.92090371e-06  1.92090371e-06  1.79990285e+00 
 1.92110371e-06  1.92110371e-06  1.92110371e-06  1.79990284e+00 
 1.92130371e-06  1.92130371e-06  1.92130371e-06  1.79990285e+00 
 1.92150371e-06  1.92150371e-06  1.92150371e-06  1.79990284e+00 
 1.92170371e-06  1.92170371e-06  1.92170371e-06  1.79990285e+00 
 1.92190371e-06  1.92190371e-06  1.92190371e-06  1.79990284e+00 
 1.92210371e-06  1.92210371e-06  1.92210371e-06  1.79990285e+00 
 1.92230371e-06  1.92230371e-06  1.92230371e-06  1.79990284e+00 
 1.92250371e-06  1.92250371e-06  1.92250371e-06  1.79990285e+00 
 1.92270371e-06  1.92270371e-06  1.92270371e-06  1.79990284e+00 
 1.92290371e-06  1.92290371e-06  1.92290371e-06  1.79990285e+00 
 1.92310371e-06  1.92310371e-06  1.92310371e-06  1.79990284e+00 
 1.92330371e-06  1.92330371e-06  1.92330371e-06  1.79990285e+00 
 1.92350371e-06  1.92350371e-06  1.92350371e-06  1.79990284e+00 
 1.92370371e-06  1.92370371e-06  1.92370371e-06  1.79990285e+00 
 1.92390371e-06  1.92390371e-06  1.92390371e-06  1.79990284e+00 
 1.92410371e-06  1.92410371e-06  1.92410371e-06  1.79990285e+00 
 1.92430371e-06  1.92430371e-06  1.92430371e-06  1.79990284e+00 
 1.92450371e-06  1.92450371e-06  1.92450371e-06  1.79990285e+00 
 1.92470371e-06  1.92470371e-06  1.92470371e-06  1.79990284e+00 
 1.92490371e-06  1.92490371e-06  1.92490371e-06  1.79990285e+00 
 1.92510371e-06  1.92510371e-06  1.92510371e-06  1.79990284e+00 
 1.92530371e-06  1.92530371e-06  1.92530371e-06  1.79990285e+00 
 1.92550371e-06  1.92550371e-06  1.92550371e-06  1.79990284e+00 
 1.92570371e-06  1.92570371e-06  1.92570371e-06  1.79990285e+00 
 1.92590371e-06  1.92590371e-06  1.92590371e-06  1.79990284e+00 
 1.92610371e-06  1.92610371e-06  1.92610371e-06  1.79990285e+00 
 1.92630371e-06  1.92630371e-06  1.92630371e-06  1.79990284e+00 
 1.92650371e-06  1.92650371e-06  1.92650371e-06  1.79990285e+00 
 1.92670371e-06  1.92670371e-06  1.92670371e-06  1.79990284e+00 
 1.92690371e-06  1.92690371e-06  1.92690371e-06  1.79990285e+00 
 1.92710371e-06  1.92710371e-06  1.92710371e-06  1.79990284e+00 
 1.92730371e-06  1.92730371e-06  1.92730371e-06  1.79990285e+00 
 1.92750371e-06  1.92750371e-06  1.92750371e-06  1.79990284e+00 
 1.92770371e-06  1.92770371e-06  1.92770371e-06  1.79990285e+00 
 1.92790371e-06  1.92790371e-06  1.92790371e-06  1.79990284e+00 
 1.92810371e-06  1.92810371e-06  1.92810371e-06  1.79990285e+00 
 1.92830371e-06  1.92830371e-06  1.92830371e-06  1.79990284e+00 
 1.92850371e-06  1.92850371e-06  1.92850371e-06  1.79990285e+00 
 1.92870371e-06  1.92870371e-06  1.92870371e-06  1.79990284e+00 
 1.92890371e-06  1.92890371e-06  1.92890371e-06  1.79990285e+00 
 1.92910371e-06  1.92910371e-06  1.92910371e-06  1.79990284e+00 
 1.92930371e-06  1.92930371e-06  1.92930371e-06  1.79990285e+00 
 1.92950371e-06  1.92950371e-06  1.92950371e-06  1.79990284e+00 
 1.92970371e-06  1.92970371e-06  1.92970371e-06  1.79990285e+00 
 1.92990371e-06  1.92990371e-06  1.92990371e-06  1.79990284e+00 
 1.93010371e-06  1.93010371e-06  1.93010371e-06  1.79990285e+00 
 1.93030371e-06  1.93030371e-06  1.93030371e-06  1.79990284e+00 
 1.93050371e-06  1.93050371e-06  1.93050371e-06  1.79990285e+00 
 1.93070371e-06  1.93070371e-06  1.93070371e-06  1.79990284e+00 
 1.93090371e-06  1.93090371e-06  1.93090371e-06  1.79990285e+00 
 1.93110371e-06  1.93110371e-06  1.93110371e-06  1.79990284e+00 
 1.93130371e-06  1.93130371e-06  1.93130371e-06  1.79990285e+00 
 1.93150371e-06  1.93150371e-06  1.93150371e-06  1.79990284e+00 
 1.93170371e-06  1.93170371e-06  1.93170371e-06  1.79990285e+00 
 1.93190371e-06  1.93190371e-06  1.93190371e-06  1.79990284e+00 
 1.93210371e-06  1.93210371e-06  1.93210371e-06  1.79990285e+00 
 1.93230371e-06  1.93230371e-06  1.93230371e-06  1.79990284e+00 
 1.93250371e-06  1.93250371e-06  1.93250371e-06  1.79990285e+00 
 1.93270371e-06  1.93270371e-06  1.93270371e-06  1.79990284e+00 
 1.93290371e-06  1.93290371e-06  1.93290371e-06  1.79990285e+00 
 1.93310371e-06  1.93310371e-06  1.93310371e-06  1.79990284e+00 
 1.93330371e-06  1.93330371e-06  1.93330371e-06  1.79990285e+00 
 1.93350371e-06  1.93350371e-06  1.93350371e-06  1.79990284e+00 
 1.93370371e-06  1.93370371e-06  1.93370371e-06  1.79990285e+00 
 1.93390371e-06  1.93390371e-06  1.93390371e-06  1.79990284e+00 
 1.93410371e-06  1.93410371e-06  1.93410371e-06  1.79990285e+00 
 1.93430371e-06  1.93430371e-06  1.93430371e-06  1.79990284e+00 
 1.93450371e-06  1.93450371e-06  1.93450371e-06  1.79990285e+00 
 1.93470371e-06  1.93470371e-06  1.93470371e-06  1.79990284e+00 
 1.93490371e-06  1.93490371e-06  1.93490371e-06  1.79990285e+00 
 1.93510371e-06  1.93510371e-06  1.93510371e-06  1.79990284e+00 
 1.93530371e-06  1.93530371e-06  1.93530371e-06  1.79990285e+00 
 1.93550371e-06  1.93550371e-06  1.93550371e-06  1.79990284e+00 
 1.93570371e-06  1.93570371e-06  1.93570371e-06  1.79990285e+00 
 1.93590371e-06  1.93590371e-06  1.93590371e-06  1.79990284e+00 
 1.93610371e-06  1.93610371e-06  1.93610371e-06  1.79990285e+00 
 1.93630371e-06  1.93630371e-06  1.93630371e-06  1.79990284e+00 
 1.93650371e-06  1.93650371e-06  1.93650371e-06  1.79990285e+00 
 1.93670371e-06  1.93670371e-06  1.93670371e-06  1.79990284e+00 
 1.93690371e-06  1.93690371e-06  1.93690371e-06  1.79990285e+00 
 1.93710371e-06  1.93710371e-06  1.93710371e-06  1.79990284e+00 
 1.93730371e-06  1.93730371e-06  1.93730371e-06  1.79990285e+00 
 1.93750371e-06  1.93750371e-06  1.93750371e-06  1.79990284e+00 
 1.93770371e-06  1.93770371e-06  1.93770371e-06  1.79990285e+00 
 1.93790371e-06  1.93790371e-06  1.93790371e-06  1.79990284e+00 
 1.93810371e-06  1.93810371e-06  1.93810371e-06  1.79990285e+00 
 1.93830371e-06  1.93830371e-06  1.93830371e-06  1.79990284e+00 
 1.93850371e-06  1.93850371e-06  1.93850371e-06  1.79990285e+00 
 1.93870371e-06  1.93870371e-06  1.93870371e-06  1.79990284e+00 
 1.93890371e-06  1.93890371e-06  1.93890371e-06  1.79990285e+00 
 1.93910371e-06  1.93910371e-06  1.93910371e-06  1.79990284e+00 
 1.93930371e-06  1.93930371e-06  1.93930371e-06  1.79990285e+00 
 1.93950371e-06  1.93950371e-06  1.93950371e-06  1.79990284e+00 
 1.93970371e-06  1.93970371e-06  1.93970371e-06  1.79990285e+00 
 1.93990371e-06  1.93990371e-06  1.93990371e-06  1.79990284e+00 
 1.94010371e-06  1.94010371e-06  1.94010371e-06  1.79990285e+00 
 1.94030371e-06  1.94030371e-06  1.94030371e-06  1.79990284e+00 
 1.94050371e-06  1.94050371e-06  1.94050371e-06  1.79990285e+00 
 1.94070371e-06  1.94070371e-06  1.94070371e-06  1.79990284e+00 
 1.94090371e-06  1.94090371e-06  1.94090371e-06  1.79990285e+00 
 1.94110371e-06  1.94110371e-06  1.94110371e-06  1.79990284e+00 
 1.94130371e-06  1.94130371e-06  1.94130371e-06  1.79990285e+00 
 1.94150371e-06  1.94150371e-06  1.94150371e-06  1.79990284e+00 
 1.94170371e-06  1.94170371e-06  1.94170371e-06  1.79990285e+00 
 1.94190371e-06  1.94190371e-06  1.94190371e-06  1.79990284e+00 
 1.94210371e-06  1.94210371e-06  1.94210371e-06  1.79990285e+00 
 1.94230371e-06  1.94230371e-06  1.94230371e-06  1.79990284e+00 
 1.94250371e-06  1.94250371e-06  1.94250371e-06  1.79990285e+00 
 1.94270371e-06  1.94270371e-06  1.94270371e-06  1.79990284e+00 
 1.94290371e-06  1.94290371e-06  1.94290371e-06  1.79990285e+00 
 1.94310371e-06  1.94310371e-06  1.94310371e-06  1.79990284e+00 
 1.94330371e-06  1.94330371e-06  1.94330371e-06  1.79990285e+00 
 1.94350371e-06  1.94350371e-06  1.94350371e-06  1.79990284e+00 
 1.94370371e-06  1.94370371e-06  1.94370371e-06  1.79990285e+00 
 1.94390371e-06  1.94390371e-06  1.94390371e-06  1.79990284e+00 
 1.94410371e-06  1.94410371e-06  1.94410371e-06  1.79990285e+00 
 1.94430371e-06  1.94430371e-06  1.94430371e-06  1.79990284e+00 
 1.94450371e-06  1.94450371e-06  1.94450371e-06  1.79990285e+00 
 1.94470371e-06  1.94470371e-06  1.94470371e-06  1.79990284e+00 
 1.94490371e-06  1.94490371e-06  1.94490371e-06  1.79990285e+00 
 1.94510371e-06  1.94510371e-06  1.94510371e-06  1.79990284e+00 
 1.94530371e-06  1.94530371e-06  1.94530371e-06  1.79990285e+00 
 1.94550371e-06  1.94550371e-06  1.94550371e-06  1.79990284e+00 
 1.94570371e-06  1.94570371e-06  1.94570371e-06  1.79990285e+00 
 1.94590371e-06  1.94590371e-06  1.94590371e-06  1.79990284e+00 
 1.94610371e-06  1.94610371e-06  1.94610371e-06  1.79990285e+00 
 1.94630371e-06  1.94630371e-06  1.94630371e-06  1.79990284e+00 
 1.94650371e-06  1.94650371e-06  1.94650371e-06  1.79990285e+00 
 1.94670371e-06  1.94670371e-06  1.94670371e-06  1.79990284e+00 
 1.94690371e-06  1.94690371e-06  1.94690371e-06  1.79990285e+00 
 1.94710371e-06  1.94710371e-06  1.94710371e-06  1.79990284e+00 
 1.94730371e-06  1.94730371e-06  1.94730371e-06  1.79990285e+00 
 1.94750371e-06  1.94750371e-06  1.94750371e-06  1.79990284e+00 
 1.94770371e-06  1.94770371e-06  1.94770371e-06  1.79990285e+00 
 1.94790371e-06  1.94790371e-06  1.94790371e-06  1.79990284e+00 
 1.94810371e-06  1.94810371e-06  1.94810371e-06  1.79990285e+00 
 1.94830371e-06  1.94830371e-06  1.94830371e-06  1.79990284e+00 
 1.94850371e-06  1.94850371e-06  1.94850371e-06  1.79990285e+00 
 1.94870371e-06  1.94870371e-06  1.94870371e-06  1.79990284e+00 
 1.94890371e-06  1.94890371e-06  1.94890371e-06  1.79990285e+00 
 1.94910371e-06  1.94910371e-06  1.94910371e-06  1.79990284e+00 
 1.94930371e-06  1.94930371e-06  1.94930371e-06  1.79990285e+00 
 1.94950371e-06  1.94950371e-06  1.94950371e-06  1.79990284e+00 
 1.94970371e-06  1.94970371e-06  1.94970371e-06  1.79990285e+00 
 1.94990371e-06  1.94990371e-06  1.94990371e-06  1.79990284e+00 
 1.95010371e-06  1.95010371e-06  1.95010371e-06  1.79990285e+00 
 1.95030371e-06  1.95030371e-06  1.95030371e-06  1.79990284e+00 
 1.95050371e-06  1.95050371e-06  1.95050371e-06  1.79990285e+00 
 1.95070371e-06  1.95070371e-06  1.95070371e-06  1.79990284e+00 
 1.95090371e-06  1.95090371e-06  1.95090371e-06  1.79990285e+00 
 1.95110371e-06  1.95110371e-06  1.95110371e-06  1.79990284e+00 
 1.95130371e-06  1.95130371e-06  1.95130371e-06  1.79990285e+00 
 1.95150371e-06  1.95150371e-06  1.95150371e-06  1.79990284e+00 
 1.95170371e-06  1.95170371e-06  1.95170371e-06  1.79990285e+00 
 1.95190371e-06  1.95190371e-06  1.95190371e-06  1.79990284e+00 
 1.95210371e-06  1.95210371e-06  1.95210371e-06  1.79990285e+00 
 1.95230371e-06  1.95230371e-06  1.95230371e-06  1.79990284e+00 
 1.95250371e-06  1.95250371e-06  1.95250371e-06  1.79990285e+00 
 1.95270371e-06  1.95270371e-06  1.95270371e-06  1.79990284e+00 
 1.95290371e-06  1.95290371e-06  1.95290371e-06  1.79990285e+00 
 1.95310371e-06  1.95310371e-06  1.95310371e-06  1.79990284e+00 
 1.95330371e-06  1.95330371e-06  1.95330371e-06  1.79990285e+00 
 1.95350371e-06  1.95350371e-06  1.95350371e-06  1.79990284e+00 
 1.95370371e-06  1.95370371e-06  1.95370371e-06  1.79990285e+00 
 1.95390371e-06  1.95390371e-06  1.95390371e-06  1.79990284e+00 
 1.95410371e-06  1.95410371e-06  1.95410371e-06  1.79990285e+00 
 1.95430371e-06  1.95430371e-06  1.95430371e-06  1.79990284e+00 
 1.95450371e-06  1.95450371e-06  1.95450371e-06  1.79990285e+00 
 1.95470371e-06  1.95470371e-06  1.95470371e-06  1.79990284e+00 
 1.95490371e-06  1.95490371e-06  1.95490371e-06  1.79990285e+00 
 1.95510371e-06  1.95510371e-06  1.95510371e-06  1.79990284e+00 
 1.95530371e-06  1.95530371e-06  1.95530371e-06  1.79990285e+00 
 1.95550371e-06  1.95550371e-06  1.95550371e-06  1.79990284e+00 
 1.95570371e-06  1.95570371e-06  1.95570371e-06  1.79990285e+00 
 1.95590371e-06  1.95590371e-06  1.95590371e-06  1.79990284e+00 
 1.95610371e-06  1.95610371e-06  1.95610371e-06  1.79990285e+00 
 1.95630371e-06  1.95630371e-06  1.95630371e-06  1.79990284e+00 
 1.95650371e-06  1.95650371e-06  1.95650371e-06  1.79990285e+00 
 1.95670371e-06  1.95670371e-06  1.95670371e-06  1.79990284e+00 
 1.95690371e-06  1.95690371e-06  1.95690371e-06  1.79990285e+00 
 1.95710371e-06  1.95710371e-06  1.95710371e-06  1.79990284e+00 
 1.95730371e-06  1.95730371e-06  1.95730371e-06  1.79990285e+00 
 1.95750371e-06  1.95750371e-06  1.95750371e-06  1.79990284e+00 
 1.95770371e-06  1.95770371e-06  1.95770371e-06  1.79990285e+00 
 1.95790371e-06  1.95790371e-06  1.95790371e-06  1.79990284e+00 
 1.95810371e-06  1.95810371e-06  1.95810371e-06  1.79990285e+00 
 1.95830371e-06  1.95830371e-06  1.95830371e-06  1.79990284e+00 
 1.95850371e-06  1.95850371e-06  1.95850371e-06  1.79990285e+00 
 1.95870371e-06  1.95870371e-06  1.95870371e-06  1.79990284e+00 
 1.95890371e-06  1.95890371e-06  1.95890371e-06  1.79990285e+00 
 1.95910371e-06  1.95910371e-06  1.95910371e-06  1.79990284e+00 
 1.95930371e-06  1.95930371e-06  1.95930371e-06  1.79990285e+00 
 1.95950371e-06  1.95950371e-06  1.95950371e-06  1.79990284e+00 
 1.95970371e-06  1.95970371e-06  1.95970371e-06  1.79990285e+00 
 1.95990371e-06  1.95990371e-06  1.95990371e-06  1.79990284e+00 
 1.96010371e-06  1.96010371e-06  1.96010371e-06  1.79990285e+00 
 1.96030371e-06  1.96030371e-06  1.96030371e-06  1.79990284e+00 
 1.96050371e-06  1.96050371e-06  1.96050371e-06  1.79990285e+00 
 1.96070371e-06  1.96070371e-06  1.96070371e-06  1.79990284e+00 
 1.96090371e-06  1.96090371e-06  1.96090371e-06  1.79990285e+00 
 1.96110371e-06  1.96110371e-06  1.96110371e-06  1.79990284e+00 
 1.96130371e-06  1.96130371e-06  1.96130371e-06  1.79990285e+00 
 1.96150371e-06  1.96150371e-06  1.96150371e-06  1.79990284e+00 
 1.96170371e-06  1.96170371e-06  1.96170371e-06  1.79990285e+00 
 1.96190371e-06  1.96190371e-06  1.96190371e-06  1.79990284e+00 
 1.96210371e-06  1.96210371e-06  1.96210371e-06  1.79990285e+00 
 1.96230371e-06  1.96230371e-06  1.96230371e-06  1.79990284e+00 
 1.96250371e-06  1.96250371e-06  1.96250371e-06  1.79990285e+00 
 1.96270371e-06  1.96270371e-06  1.96270371e-06  1.79990284e+00 
 1.96290371e-06  1.96290371e-06  1.96290371e-06  1.79990285e+00 
 1.96310371e-06  1.96310371e-06  1.96310371e-06  1.79990284e+00 
 1.96330371e-06  1.96330371e-06  1.96330371e-06  1.79990285e+00 
 1.96350371e-06  1.96350371e-06  1.96350371e-06  1.79990284e+00 
 1.96370371e-06  1.96370371e-06  1.96370371e-06  1.79990285e+00 
 1.96390371e-06  1.96390371e-06  1.96390371e-06  1.79990284e+00 
 1.96410371e-06  1.96410371e-06  1.96410371e-06  1.79990285e+00 
 1.96430371e-06  1.96430371e-06  1.96430371e-06  1.79990284e+00 
 1.96450371e-06  1.96450371e-06  1.96450371e-06  1.79990285e+00 
 1.96470371e-06  1.96470371e-06  1.96470371e-06  1.79990284e+00 
 1.96490371e-06  1.96490371e-06  1.96490371e-06  1.79990285e+00 
 1.96510371e-06  1.96510371e-06  1.96510371e-06  1.79990284e+00 
 1.96530371e-06  1.96530371e-06  1.96530371e-06  1.79990285e+00 
 1.96550371e-06  1.96550371e-06  1.96550371e-06  1.79990284e+00 
 1.96570371e-06  1.96570371e-06  1.96570371e-06  1.79990285e+00 
 1.96590371e-06  1.96590371e-06  1.96590371e-06  1.79990284e+00 
 1.96610371e-06  1.96610371e-06  1.96610371e-06  1.79990285e+00 
 1.96630371e-06  1.96630371e-06  1.96630371e-06  1.79990284e+00 
 1.96650371e-06  1.96650371e-06  1.96650371e-06  1.79990285e+00 
 1.96670371e-06  1.96670371e-06  1.96670371e-06  1.79990284e+00 
 1.96690371e-06  1.96690371e-06  1.96690371e-06  1.79990285e+00 
 1.96710371e-06  1.96710371e-06  1.96710371e-06  1.79990284e+00 
 1.96730371e-06  1.96730371e-06  1.96730371e-06  1.79990285e+00 
 1.96750371e-06  1.96750371e-06  1.96750371e-06  1.79990284e+00 
 1.96770371e-06  1.96770371e-06  1.96770371e-06  1.79990285e+00 
 1.96790371e-06  1.96790371e-06  1.96790371e-06  1.79990284e+00 
 1.96810371e-06  1.96810371e-06  1.96810371e-06  1.79990285e+00 
 1.96830371e-06  1.96830371e-06  1.96830371e-06  1.79990284e+00 
 1.96850371e-06  1.96850371e-06  1.96850371e-06  1.79990285e+00 
 1.96870371e-06  1.96870371e-06  1.96870371e-06  1.79990284e+00 
 1.96890371e-06  1.96890371e-06  1.96890371e-06  1.79990285e+00 
 1.96910371e-06  1.96910371e-06  1.96910371e-06  1.79990284e+00 
 1.96930371e-06  1.96930371e-06  1.96930371e-06  1.79990285e+00 
 1.96950371e-06  1.96950371e-06  1.96950371e-06  1.79990284e+00 
 1.96970371e-06  1.96970371e-06  1.96970371e-06  1.79990285e+00 
 1.96990371e-06  1.96990371e-06  1.96990371e-06  1.79990284e+00 
 1.97010371e-06  1.97010371e-06  1.97010371e-06  1.79990285e+00 
 1.97030371e-06  1.97030371e-06  1.97030371e-06  1.79990284e+00 
 1.97050371e-06  1.97050371e-06  1.97050371e-06  1.79990285e+00 
 1.97070371e-06  1.97070371e-06  1.97070371e-06  1.79990284e+00 
 1.97090371e-06  1.97090371e-06  1.97090371e-06  1.79990285e+00 
 1.97110371e-06  1.97110371e-06  1.97110371e-06  1.79990284e+00 
 1.97130371e-06  1.97130371e-06  1.97130371e-06  1.79990285e+00 
 1.97150371e-06  1.97150371e-06  1.97150371e-06  1.79990284e+00 
 1.97170371e-06  1.97170371e-06  1.97170371e-06  1.79990285e+00 
 1.97190371e-06  1.97190371e-06  1.97190371e-06  1.79990284e+00 
 1.97210371e-06  1.97210371e-06  1.97210371e-06  1.79990285e+00 
 1.97230371e-06  1.97230371e-06  1.97230371e-06  1.79990284e+00 
 1.97250371e-06  1.97250371e-06  1.97250371e-06  1.79990285e+00 
 1.97270371e-06  1.97270371e-06  1.97270371e-06  1.79990284e+00 
 1.97290371e-06  1.97290371e-06  1.97290371e-06  1.79990285e+00 
 1.97310371e-06  1.97310371e-06  1.97310371e-06  1.79990284e+00 
 1.97330371e-06  1.97330371e-06  1.97330371e-06  1.79990285e+00 
 1.97350371e-06  1.97350371e-06  1.97350371e-06  1.79990284e+00 
 1.97370371e-06  1.97370371e-06  1.97370371e-06  1.79990285e+00 
 1.97390371e-06  1.97390371e-06  1.97390371e-06  1.79990284e+00 
 1.97410371e-06  1.97410371e-06  1.97410371e-06  1.79990285e+00 
 1.97430371e-06  1.97430371e-06  1.97430371e-06  1.79990284e+00 
 1.97450371e-06  1.97450371e-06  1.97450371e-06  1.79990285e+00 
 1.97470371e-06  1.97470371e-06  1.97470371e-06  1.79990284e+00 
 1.97490371e-06  1.97490371e-06  1.97490371e-06  1.79990285e+00 
 1.97510371e-06  1.97510371e-06  1.97510371e-06  1.79990284e+00 
 1.97530371e-06  1.97530371e-06  1.97530371e-06  1.79990285e+00 
 1.97550371e-06  1.97550371e-06  1.97550371e-06  1.79990284e+00 
 1.97570371e-06  1.97570371e-06  1.97570371e-06  1.79990285e+00 
 1.97590371e-06  1.97590371e-06  1.97590371e-06  1.79990284e+00 
 1.97610371e-06  1.97610371e-06  1.97610371e-06  1.79990285e+00 
 1.97630371e-06  1.97630371e-06  1.97630371e-06  1.79990284e+00 
 1.97650371e-06  1.97650371e-06  1.97650371e-06  1.79990285e+00 
 1.97670371e-06  1.97670371e-06  1.97670371e-06  1.79990284e+00 
 1.97690371e-06  1.97690371e-06  1.97690371e-06  1.79990285e+00 
 1.97710371e-06  1.97710371e-06  1.97710371e-06  1.79990284e+00 
 1.97730371e-06  1.97730371e-06  1.97730371e-06  1.79990285e+00 
 1.97750371e-06  1.97750371e-06  1.97750371e-06  1.79990284e+00 
 1.97770371e-06  1.97770371e-06  1.97770371e-06  1.79990285e+00 
 1.97790371e-06  1.97790371e-06  1.97790371e-06  1.79990284e+00 
 1.97810371e-06  1.97810371e-06  1.97810371e-06  1.79990285e+00 
 1.97830371e-06  1.97830371e-06  1.97830371e-06  1.79990284e+00 
 1.97850371e-06  1.97850371e-06  1.97850371e-06  1.79990285e+00 
 1.97870371e-06  1.97870371e-06  1.97870371e-06  1.79990284e+00 
 1.97890371e-06  1.97890371e-06  1.97890371e-06  1.79990285e+00 
 1.97910371e-06  1.97910371e-06  1.97910371e-06  1.79990284e+00 
 1.97930371e-06  1.97930371e-06  1.97930371e-06  1.79990285e+00 
 1.97950371e-06  1.97950371e-06  1.97950371e-06  1.79990284e+00 
 1.97970371e-06  1.97970371e-06  1.97970371e-06  1.79990285e+00 
 1.97990371e-06  1.97990371e-06  1.97990371e-06  1.79990284e+00 
 1.98010371e-06  1.98010371e-06  1.98010371e-06  1.79990285e+00 
 1.98030371e-06  1.98030371e-06  1.98030371e-06  1.79990284e+00 
 1.98050371e-06  1.98050371e-06  1.98050371e-06  1.79990285e+00 
 1.98070371e-06  1.98070371e-06  1.98070371e-06  1.79990284e+00 
 1.98090371e-06  1.98090371e-06  1.98090371e-06  1.79990285e+00 
 1.98110371e-06  1.98110371e-06  1.98110371e-06  1.79990284e+00 
 1.98130371e-06  1.98130371e-06  1.98130371e-06  1.79990285e+00 
 1.98150371e-06  1.98150371e-06  1.98150371e-06  1.79990284e+00 
 1.98170371e-06  1.98170371e-06  1.98170371e-06  1.79990285e+00 
 1.98190371e-06  1.98190371e-06  1.98190371e-06  1.79990284e+00 
 1.98210371e-06  1.98210371e-06  1.98210371e-06  1.79990285e+00 
 1.98230371e-06  1.98230371e-06  1.98230371e-06  1.79990284e+00 
 1.98250371e-06  1.98250371e-06  1.98250371e-06  1.79990285e+00 
 1.98270371e-06  1.98270371e-06  1.98270371e-06  1.79990284e+00 
 1.98290371e-06  1.98290371e-06  1.98290371e-06  1.79990285e+00 
 1.98310371e-06  1.98310371e-06  1.98310371e-06  1.79990284e+00 
 1.98330371e-06  1.98330371e-06  1.98330371e-06  1.79990285e+00 
 1.98350371e-06  1.98350371e-06  1.98350371e-06  1.79990284e+00 
 1.98370371e-06  1.98370371e-06  1.98370371e-06  1.79990285e+00 
 1.98390371e-06  1.98390371e-06  1.98390371e-06  1.79990284e+00 
 1.98410371e-06  1.98410371e-06  1.98410371e-06  1.79990285e+00 
 1.98430371e-06  1.98430371e-06  1.98430371e-06  1.79990284e+00 
 1.98450371e-06  1.98450371e-06  1.98450371e-06  1.79990285e+00 
 1.98470371e-06  1.98470371e-06  1.98470371e-06  1.79990284e+00 
 1.98490371e-06  1.98490371e-06  1.98490371e-06  1.79990285e+00 
 1.98510371e-06  1.98510371e-06  1.98510371e-06  1.79990284e+00 
 1.98530371e-06  1.98530371e-06  1.98530371e-06  1.79990285e+00 
 1.98550371e-06  1.98550371e-06  1.98550371e-06  1.79990284e+00 
 1.98570371e-06  1.98570371e-06  1.98570371e-06  1.79990285e+00 
 1.98590371e-06  1.98590371e-06  1.98590371e-06  1.79990284e+00 
 1.98610371e-06  1.98610371e-06  1.98610371e-06  1.79990285e+00 
 1.98630371e-06  1.98630371e-06  1.98630371e-06  1.79990284e+00 
 1.98650371e-06  1.98650371e-06  1.98650371e-06  1.79990285e+00 
 1.98670371e-06  1.98670371e-06  1.98670371e-06  1.79990284e+00 
 1.98690371e-06  1.98690371e-06  1.98690371e-06  1.79990285e+00 
 1.98710371e-06  1.98710371e-06  1.98710371e-06  1.79990284e+00 
 1.98730371e-06  1.98730371e-06  1.98730371e-06  1.79990285e+00 
 1.98750371e-06  1.98750371e-06  1.98750371e-06  1.79990284e+00 
 1.98770371e-06  1.98770371e-06  1.98770371e-06  1.79990285e+00 
 1.98790371e-06  1.98790371e-06  1.98790371e-06  1.79990284e+00 
 1.98810371e-06  1.98810371e-06  1.98810371e-06  1.79990285e+00 
 1.98830371e-06  1.98830371e-06  1.98830371e-06  1.79990284e+00 
 1.98850371e-06  1.98850371e-06  1.98850371e-06  1.79990285e+00 
 1.98870371e-06  1.98870371e-06  1.98870371e-06  1.79990284e+00 
 1.98890371e-06  1.98890371e-06  1.98890371e-06  1.79990285e+00 
 1.98910371e-06  1.98910371e-06  1.98910371e-06  1.79990284e+00 
 1.98930371e-06  1.98930371e-06  1.98930371e-06  1.79990285e+00 
 1.98950371e-06  1.98950371e-06  1.98950371e-06  1.79990284e+00 
 1.98970371e-06  1.98970371e-06  1.98970371e-06  1.79990285e+00 
 1.98990371e-06  1.98990371e-06  1.98990371e-06  1.79990284e+00 
 1.99010371e-06  1.99010371e-06  1.99010371e-06  1.79990285e+00 
 1.99030371e-06  1.99030371e-06  1.99030371e-06  1.79990284e+00 
 1.99050371e-06  1.99050371e-06  1.99050371e-06  1.79990285e+00 
 1.99070371e-06  1.99070371e-06  1.99070371e-06  1.79990284e+00 
 1.99090371e-06  1.99090371e-06  1.99090371e-06  1.79990285e+00 
 1.99110371e-06  1.99110371e-06  1.99110371e-06  1.79990284e+00 
 1.99130371e-06  1.99130371e-06  1.99130371e-06  1.79990285e+00 
 1.99150371e-06  1.99150371e-06  1.99150371e-06  1.79990284e+00 
 1.99170371e-06  1.99170371e-06  1.99170371e-06  1.79990285e+00 
 1.99190371e-06  1.99190371e-06  1.99190371e-06  1.79990284e+00 
 1.99210371e-06  1.99210371e-06  1.99210371e-06  1.79990285e+00 
 1.99230371e-06  1.99230371e-06  1.99230371e-06  1.79990284e+00 
 1.99250371e-06  1.99250371e-06  1.99250371e-06  1.79990285e+00 
 1.99270371e-06  1.99270371e-06  1.99270371e-06  1.79990284e+00 
 1.99290371e-06  1.99290371e-06  1.99290371e-06  1.79990285e+00 
 1.99310371e-06  1.99310371e-06  1.99310371e-06  1.79990284e+00 
 1.99330371e-06  1.99330371e-06  1.99330371e-06  1.79990285e+00 
 1.99350371e-06  1.99350371e-06  1.99350371e-06  1.79990284e+00 
 1.99370371e-06  1.99370371e-06  1.99370371e-06  1.79990285e+00 
 1.99390371e-06  1.99390371e-06  1.99390371e-06  1.79990284e+00 
 1.99410371e-06  1.99410371e-06  1.99410371e-06  1.79990285e+00 
 1.99430371e-06  1.99430371e-06  1.99430371e-06  1.79990284e+00 
 1.99450371e-06  1.99450371e-06  1.99450371e-06  1.79990285e+00 
 1.99470371e-06  1.99470371e-06  1.99470371e-06  1.79990284e+00 
 1.99490371e-06  1.99490371e-06  1.99490371e-06  1.79990285e+00 
 1.99510371e-06  1.99510371e-06  1.99510371e-06  1.79990284e+00 
 1.99530371e-06  1.99530371e-06  1.99530371e-06  1.79990285e+00 
 1.99550371e-06  1.99550371e-06  1.99550371e-06  1.79990284e+00 
 1.99570371e-06  1.99570371e-06  1.99570371e-06  1.79990285e+00 
 1.99590371e-06  1.99590371e-06  1.99590371e-06  1.79990284e+00 
 1.99610371e-06  1.99610371e-06  1.99610371e-06  1.79990285e+00 
 1.99630371e-06  1.99630371e-06  1.99630371e-06  1.79990284e+00 
 1.99650371e-06  1.99650371e-06  1.99650371e-06  1.79990285e+00 
 1.99670371e-06  1.99670371e-06  1.99670371e-06  1.79990284e+00 
 1.99690371e-06  1.99690371e-06  1.99690371e-06  1.79990285e+00 
 1.99710371e-06  1.99710371e-06  1.99710371e-06  1.79990284e+00 
 1.99730371e-06  1.99730371e-06  1.99730371e-06  1.79990285e+00 
 1.99750371e-06  1.99750371e-06  1.99750371e-06  1.79990284e+00 
 1.99770371e-06  1.99770371e-06  1.99770371e-06  1.79990285e+00 
 1.99790371e-06  1.99790371e-06  1.99790371e-06  1.79990284e+00 
 1.99810371e-06  1.99810371e-06  1.99810371e-06  1.79990285e+00 
 1.99830371e-06  1.99830371e-06  1.99830371e-06  1.79990284e+00 
 1.99850371e-06  1.99850371e-06  1.99850371e-06  1.79990285e+00 
 1.99870371e-06  1.99870371e-06  1.99870371e-06  1.79990284e+00 
 1.99890371e-06  1.99890371e-06  1.99890371e-06  1.79990285e+00 
 1.99910371e-06  1.99910371e-06  1.99910371e-06  1.79990284e+00 
 1.99930371e-06  1.99930371e-06  1.99930371e-06  1.79990285e+00 
 1.99950371e-06  1.99950371e-06  1.99950371e-06  1.79990284e+00 
 1.99970371e-06  1.99970371e-06  1.99970371e-06  1.79990285e+00 
 1.99990371e-06  1.99990371e-06  1.99990371e-06  1.79990284e+00 
 2.00000000e-06  2.00000000e-06  2.00000000e-06  1.79990285e+00 
